brand_catalog,supplier_id,supplier_name,srm,sku,class_name,marketing_category,discount_pct,non_promo_avg,loyalty_avg,lift_pct,incremental_sales,active_on_event,positive_lift
Wayfair US,25843,"Bedshe International Co.,LTD",Rainbow Wu,BDUR1474,Bedding Sets,Bedding,0.295,3726.55,2363.85,-0.3657,-1362.7000000000003,True,False
Wayfair US,32808,CAN_Cathay Home Inc.,Paige Beattie,WFBS1741,Sheets & Pillowcases,Bedding,0.4,3498.69,3307.75,-0.0546,-190.94000000000005,True,False
Wayfair US,25843,"Bedshe International Co.,LTD",Rainbow Wu,BDUR1247,Bedding Sets,Bedding,0.44,2225.23,2463.15,0.1069,237.92000000000007,True,True
Wayfair US,25843,"Bedshe International Co.,LTD",Rainbow Wu,BDUR1691,Bedding Sets,Bedding,0.3,1446.28,1687.18,0.1666,240.9000000000001,True,True
Wayfair US,25843,"Bedshe International Co.,LTD",Rainbow Wu,BDUR1377,Bedding Sets,Bedding,0.15,1255.62,1092.75,-0.1297,-162.8699999999999,True,False
Wayfair US,19319,I Enjoy Bedding Company,Madison Carvalho,JLYI1252,Bedding Sets,Bedding,0.2,1103.41,1107.32,0.0034999999999999996,3.9099999999998545,True,True
Wayfair US,1748,Revman International,Missy Paragamian,NAL1994,Sheets & Pillowcases,Bedding,0.1725,1078.43,1217.62,0.1291,139.18999999999983,True,True
Wayfair US,25843,"Bedshe International Co.,LTD",Rainbow Wu,BDUR1383,Bedding Sets,Bedding,0.15,1011.15,887.2,-0.1226,-123.94999999999993,True,False
Wayfair US,25843,"Bedshe International Co.,LTD",Rainbow Wu,BDUR1646,Sheets & Pillowcases,Bedding,0.15,980.46,1484.47,0.5141,504.01,True,True
Wayfair US,24696,Daniel Linen/Home Sweet Home Dreams Inc.,Supplier Service Desk,ANDV3018,Sheets & Pillowcases,Bedding,0.02,977.81,830.93,-0.1502,-146.88,True,False
Wayfair US,231356,"SHENZHENMENGMI TEXTILE CO.,LTD",lance Zhou,SEDZ1026,Bedding Sets,Bedding,0.2,957.9,1106.28,0.1549,148.38,True,True
Wayfair US,25843,"Bedshe International Co.,LTD",Rainbow Wu,BDUR2441,Bedding Sets,Bedding,0.15,820.42,1015.99,0.2384,195.57000000000005,True,True
Wayfair US,1987,JLA Home,Missy Paragamian,NCWB1200,Bedding Sets,Bedding,0.07,747.27,667.45,-0.10679999999999999,-79.81999999999994,True,False
Wayfair US,1748,Revman International,Missy Paragamian,MBVB1497,Bedding Sets,Bedding,0.3118,726.47,630.93,-0.1315,-95.54000000000008,True,False
Wayfair US,291,Surya,Alex Melius,WLRO1509,Accent Pillows,Bedding,0.1,696.95,1027.01,0.4736,330.05999999999995,True,True
Wayfair US,25843,"Bedshe International Co.,LTD",Rainbow Wu,BDUR1254,Blankets And Throws,Bedding,0.05,693.72,1014.17,0.4619,320.44999999999993,True,True
Wayfair US,25843,"Bedshe International Co.,LTD",Rainbow Wu,BDUR1473,Bedding Sets,Bedding,0.13,684.97,925.5,0.35119999999999996,240.52999999999997,True,True
Wayfair US,19319,I Enjoy Bedding Company,Madison Carvalho,ANDV5673,Sheets & Pillowcases,Bedding,0.2,672.31,575.77,-0.1436,-96.53999999999996,True,False
Wayfair US,25843,"Bedshe International Co.,LTD",Rainbow Wu,BDUR1128,Bedding Sets,Bedding,0.5,638.62,855.31,0.3393,216.68999999999994,True,True
Wayfair US,291,Surya,Alex Melius,YA85258,Accent Pillows,Bedding,0.1,574.01,842.79,0.4682,268.78,True,True
Wayfair US,1987,JLA Home,Missy Paragamian,TCKF1568,Blankets And Throws,Bedding,0.02,572.46,400.88,-0.29969999999999997,-171.58000000000004,True,False
Wayfair US,231356,"SHENZHENMENGMI TEXTILE CO.,LTD",lance Zhou,SEDZ1090,Bedding Sets,Bedding,0.2,567.79,713.7,0.257,145.91000000000008,True,True
Wayfair US,25843,"Bedshe International Co.,LTD",Rainbow Wu,BDUR1619,Blankets And Throws,Bedding,0.05,558.86,364.9,-0.3471,-193.96000000000004,True,False
Wayfair US,25843,"Bedshe International Co.,LTD",Rainbow Wu,BDUR1420,Blankets And Throws,Bedding,0.15,546.22,531.16,-0.0276,-15.06000000000006,True,False
Wayfair US,282391,Homechoice International Group,Rainbow Wu,HCIG1579,Accent Pillows,Bedding,0.25,536.8,338.15,-0.3701,-198.64999999999998,True,False
Wayfair US,19319,I Enjoy Bedding Company,Madison Carvalho,JLYI1200,Bedding Sets,Bedding,0.2,535.72,583.11,0.08839999999999999,47.389999999999986,True,True
Wayfair US,7224,Greendale Home Fashions,Kate Schryver,MITN4411,Accent Pillows,Bedding,0.05,529.15,496.65,-0.061399999999999996,-32.5,True,False
Wayfair US,1987,JLA Home,Missy Paragamian,ANDV5108,Bedding Sets,Bedding,0.1,525.87,235.43,-0.5523,-290.44,True,False
Wayfair US,241908,"NANTONG WELL TEXTILE SCIENCE AND TECHNOLOGY CO., LTD",Jessica Gu,HNRE1002,Bedding Sets,Bedding,0.1,519.98,392.61,-0.245,-127.37,True,False
Wayfair US,25843,"Bedshe International Co.,LTD",Rainbow Wu,BDUR1424,Blankets And Throws,Bedding,0.15,507.26,466.64,-0.0801,-40.620000000000005,True,False
Wayfair US,25843,"Bedshe International Co.,LTD",Rainbow Wu,BDUR1712,Bedding Sets,Bedding,0.4777,502.05,358.59,-0.2857,-143.46000000000004,True,False
Wayfair US,21037,JV Textiles,Benjamin Hannigan,RDBA7948,Sheets & Pillowcases,Bedding,0.08,497.84,508.58,0.0216,10.740000000000009,True,True
Wayfair US,282391,Homechoice International Group,Rainbow Wu,HCIG1728,Bedding Sets,Bedding,0.25,492.71,524.69,0.0649,31.980000000000075,True,True
Wayfair US,1748,Revman International,Missy Paragamian,ERB10798,Sheets & Pillowcases,Bedding,0.1164,488.18,727.13,0.48950000000000005,238.95,True,True
Wayfair US,80197,CENTRADE INC.,Jessica Gu,WWMA1006,Accent Pillows,Bedding,0.17,487.94,613.23,0.2568,125.29000000000002,True,True
Wayfair US,1748,Revman International,Missy Paragamian,TBL10947,Sheets & Pillowcases,Bedding,0.1721,487.65,720.36,0.4772,232.71000000000004,True,True
Wayfair US,25843,"Bedshe International Co.,LTD",Rainbow Wu,BDUR1334,Sheets & Pillowcases,Bedding,0.15,478.47,892.21,0.8647,413.74,True,True
Wayfair US,19319,I Enjoy Bedding Company,Madison Carvalho,EDIV1069,Sheets & Pillowcases,Bedding,0.2,460.59,465.2,0.01,4.610000000000014,True,True
Wayfair US,241365,"CGK HOLDINGS, INC.",Jaiden Lawlor,CKAI1015,Sheets & Pillowcases,Bedding,0.2,443.63,722.34,0.6283,278.71000000000004,True,True
Wayfair US,25843,"Bedshe International Co.,LTD",Rainbow Wu,BDUR1792,Blankets And Throws,Bedding,0.05,429.62,479.35,0.1157,49.73000000000002,True,True
Wayfair US,228805,IMPERIAL HOMEWARE LONDON LIMITED,Supplier Service Desk,IPCR1113,Bedding Sets,Bedding,0.3,425.67,22.57,-0.9470000000000001,-403.1,True,False
Wayfair US,340024,BNF Home Inc CAN_1,Vivian Peng,TRPT1913,Blankets And Throws,Bedding,0.3,388.36,507.47,0.30670000000000003,119.11000000000001,True,True
Wayfair US,1748,Revman International,Missy Paragamian,MSTT6606,Bedding Sets,Bedding,0.195,386.42,93.29,-0.7585999999999999,-293.13,True,False
Wayfair US,2740,Home City Inc.,Jaiden Lawlor,BRSD3620,Sheets & Pillowcases,Bedding,0.07,383.85,487.51,0.2701,103.65999999999997,True,True
Wayfair US,1987,JLA Home,Missy Paragamian,BDIS1484,Bedding Sets,Bedding,0.15,367.15,148.05,-0.5968,-219.09999999999997,True,False
Wayfair US,25843,"Bedshe International Co.,LTD",Rainbow Wu,BDUR1678,Bedding Sets,Bedding,0.35,365.51,443.97,0.2147,78.46000000000004,True,True
Wayfair US,19319,I Enjoy Bedding Company,Madison Carvalho,SHOH1003,Sheets & Pillowcases,Bedding,0.2,365.44,368.64,0.0088,3.1999999999999886,True,True
Wayfair US,25843,"Bedshe International Co.,LTD",Rainbow Wu,BDUR1720,Bedding Sets,Bedding,0.25,363.94,453.94,0.2473,90.0,True,True
Wayfair US,25843,"Bedshe International Co.,LTD",Rainbow Wu,BDUR1333,Sheets & Pillowcases,Bedding,0.15,360.9,493.2,0.3666,132.3,True,True
Wayfair US,25843,"Bedshe International Co.,LTD",Rainbow Wu,BDUR2833,Blankets And Throws,Bedding,0.35,351.92,443.7,0.2608,91.77999999999997,True,True
Wayfair US,231356,"SHENZHENMENGMI TEXTILE CO.,LTD",lance Zhou,SEDZ1002,Sheets & Pillowcases,Bedding,0.15,350.64,454.28,0.2956,103.63999999999999,True,True
Wayfair US,81366,Aholicdeals Inc,Supplier Service Desk,AOAI1023,Sheets & Pillowcases,Bedding,0.05,337.21,317.89,-0.057300000000000004,-19.319999999999993,True,False
Wayfair US,25843,"Bedshe International Co.,LTD",Rainbow Wu,BDUR1643,Bedding Sets,Bedding,0.5,335.63,237.69,-0.2918,-97.94,True,False
Wayfair US,25843,"Bedshe International Co.,LTD",Rainbow Wu,BDUR1641,Bedding Sets,Bedding,0.15,326.51,394.41,0.20800000000000002,67.90000000000003,True,True
Wayfair US,241365,"CGK HOLDINGS, INC.",Jaiden Lawlor,CKAI1012,Sheets & Pillowcases,Bedding,0.2,325.85,400.4,0.2288,74.54999999999995,True,True
Wayfair US,1987,JLA Home,Missy Paragamian,DRBH4419,Bedding Sets,Bedding,0.12,306.13,341.59,0.1158,35.45999999999998,True,True
Wayfair US,1987,JLA Home,Missy Paragamian,ALTL5504,Bedding Sets,Bedding,0.1,299.71,485.52,0.62,185.81,True,True
Wayfair US,25843,"Bedshe International Co.,LTD",Rainbow Wu,BDUR1435,Blankets And Throws,Bedding,0.05,299.54,309.33,0.0327,9.789999999999964,True,True
Wayfair US,286791,"Boxer Home, LLC dba BOKSER HOME",Benjamin Hannigan,BKIE1030,Sheets & Pillowcases,Bedding,0.2,293.67,88.07,-0.7001000000000001,-205.60000000000002,True,False
Wayfair US,1748,Revman International,Missy Paragamian,NAL1875,Bedding Sets,Bedding,0.185,287.33,450.44,0.5677,163.11,True,True
Wayfair US,58537,Covers And All,Kate Schryver,OALL2490,Accent Pillows,Bedding,0.19,277.73,144.92,-0.4782,-132.81000000000003,True,False
Wayfair US,333115,Topfinel CAN,Vivian Peng,DCNV2260,Accent Pillows,Bedding,0.2,272.91,349.99,0.2825,77.07999999999998,True,True
Wayfair US,25843,"Bedshe International Co.,LTD",Rainbow Wu,BDUR1204,Bedding Sets,Bedding,0.28,265.49,200.32,-0.2455,-65.17000000000002,True,False
Wayfair US,282391,Homechoice International Group,Rainbow Wu,HCIG1479,Accent Pillows,Bedding,0.25,261.75,229.71,-0.12240000000000001,-32.03999999999999,True,False
Wayfair US,19319,I Enjoy Bedding Company,Madison Carvalho,JLYI1169,Blankets And Throws,Bedding,0.2,258.88,272.91,0.0542,14.03000000000003,True,True
Wayfair US,25843,"Bedshe International Co.,LTD",Rainbow Wu,BDUR1196,Bedding Sets,Bedding,0.15,255.62,219.2,-0.1425,-36.420000000000016,True,False
Wayfair US,80197,CENTRADE INC.,Jessica Gu,WWMA1229,Accent Pillows,Bedding,0.17,253.38,301.26,0.18899999999999997,47.879999999999995,True,True
Wayfair US,1987,JLA Home,Missy Paragamian,NGIN1145,Bedding Sets,Bedding,0.15,249.76,299.94,0.2009,50.18000000000001,True,True
Wayfair US,58537,Covers And All,Kate Schryver,OALL3147,Accent Pillows,Bedding,0.1,247.08,412.46,0.6693000000000001,165.37999999999997,True,True
Wayfair US,348155,"Suzhou Niuyu Electronic Technology Co., LTD_1",Asia Supplier Service Desk,DNEU1010,Bedding Sets,Bedding,0.1,240.71,160.38,-0.3337,-80.33000000000001,True,False
Wayfair US,25843,"Bedshe International Co.,LTD",Rainbow Wu,BDUR1433,Blankets And Throws,Bedding,0.1,239.41,154.43,-0.355,-84.97999999999999,True,False
Wayfair US,43431,ocean home fashion inc,Asia Supplier Service Desk,MRCL1110,Bedding Sets,Bedding,0.11,238.34,27.32,-0.8854000000000001,-211.02,True,False
Wayfair US,80197,CENTRADE INC.,Jessica Gu,WWMA1109,Accent Pillows,Bedding,0.17,238.32,363.49,0.5252,125.17000000000002,True,True
Wayfair US,2740,Home City Inc.,Jaiden Lawlor,CHMB1504,Sheets & Pillowcases,Bedding,0.07,234.13,168.15,-0.2818,-65.97999999999999,True,False
Wayfair US,1748,Revman International,Missy Paragamian,ERB10909,Bedding Sets,Bedding,0.2531,232.26,159.58,-0.3129,-72.67999999999998,True,False
Wayfair US,1748,Revman International,Missy Paragamian,KBFC2058,Sheets & Pillowcases,Bedding,0.27940000000000004,231.03,244.69,0.0591,13.659999999999997,True,True
Wayfair US,25843,"Bedshe International Co.,LTD",Rainbow Wu,BDUR1880,Bedding Sets,Bedding,0.45770000000000005,230.04,222.48,-0.0329,-7.560000000000002,True,False
Wayfair US,32808,CAN_Cathay Home Inc.,Paige Beattie,WFBS2118,Bedding Sets,Bedding,0.2,229.48,219.6,-0.0431,-9.879999999999995,True,False
Wayfair US,25843,"Bedshe International Co.,LTD",Rainbow Wu,BDUR1728,Bedding Sets,Bedding,0.3,225.69,195.01,-0.1359,-30.680000000000007,True,False
Wayfair US,25843,"Bedshe International Co.,LTD",Rainbow Wu,BDUR1110,Bedding Sets,Bedding,0.27,223.65,390.72,0.747,167.07000000000002,True,True
Wayfair US,25843,"Bedshe International Co.,LTD",Rainbow Wu,BDUR1413,Blankets And Throws,Bedding,0.3,222.41,321.41,0.4451,99.00000000000003,True,True
Wayfair US,25843,"Bedshe International Co.,LTD",Rainbow Wu,BDUR1384,Bedding Sets,Bedding,0.15,221.97,458.97,1.0676999999999999,237.00000000000003,True,True
Wayfair US,24613,Puredown,Sylvia Ding,MACE1050,Bedding Sets,Bedding,0.1,218.8,175.81,-0.19649999999999998,-42.99000000000001,True,False
Wayfair US,25843,"Bedshe International Co.,LTD",Rainbow Wu,BDUR1244,Bedding Sets,Bedding,0.37,218.8,243.0,0.1106,24.19999999999999,True,True
Wayfair US,25843,"Bedshe International Co.,LTD",Rainbow Wu,BDUR3137,Bedding Sets,Bedding,0.32,215.5,144.87,-0.32770000000000005,-70.63,True,False
Wayfair US,25843,"Bedshe International Co.,LTD",Rainbow Wu,BDUR1253,Bedding Sets,Bedding,0.4,215.48,100.5,-0.5336,-114.97999999999999,True,False
Wayfair US,80197,CENTRADE INC.,Jessica Gu,WWMA1004,Accent Pillows,Bedding,0.17,212.83,274.35,0.2891,61.52000000000001,True,True
Wayfair US,1748,Revman International,Missy Paragamian,TBL10404,Bedding Sets,Bedding,0.33,212.53,73.33,-0.6548999999999999,-139.2,True,False
Wayfair US,25843,"Bedshe International Co.,LTD",Rainbow Wu,BDUR1491,Bedding Sets,Bedding,0.32,211.54,258.22,0.2207,46.680000000000035,True,True
Wayfair US,1748,Revman International,Missy Paragamian,ERB1771,Bedding Sets,Bedding,0.1366,209.09,288.68,0.3807,79.59,True,True
Wayfair US,1748,Revman International,Missy Paragamian,MBVB1113,Bedding Sets,Bedding,0.2839,204.03,94.89,-0.5349,-109.14,True,False
Wayfair US,25843,"Bedshe International Co.,LTD",Rainbow Wu,BDUR1165,Bedding Sets,Bedding,0.06,203.17,135.04,-0.3353,-68.13,True,False
Wayfair US,1987,JLA Home,Missy Paragamian,SEHO8030,Bedding Sets,Bedding,0.15,203.16,128.84,-0.36579999999999996,-74.32,True,False
Wayfair US,17102,Trade-Linker,Jaiden Lawlor,CHMB2443,Sheets & Pillowcases,Bedding,0.1,201.64,308.63,0.5306000000000001,106.99000000000001,True,True
Wayfair US,282391,Homechoice International Group,Rainbow Wu,ENDG2679,Bedding Sets,Bedding,0.25,199.93,245.82,0.2296,45.889999999999986,True,True
Wayfair US,291,Surya,Alex Melius,YA83845,Accent Pillows,Bedding,0.1,197.04,137.01,-0.30469999999999997,-60.03,True,False
Wayfair US,1748,Revman International,Missy Paragamian,QO10370,Sheets & Pillowcases,Bedding,0.1,193.49,156.82,-0.1895,-36.670000000000016,True,False
Wayfair US,37327,Instyle Products Corp,Rikki Sartor,KBST1112,Accent Pillows,Bedding,0.24,192.68,152.06,-0.2108,-40.620000000000005,True,False
Wayfair US,19319,I Enjoy Bedding Company,Madison Carvalho,BCCY1018,Bedding Sets,Bedding,0.2,192.03,137.0,-0.2866,-55.03,True,False
Wayfair US,286791,"Boxer Home, LLC dba BOKSER HOME",Benjamin Hannigan,BKIE1027,Bedding Sets,Bedding,0.2,189.81,331.52,0.7465999999999999,141.70999999999998,True,True
Wayfair US,1748,Revman International,Missy Paragamian,LAH1089,Bedding Sets,Bedding,0.3002,188.56,210.99,0.11900000000000001,22.430000000000007,True,True
Wayfair US,231356,"SHENZHENMENGMI TEXTILE CO.,LTD",lance Zhou,SEDZ1236,Bedding Sets,Bedding,0.15,188.54,180.39,-0.0432,-8.150000000000006,True,False
Wayfair US,1748,Revman International,Missy Paragamian,KCN10138,Bedding Sets,Bedding,0.2378,186.47,161.71,-0.1328,-24.75999999999999,True,False
Wayfair US,241365,"CGK HOLDINGS, INC.",Jaiden Lawlor,CKAI1005,Bed Skirts,Bedding,0.2,185.83,154.28,-0.1698,-31.55000000000001,True,False
Wayfair US,352358,"Shenzhen Eden Grove Decoration Co., LTD",Asia Supplier Service Desk,EENK1000,Accent Pillows,Bedding,0.18,183.57,352.41,0.9198000000000001,168.84000000000003,True,True
Wayfair US,25843,"Bedshe International Co.,LTD",Rainbow Wu,BDUR1205,Bedding Sets,Bedding,0.5,183.19,132.2,-0.2783,-50.99000000000001,True,False
Wayfair US,16941,Sunham Home Fashions,Benjamin Hannigan,LCST1051,Sheets & Pillowcases,Bedding,0.06,183.0,48.05,-0.7373999999999999,-134.95,True,False
Wayfair US,63138,"Changshu Youthsky Import Export Co.,Ltd",Jessica Gu,SEPL1001,Bedding Sets,Bedding,0.05,182.19,256.37,0.4072,74.18,True,True
Wayfair US,22724,Home Choice International,Rainbow Wu,HCIG1811,Accent Pillows,Bedding,0.1,180.82,153.48,-0.1512,-27.340000000000003,True,False
Wayfair US,1987,JLA Home,Missy Paragamian,RBSD4978,Bedding Sets,Bedding,0.02,179.67,65.12,-0.6375,-114.54999999999998,True,False
Wayfair US,25843,"Bedshe International Co.,LTD",Rainbow Wu,BDUR1481,Bedding Sets,Bedding,0.21,179.43,250.48,0.396,71.04999999999998,True,True
Wayfair US,19319,I Enjoy Bedding Company,Madison Carvalho,JLYI1279,Bedding Sets,Bedding,0.2,178.75,169.56,-0.051399999999999994,-9.189999999999998,True,False
Wayfair US,1987,JLA Home,Missy Paragamian,EDIV1004,Blankets And Throws,Bedding,0.02,178.53,208.5,0.1678,29.97,True,True
Wayfair US,1987,JLA Home,Missy Paragamian,CHMB2542,Bedding Sets,Bedding,0.1,176.56,275.0,0.5576,98.44,True,True
Wayfair US,2740,Home City Inc.,Jaiden Lawlor,DBYC4521,Sheets & Pillowcases,Bedding,0.07,176.2,272.35,0.5457,96.15000000000003,True,True
Wayfair US,1748,Revman International,Missy Paragamian,MBVB1697,Bedding Sets,Bedding,0.2545,174.08,77.71,-0.5536,-96.37000000000002,True,False
Wayfair US,25843,"Bedshe International Co.,LTD",Rainbow Wu,BDUR2646,Blankets And Throws,Bedding,0.05,170.79,105.31,-0.3834,-65.47999999999999,True,False
Wayfair US,1748,Revman International,Missy Paragamian,TBB1655,Bedding Sets,Bedding,0.2486,168.97,487.75,1.8866,318.78,True,True
Wayfair US,25843,"Bedshe International Co.,LTD",Rainbow Wu,BDUR1464,Blankets And Throws,Bedding,0.25,167.85,209.46,0.24789999999999998,41.610000000000014,True,True
Wayfair US,1987,JLA Home,Missy Paragamian,LFMF5145,Bedding Sets,Bedding,0.12,167.15,319.34,0.9104000000000001,152.18999999999997,True,True
Wayfair US,1748,Revman International,Missy Paragamian,ERB10504,Bedding Sets,Bedding,0.3515,164.94,183.61,0.11320000000000001,18.670000000000016,True,True
Wayfair US,21028,EasyWay,Kate Schryver,SSET1492,Accent Pillows,Bedding,0.1,164.48,31.89,-0.8061,-132.58999999999997,True,False
Wayfair US,19371,Better Trends,Jaiden Lawlor,AAMM2045,Bedding Sets,Bedding,0.1,163.95,105.09,-0.359,-58.859999999999985,True,False
Wayfair US,1987,JLA Home,Missy Paragamian,NCWA2547,Sheets & Pillowcases,Bedding,0.02,162.93,225.2,0.3822,62.26999999999998,True,True
Wayfair US,1748,Revman International,Missy Paragamian,POFR1110,Sheets & Pillowcases,Bedding,0.08800000000000001,161.68,185.54,0.1476,23.859999999999985,True,True
Wayfair US,53071,CAN_Textile Nest,Sylvia Ding,MACE1154,Blankets And Throws,Bedding,0.1,160.88,224.51,0.39549999999999996,63.629999999999995,True,True
Wayfair US,1987,JLA Home,Missy Paragamian,RDBS6987,Bedding Sets,Bedding,0.02,160.77,134.99,-0.1604,-25.78,True,False
Wayfair US,1748,Revman International,Missy Paragamian,ERB10535,Blankets And Throws,Bedding,0.34380000000000005,159.7,121.24,-0.2408,-38.459999999999994,True,False
Wayfair US,333115,Topfinel CAN,Vivian Peng,TPFI1148,Accent Pillows,Bedding,0.3,159.07,144.17,-0.09369999999999999,-14.900000000000006,True,False
Wayfair US,291,Surya,Alex Melius,YA63692,Accent Pillows,Bedding,0.1,158.33,84.05,-0.46909999999999996,-74.28000000000002,True,False
Wayfair US,1987,JLA Home,Missy Paragamian,ALCT8589,Bedding Sets,Bedding,0.12,158.14,213.15,0.3479,55.01000000000002,True,True
Wayfair US,1987,JLA Home,Missy Paragamian,NCWB1118,Bedding Sets,Bedding,0.15,156.14,102.17,-0.3457,-53.969999999999985,True,False
Wayfair US,7224,Greendale Home Fashions,Kate Schryver,ANDV3068,Accent Pillows,Bedding,0.05,155.95,123.83,-0.20600000000000002,-32.11999999999999,True,False
Wayfair US,1748,Revman International,Missy Paragamian,MBVB1802,Bedding Sets,Bedding,0.2192,154.83,99.75,-0.3557,-55.08000000000001,True,False
Wayfair US,1987,JLA Home,Missy Paragamian,NCWA2724,Bedding Sets,Bedding,0.02,152.78,265.06,0.7349,112.28,True,True
Wayfair US,80197,CENTRADE INC.,Jessica Gu,WWMA1133,Accent Pillows,Bedding,0.17,150.85,362.32,1.4018000000000002,211.47,True,True
Wayfair US,76232,Kindred Home,Supplier Service Desk,GSTL1063,Blankets And Throws,Bedding,0.2857,150.26,157.17,0.046,6.909999999999997,True,True
Wayfair US,1748,Revman International,Missy Paragamian,MKK10091,Bedding Sets,Bedding,0.2,149.1,0.0,-1.0,-149.1,False,False
Wayfair US,25843,"Bedshe International Co.,LTD",Rainbow Wu,BDUR1996,Sheets & Pillowcases,Bedding,0.15,148.55,214.54,0.44420000000000004,65.98999999999998,True,True
Wayfair US,35160,Lava Garden Inc.,Supplier Service Desk,ACRY2798,Accent Pillows,Bedding,0.1,147.99,167.5,0.1318,19.50999999999999,True,True
Wayfair US,1987,JLA Home,Missy Paragamian,SEHO8031,Bedding Sets,Bedding,0.12,146.45,91.82,-0.373,-54.629999999999995,True,False
Wayfair US,19319,I Enjoy Bedding Company,Madison Carvalho,SHOH1002,Sheets & Pillowcases,Bedding,0.2,146.38,109.55,-0.2516,-36.83,True,False
Wayfair US,19319,I Enjoy Bedding Company,Madison Carvalho,BCCY1051,Sheets & Pillowcases,Bedding,0.2,145.14,166.54,0.1475,21.400000000000006,True,True
Wayfair US,32808,CAN_Cathay Home Inc.,Paige Beattie,DRVU1120,Bedding Sets,Bedding,0.2,144.94,116.06,-0.1993,-28.879999999999995,True,False
Wayfair US,1987,JLA Home,Missy Paragamian,WDMG1178,Bedding Sets,Bedding,0.02,143.22,50.84,-0.645,-92.38,True,False
Wayfair US,59132,South Point Home Fashions Inc.,Jessica Gu,SLPE1178,Accent Pillows,Bedding,0.15,142.94,0.0,-1.0,-142.94,False,False
Wayfair US,25843,"Bedshe International Co.,LTD",Rainbow Wu,BDUR1645,Bedding Sets,Bedding,0.15,142.72,202.54,0.4191,59.81999999999999,True,True
Wayfair US,1748,Revman International,Missy Paragamian,ERB10691,Sheets & Pillowcases,Bedding,0.2848,142.39,58.46,-0.5893999999999999,-83.92999999999998,True,False
Wayfair US,25843,"Bedshe International Co.,LTD",Rainbow Wu,BDUR1186,Bedding Sets,Bedding,0.2,141.0,106.06,-0.24780000000000002,-34.94,True,False
Wayfair US,1748,Revman International,Missy Paragamian,ERB10876,Bedding Sets,Bedding,0.2253,140.63,114.04,-0.18899999999999997,-26.58999999999999,True,False
Wayfair US,1987,JLA Home,Missy Paragamian,BADI1248,Bedding Sets,Bedding,0.05,140.57,167.54,0.19190000000000002,26.97,True,True
Wayfair US,24696,Daniel Linen/Home Sweet Home Dreams Inc.,Supplier Service Desk,RCLF2356,Sheets & Pillowcases,Bedding,0.02,140.16,268.52,0.9158,128.35999999999999,True,True
Wayfair US,1987,JLA Home,Missy Paragamian,ALTL5503,Bedding Sets,Bedding,0.1,139.47,91.57,-0.3435,-47.900000000000006,True,False
Wayfair US,58537,Covers And All,Kate Schryver,OALL3006,Accent Pillows,Bedding,0.15,138.25,10.01,-0.9276000000000001,-128.24,True,False
Wayfair US,25843,"Bedshe International Co.,LTD",Rainbow Wu,BDUR1136,Bedding Sets,Bedding,0.1,138.05,109.41,-0.20739999999999997,-28.640000000000015,True,False
Wayfair US,1987,JLA Home,Missy Paragamian,CKSC1004,Bedding Sets,Bedding,0.15,133.6,139.98,0.0478,6.3799999999999955,True,True
Wayfair US,25843,"Bedshe International Co.,LTD",Rainbow Wu,BDUR1395,Bedding Sets,Bedding,0.15,133.19,108.12,-0.1882,-25.069999999999993,True,False
Wayfair US,21028,EasyWay,Kate Schryver,SSET1805,Accent Pillows,Bedding,0.1,132.44,83.13,-0.3724,-49.31,True,False
Wayfair US,1748,Revman International,Missy Paragamian,TBL10356,Bedding Sets,Bedding,0.1442,131.67,55.24,-0.5805,-76.42999999999998,True,False
Wayfair US,19319,I Enjoy Bedding Company,Madison Carvalho,BCCY1071,Bedding Sets,Bedding,0.2,131.66,173.75,0.3196,42.09,True,True
Wayfair US,1748,Revman International,Missy Paragamian,MSTT6519,Sheets & Pillowcases,Bedding,0.1321,131.66,98.12,-0.2547,-33.53999999999999,True,False
Wayfair US,1987,JLA Home,Missy Paragamian,ATGD4067,Bedding Sets,Bedding,0.12,131.36,90.28,-0.3127,-41.08000000000001,True,False
Wayfair US,1748,Revman International,Missy Paragamian,ERB10969,Sheets & Pillowcases,Bedding,0.24489999999999998,130.17,135.96,0.044500000000000005,5.7900000000000205,True,True
Wayfair US,1748,Revman International,Missy Paragamian,MBVB1148,Bedding Sets,Bedding,0.18510000000000001,130.02,297.8,1.2904,167.78,True,True
Wayfair US,309776,UNITEMAN TECHNOLOGY (HK) LIMITED,Ricky Yu,XDHO1266,Blankets And Throws,Bedding,0.07,129.54,0.0,-1.0,-129.54,False,False
Wayfair US,1748,Revman International,Missy Paragamian,ERB10950,Bedding Sets,Bedding,0.2915,129.38,176.97,0.3678,47.59,True,True
Wayfair US,67551,"Suzhou lanqinglv Trading co,. ltd",lance Zhou,OELA1511,Bedding Sets,Bedding,0.39909999999999995,128.76,159.74,0.24059999999999998,30.980000000000018,True,True
Wayfair US,63138,"Changshu Youthsky Import Export Co.,Ltd",Jessica Gu,SEPL1000,Bedding Sets,Bedding,0.05,128.74,297.51,1.311,168.76999999999998,True,True
Wayfair US,231459,Fabdivine LLC,Benjamin Hannigan,DBDI1490,Accent Pillows,Bedding,0.19,128.72,37.19,-0.7111,-91.53,True,False
Wayfair US,14580,Amrapur Overseas Inc.,Jaiden Lawlor,WLDM1133,Bedding Sets,Bedding,0.15,128.39,185.98,0.4486,57.59,True,True
Wayfair US,241365,"CGK HOLDINGS, INC.",Jaiden Lawlor,CKAI1008,Sheets & Pillowcases,Bedding,0.2,128.0,235.98,0.8437,107.97999999999999,True,True
Wayfair US,298823,shandongbeilienjiajukejiyouxiangongsi,Jessica Gu,BIII1001,Blankets And Throws,Bedding,0.18,127.39,108.1,-0.1514,-19.290000000000006,True,False
Wayfair US,231356,"SHENZHENMENGMI TEXTILE CO.,LTD",lance Zhou,SEDZ1212,Bedding Sets,Bedding,0.1,127.24,27.72,-0.7820999999999999,-99.52,True,False
Wayfair US,32808,CAN_Cathay Home Inc.,Paige Beattie,WFBS2099,Bedding Sets,Bedding,0.4,125.8,88.38,-0.2974,-37.42,True,False
Wayfair US,25843,"Bedshe International Co.,LTD",Rainbow Wu,BDUR3391,Sheets & Pillowcases,Bedding,0.15,125.49,183.99,0.46619999999999995,58.500000000000014,True,True
Wayfair US,1987,JLA Home,Missy Paragamian,ACOT4687,Bedding Sets,Bedding,0.1,125.09,134.86,0.0781,9.77000000000001,True,True
Wayfair US,1987,JLA Home,Missy Paragamian,ZPCD7415,Bedding Sets,Bedding,0.02,124.14,118.72,-0.0437,-5.420000000000002,True,False
Wayfair US,1987,JLA Home,Missy Paragamian,NCWA2763,Bedding Sets,Bedding,0.1,123.89,78.69,-0.3649,-45.2,True,False
Wayfair US,36405,Colcha Linens,Jaiden Lawlor,CETA2528,Bedding Sets,Bedding,0.2,123.81,0.0,-1.0,-123.81,False,False
Wayfair US,1748,Revman International,Missy Paragamian,MKK1382,Sheets & Pillowcases,Bedding,0.1358,123.71,88.63,-0.2836,-35.08,True,False
Wayfair US,25843,"Bedshe International Co.,LTD",Rainbow Wu,BDUR1263,Bedding Sets,Bedding,0.13,123.67,93.49,-0.244,-30.180000000000007,True,False
Wayfair US,1748,Revman International,Missy Paragamian,ERB10975,Bedding Sets,Bedding,0.18510000000000001,123.51,17.1,-0.8615999999999999,-106.41,True,False
Wayfair US,291,Surya,Alex Melius,LVBS1084,Accent Pillows,Bedding,0.1,123.28,77.44,-0.37189999999999995,-45.84,True,False
Wayfair US,1748,Revman International,Missy Paragamian,ERB10448,Bedding Sets,Bedding,0.2232,122.25,187.69,0.5354,65.44,True,True
Wayfair US,1748,Revman International,Missy Paragamian,MBVB1721,Bedding Sets,Bedding,0.16570000000000001,121.82,187.19,0.5367000000000001,65.37,True,True
Wayfair US,1748,Revman International,Missy Paragamian,KBFC1937,Bedding Sets,Bedding,0.3398,121.13,128.95,0.0646,7.819999999999993,True,True
Wayfair US,1987,JLA Home,Missy Paragamian,ACOT4539,Blankets And Throws,Bedding,0.05,119.83,90.75,-0.2427,-29.08,True,False
Wayfair US,1748,Revman International,Missy Paragamian,VRWG2187,Bedding Sets,Bedding,0.2527,119.66,30.63,-0.7440000000000001,-89.03,True,False
Wayfair US,25843,"Bedshe International Co.,LTD",Rainbow Wu,BDUR1343,Bedding Sets,Bedding,0.25,119.38,65.2,-0.4539,-54.17999999999999,True,False
Wayfair US,286791,"Boxer Home, LLC dba BOKSER HOME",Benjamin Hannigan,BKIE1026,Bedding Sets,Bedding,0.2,119.33,199.68,0.6734,80.35000000000001,True,True
Wayfair US,119490,Bes Home Corp.,Benjamin Hannigan,LLIJ1431,Accent Pillows,Bedding,0.15,119.13,96.55,-0.18960000000000002,-22.58,True,False
Wayfair US,1987,JLA Home,Missy Paragamian,NCWA2136,Blankets And Throws,Bedding,0.02,119.13,72.75,-0.3893,-46.379999999999995,True,False
Wayfair US,1987,JLA Home,Missy Paragamian,NCWA1452,Bedding Sets,Bedding,0.12,118.23,101.18,-0.1442,-17.049999999999997,True,False
Wayfair US,1987,JLA Home,Missy Paragamian,LRFY2571,Bedding Sets,Bedding,0.1,117.79,66.15,-0.4384,-51.64,True,False
Wayfair US,291,Surya,Alex Melius,YA78098,Accent Pillows,Bedding,0.1,117.69,27.83,-0.7635,-89.86,True,False
Wayfair US,1748,Revman International,Missy Paragamian,ERB10776,Bedding Sets,Bedding,0.33270000000000005,117.65,159.1,0.3522,41.44999999999999,True,True
Wayfair US,1987,JLA Home,Missy Paragamian,CHMB2079,Bedding Sets,Bedding,0.1,116.0,80.44,-0.3065,-35.56,True,False
Wayfair US,291,Surya,Alex Melius,BGLS8648,Accent Pillows,Bedding,0.1,115.53,88.5,-0.23399999999999999,-27.03,True,False
Wayfair US,1987,JLA Home,Missy Paragamian,SEHO8017,Bedding Sets,Bedding,0.12,115.38,168.84,0.4633,53.46000000000001,True,True
Wayfair US,19371,Better Trends,Jaiden Lawlor,ALCT4601,Bedding Sets,Bedding,0.1,114.22,30.93,-0.7292000000000001,-83.28999999999999,True,False
Wayfair US,1748,Revman International,Missy Paragamian,MBVB1176,Blankets And Throws,Bedding,0.3358,113.31,146.99,0.2973,33.68000000000001,True,True
Wayfair US,1748,Revman International,Missy Paragamian,MKK1331,Bedding Sets,Bedding,0.2,112.92,0.0,-1.0,-112.92,False,False
Wayfair US,1748,Revman International,Missy Paragamian,ERB10780,Bedding Sets,Bedding,0.2771,112.56,41.09,-0.635,-71.47,True,False
Wayfair US,69725,"HANGZHOU DUVET TEXTILE CO., LTD.",Sylvia Ding,BCAB1006,Bedding Sets,Bedding,0.18,112.16,74.47,-0.3361,-37.69,True,False
Wayfair US,1748,Revman International,Missy Paragamian,TBL10766,Bedding Sets,Bedding,0.2284,110.89,87.31,-0.2127,-23.58,True,False
Wayfair US,35160,Lava Garden Inc.,Supplier Service Desk,WRRS2002,Accent Pillows,Bedding,0.1,110.72,90.85,-0.1795,-19.870000000000005,True,False
Wayfair US,1987,JLA Home,Missy Paragamian,BTY1023,Blankets And Throws,Bedding,0.02,110.41,82.1,-0.2564,-28.310000000000002,True,False
Wayfair US,24613,Puredown,Sylvia Ding,OCMY1058,Bedding Sets,Bedding,0.1,110.34,10.99,-0.9004000000000001,-99.35000000000001,True,False
Wayfair US,80197,CENTRADE INC.,Jessica Gu,WWMA1092,Accent Pillows,Bedding,0.17,109.6,82.62,-0.2462,-26.97999999999999,True,False
Wayfair US,19319,I Enjoy Bedding Company,Madison Carvalho,JLYI1242,Accent Pillows,Bedding,0.2,109.59,90.46,-0.1745,-19.13000000000001,True,False
Wayfair US,1748,Revman International,Missy Paragamian,MBVB1021,Bedding Sets,Bedding,0.1232,108.62,143.73,0.3233,35.109999999999985,True,True
Wayfair US,1748,Revman International,Missy Paragamian,TBL10355,Bedding Sets,Bedding,0.1699,108.46,0.0,-1.0,-108.46,False,False
Wayfair US,2554,Pem America,Benjamin Hannigan,FYEB1023,Bedding Sets,Bedding,0.1,108.08,6.47,-0.9401999999999999,-101.61,True,False
Wayfair US,24613,Puredown,Sylvia Ding,PUPR1003,Bedding Sets,Bedding,0.15,106.29,122.15,0.1492,15.86,True,True
Wayfair US,1987,JLA Home,Missy Paragamian,CKSC1010,Bedding Sets,Bedding,0.12,106.1,45.87,-0.5677,-60.23,True,False
Wayfair US,19319,I Enjoy Bedding Company,Madison Carvalho,BCCY1016,Bedding Sets,Bedding,0.2,105.83,86.59,-0.1818,-19.239999999999995,True,False
Wayfair US,1987,JLA Home,Missy Paragamian,ALTL2450,Bedding Sets,Bedding,0.15,104.92,28.59,-0.7275,-76.33,True,False
Wayfair US,291,Surya,Alex Melius,YA75209,Accent Pillows,Bedding,0.1,104.74,262.24,1.5037,157.5,True,True
Wayfair US,1987,JLA Home,Missy Paragamian,CHRH4782,Bedding Sets,Bedding,0.15,104.32,45.27,-0.5661,-59.04999999999999,True,False
Wayfair US,1748,Revman International,Missy Paragamian,ERB10894,Bedding Sets,Bedding,0.23420000000000002,104.29,54.58,-0.47659999999999997,-49.71000000000001,True,False
Wayfair US,1987,JLA Home,Missy Paragamian,RDBT1431,Bedding Sets,Bedding,0.02,104.03,0.0,-1.0,-104.03,False,False
Wayfair US,19319,I Enjoy Bedding Company,Madison Carvalho,BCCY1015,Bedding Sets,Bedding,0.2,103.98,67.04,-0.3553,-36.94,True,False
Wayfair US,25843,"Bedshe International Co.,LTD",Rainbow Wu,BDUR2298,Bedding Sets,Bedding,0.15,102.61,218.5,1.1295,115.89,True,True
Wayfair US,282391,Homechoice International Group,Rainbow Wu,HCIG1530,Bedding Sets,Bedding,0.25,102.17,173.65,0.6995999999999999,71.48,True,True
Wayfair US,25843,"Bedshe International Co.,LTD",Rainbow Wu,BDUR1941,Bedding Sets,Bedding,0.23,101.99,35.68,-0.6502,-66.31,True,False
Wayfair US,1987,JLA Home,Missy Paragamian,EDIV1213,Bedding Sets,Bedding,0.12,101.98,42.25,-0.5857,-59.730000000000004,True,False
Wayfair US,1987,JLA Home,Missy Paragamian,RDBL5119,Bedding Sets,Bedding,0.1,101.82,0.0,-1.0,-101.82,False,False
Wayfair US,80197,CENTRADE INC.,Jessica Gu,WWMA1088,Accent Pillows,Bedding,0.17,101.4,150.64,0.48560000000000003,49.23999999999998,True,True
Wayfair US,1987,JLA Home,Missy Paragamian,NCWB1242,Bedding Sets,Bedding,0.1,100.33,58.19,-0.42,-42.14,True,False
Wayfair US,7920,Riztex USA,Brianna Barrett,RZY11077,Accent Pillows,Bedding,0.25,99.61,19.46,-0.8046,-80.15,True,False
Wayfair US,1987,JLA Home,Missy Paragamian,DBYH8281,Bedding Sets,Bedding,0.02,99.52,49.04,-0.5073,-50.48,True,False
Wayfair US,1748,Revman International,Missy Paragamian,KBFC1924,Bed Skirts,Bedding,0.3214,99.27,62.07,-0.3747,-37.199999999999996,True,False
Wayfair US,1987,JLA Home,Missy Paragamian,HSHM1793,Bedding Sets,Bedding,0.15,98.62,136.21,0.3812,37.59,True,True
Wayfair US,1987,JLA Home,Missy Paragamian,NCWA1382,Bedding Sets,Bedding,0.15,97.6,129.6,0.32789999999999997,32.0,True,True
Wayfair US,25843,"Bedshe International Co.,LTD",Rainbow Wu,BDUR1194,Bedding Sets,Bedding,0.32,97.58,231.19,1.3692,133.61,True,True
Wayfair US,291,Surya,Alex Melius,YA83752,Accent Pillows,Bedding,0.1,96.81,106.56,0.1008,9.75,True,True
Wayfair US,43431,ocean home fashion inc,Asia Supplier Service Desk,MRCL1133,Bedding Sets,Bedding,0.11,96.7,37.52,-0.612,-59.18,True,False
Wayfair US,1748,Revman International,Missy Paragamian,DRQH1918,Bedding Sets,Bedding,0.2858,95.95,244.75,1.5508000000000002,148.8,True,True
Wayfair US,1748,Revman International,Missy Paragamian,VRWG1936,Bedding Sets,Bedding,0.26280000000000003,95.61,70.67,-0.2608,-24.939999999999998,True,False
Wayfair US,291,Surya,Alex Melius,LRKM6000,Accent Pillows,Bedding,0.1,95.48,87.16,-0.0872,-8.320000000000007,True,False
Wayfair US,23665,"Cozy Line Home Fashions, Inc.",Jaiden Lawlor,CLHF1148,Bedding Sets,Bedding,0.05,95.26,86.57,-0.0913,-8.690000000000012,True,False
Wayfair US,1748,Revman International,Missy Paragamian,MBVB1314,Bedding Sets,Bedding,0.2545,94.76,23.28,-0.7543000000000001,-71.48,True,False
Wayfair US,1748,Revman International,Missy Paragamian,VRWG2174,Blankets And Throws,Bedding,0.1377,94.68,51.76,-0.4533,-42.92000000000001,True,False
Wayfair US,22695,ELEGANCE LINEN,Benjamin Hannigan,VRKG1252,Sheets & Pillowcases,Bedding,0.25,94.33,67.78,-0.2815,-26.549999999999997,True,False
Wayfair US,241365,"CGK HOLDINGS, INC.",Jaiden Lawlor,CKAI1019,Sheets & Pillowcases,Bedding,0.2,93.81,66.89,-0.2869,-26.92,True,False
Wayfair US,1987,JLA Home,Missy Paragamian,DRBC5853,Bedding Sets,Bedding,0.1,93.31,158.77,0.7015,65.46000000000001,True,True
Wayfair US,1987,JLA Home,Missy Paragamian,NCWA1419,Bedding Sets,Bedding,0.1,92.93,66.64,-0.2829,-26.290000000000006,True,False
Wayfair US,21028,EasyWay,Kate Schryver,CST53479,Accent Pillows,Bedding,0.1,92.29,17.27,-0.8128,-75.02000000000001,True,False
Wayfair US,36405,Colcha Linens,Jaiden Lawlor,CETA2872,Bedding Sets,Bedding,0.2,92.08,0.0,-1.0,-92.08,False,False
Wayfair US,1748,Revman International,Missy Paragamian,ERB1776,Bedding Sets,Bedding,0.3576,91.31,108.8,0.1916,17.489999999999995,True,True
Wayfair US,1748,Revman International,Missy Paragamian,DRQH1942,Bedding Sets,Bedding,0.13970000000000002,90.92,105.66,0.16210000000000002,14.739999999999995,True,True
Wayfair US,1748,Revman International,Missy Paragamian,NAL1642,Bedding Sets,Bedding,0.17629999999999998,90.9,21.72,-0.7609999999999999,-69.18,True,False
Wayfair US,1987,JLA Home,Missy Paragamian,LFMF1127,Bedding Sets,Bedding,0.02,90.78,74.55,-0.1788,-16.230000000000004,True,False
Wayfair US,1748,Revman International,Missy Paragamian,ERB10772,Bedding Sets,Bedding,0.29710000000000003,89.79,103.84,0.1565,14.049999999999997,True,True
Wayfair US,1748,Revman International,Missy Paragamian,ERB1390,Bedding Sets,Bedding,0.2291,89.64,80.55,-0.1014,-9.090000000000003,True,False
Wayfair US,25843,"Bedshe International Co.,LTD",Rainbow Wu,BDUR3366,Bedding Sets,Bedding,0.03,89.41,33.07,-0.6301,-56.339999999999996,True,False
Wayfair US,1748,Revman International,Missy Paragamian,KCN10115,Bedding Sets,Bedding,0.1611,89.41,35.99,-0.5974,-53.419999999999995,True,False
Wayfair US,25843,"Bedshe International Co.,LTD",Rainbow Wu,BDUR1727,Bedding Sets,Bedding,0.15,89.1,104.85,0.17679999999999998,15.75,True,True
Wayfair US,1987,JLA Home,Missy Paragamian,ALTH2202,Sheets & Pillowcases,Bedding,0.02,88.65,68.48,-0.2275,-20.17,True,False
Wayfair US,80197,CENTRADE INC.,Jessica Gu,WWMA1197,Accent Pillows,Bedding,0.17,88.18,105.05,0.1913,16.86999999999999,True,True
Wayfair US,25843,"Bedshe International Co.,LTD",Rainbow Wu,BDUR3393,Sheets & Pillowcases,Bedding,0.15,88.06,129.96,0.47590000000000005,41.900000000000006,True,True
Wayfair US,1987,JLA Home,Missy Paragamian,WLAO2621,Blankets And Throws,Bedding,0.02,87.9,82.39,-0.06269999999999999,-5.510000000000005,True,False
Wayfair US,1987,JLA Home,Missy Paragamian,NCWA2498,Bedding Sets,Bedding,0.02,87.81,78.86,-0.10189999999999999,-8.950000000000003,True,False
Wayfair US,58537,Covers And All,Kate Schryver,OALL2491,Accent Pillows,Bedding,0.2,87.76,52.98,-0.39640000000000003,-34.78000000000001,True,False
Wayfair US,231459,Fabdivine LLC,Benjamin Hannigan,DBDI1526,Accent Pillows,Bedding,0.19,87.6,108.32,0.2366,20.72,True,True
Wayfair US,19319,I Enjoy Bedding Company,Madison Carvalho,JLYI1212,Blankets And Throws,Bedding,0.2,87.46,48.03,-0.4508,-39.42999999999999,True,False
Wayfair US,1748,Revman International,Missy Paragamian,MBVB1319,Bedding Sets,Bedding,0.2545,87.14,26.2,-0.6993,-60.94,True,False
Wayfair US,1748,Revman International,Missy Paragamian,KBFC2039,Bed Skirts,Bedding,0.33,86.89,49.59,-0.4293,-37.3,True,False
Wayfair US,1748,Revman International,Missy Paragamian,ERB10871,Bedding Sets,Bedding,0.2771,86.78,41.93,-0.5168,-44.85,True,False
Wayfair US,25843,"Bedshe International Co.,LTD",Rainbow Wu,BDUR1567,Blankets And Throws,Bedding,0.35,86.42,81.25,-0.059800000000000006,-5.170000000000002,True,False
Wayfair US,1748,Revman International,Missy Paragamian,TBL10351,Bedding Sets,Bedding,0.19,86.4,18.3,-0.7881999999999999,-68.10000000000001,True,False
Wayfair US,25843,"Bedshe International Co.,LTD",Rainbow Wu,BDUR3394,Bedding Sets,Bedding,0.37,86.4,59.67,-0.3093,-26.730000000000004,True,False
Wayfair US,241365,"CGK HOLDINGS, INC.",Jaiden Lawlor,CKAI1026,Sheets & Pillowcases,Bedding,0.2,86.22,123.6,0.4335,37.379999999999995,True,True
Wayfair US,291,Surya,Alex Melius,BGLS8573,Accent Pillows,Bedding,0.1,85.97,74.72,-0.1309,-11.25,True,False
Wayfair US,1748,Revman International,Missy Paragamian,TBB1659,Bedding Sets,Bedding,0.33270000000000005,85.9,95.51,0.1118,9.61,True,True
Wayfair US,1748,Revman International,Missy Paragamian,MBVB1898,Bedding Sets,Bedding,0.2876,85.5,104.85,0.2263,19.349999999999994,True,True
Wayfair US,291,Surya,Alex Melius,YA69817,Blankets And Throws,Bedding,0.1,85.25,112.03,0.3141,26.78,True,True
Wayfair US,1748,Revman International,Missy Paragamian,ERB10847,Blankets And Throws,Bedding,0.1557,85.06,54.27,-0.3619,-30.79,True,False
Wayfair US,67551,"Suzhou lanqinglv Trading co,. ltd",lance Zhou,OELA1251,Bedding Sets,Bedding,0.22,84.89,9.31,-0.8904000000000001,-75.58,True,False
Wayfair US,1987,JLA Home,Missy Paragamian,NGIN1204,Bedding Sets,Bedding,0.02,84.85,112.63,0.3275,27.78,True,True
Wayfair US,53071,CAN_Textile Nest,Sylvia Ding,MACE1242,Bedding Sets,Bedding,0.1,84.36,50.07,-0.4064,-34.29,True,False
Wayfair US,25843,"Bedshe International Co.,LTD",Rainbow Wu,BDUR2440,Bedding Sets,Bedding,0.27,83.85,24.43,-0.7086,-59.419999999999995,True,False
Wayfair US,1987,JLA Home,Missy Paragamian,AGRV3760,Bedding Sets,Bedding,0.12,83.58,74.06,-0.1139,-9.519999999999996,True,False
Wayfair US,80197,CENTRADE INC.,Jessica Gu,WWMA1193,Accent Pillows,Bedding,0.17,83.15,173.41,1.0854000000000001,90.25999999999999,True,True
Wayfair US,32808,CAN_Cathay Home Inc.,Paige Beattie,BKWT4087,Sheets & Pillowcases,Bedding,0.25,82.94,43.47,-0.4758,-39.47,True,False
Wayfair US,25843,"Bedshe International Co.,LTD",Rainbow Wu,BDUR2536,Sheets & Pillowcases,Bedding,0.15,82.93,191.24,1.3062,108.31,True,True
Wayfair US,1748,Revman International,Missy Paragamian,VRWG2175,Bedding Sets,Bedding,0.15460000000000002,82.89,0.0,-1.0,-82.89,False,False
Wayfair US,1748,Revman International,Missy Paragamian,ERB10859,Bedding Sets,Bedding,0.214,82.54,4.84,-0.9414,-77.7,True,False
Wayfair US,1748,Revman International,Missy Paragamian,TBB1658,Bedding Sets,Bedding,0.2531,82.4,0.0,-1.0,-82.4,False,False
Wayfair US,1748,Revman International,Missy Paragamian,TBB1956,Bedding Sets,Bedding,0.1753,81.83,48.41,-0.40840000000000004,-33.42,True,False
Wayfair US,73596,Fresh Linen Collection Inc,Supplier Service Desk,CESH1031,Sheets & Pillowcases,Bedding,0.02,81.82,99.62,0.2175,17.80000000000001,True,True
Wayfair US,109117,HERVEY TEDROW LLC,Yvonne Yin,BRVE1204,Blankets And Throws,Bedding,0.25,81.68,29.13,-0.6433,-52.55000000000001,True,False
Wayfair US,19319,I Enjoy Bedding Company,Madison Carvalho,JLYI1004,Bedding Sets,Bedding,0.2,81.61,106.83,0.309,25.22,True,True
Wayfair US,2740,Home City Inc.,Jaiden Lawlor,ZPCD3840,Sheets & Pillowcases,Bedding,0.07,81.58,0.0,-1.0,-81.58,False,False
Wayfair US,32808,CAN_Cathay Home Inc.,Paige Beattie,WFBS2111,Bedding Sets,Bedding,0.25,81.14,20.74,-0.7444,-60.400000000000006,True,False
Wayfair US,1748,Revman International,Missy Paragamian,DRQH2048,Bedding Sets,Bedding,0.2205,80.84,20.13,-0.7509999999999999,-60.71000000000001,True,False
Wayfair US,23665,"Cozy Line Home Fashions, Inc.",Jaiden Lawlor,CLHF1073,Bedding Sets,Bedding,0.05,80.74,66.73,-0.1736,-14.009999999999991,True,False
Wayfair US,25843,"Bedshe International Co.,LTD",Rainbow Wu,BDUR1702,Bedding Sets,Bedding,0.15,80.3,172.46,1.1476,92.16000000000001,True,True
Wayfair US,24282,"Nanshing America, Inc.",Jaiden Lawlor,NAAM1099,Bedding Sets,Bedding,0.1,79.85,48.16,-0.3968,-31.689999999999998,True,False
Wayfair US,1748,Revman International,Missy Paragamian,ERB1869,Bedding Sets,Bedding,0.34600000000000003,79.69,14.0,-0.8243,-65.69,True,False
Wayfair US,1987,JLA Home,Missy Paragamian,BTY1111,Blankets And Throws,Bedding,0.02,79.61,47.77,-0.39990000000000003,-31.839999999999996,True,False
Wayfair US,1748,Revman International,Missy Paragamian,TBL10442,Bedding Sets,Bedding,0.2216,79.14,18.8,-0.7624,-60.34,True,False
Wayfair US,1987,JLA Home,Missy Paragamian,NCWB1278,Bedding Sets,Bedding,0.1,78.97,64.53,-0.18289999999999998,-14.439999999999998,True,False
Wayfair US,17102,Trade-Linker,Jaiden Lawlor,LBHX5403,Sheets & Pillowcases,Bedding,0.12,78.93,124.34,0.5753,45.41,True,True
Wayfair US,1987,JLA Home,Missy Paragamian,BADI1280,Sheets & Pillowcases,Bedding,0.02,78.3,159.6,1.0382,81.3,True,True
Wayfair US,1987,JLA Home,Missy Paragamian,GCEO4069,Blankets And Throws,Bedding,0.02,78.05,81.79,0.048,3.740000000000009,True,True
Wayfair US,2740,Home City Inc.,Jaiden Lawlor,DABY2882,Sheets & Pillowcases,Bedding,0.07,77.93,55.95,-0.282,-21.980000000000004,True,False
Wayfair US,109120,HEPPER MAYEWSKI LLC,Yvonne Yin,HEPP1431,Blankets And Throws,Bedding,0.5,77.86,44.39,-0.4299,-33.47,True,False
Wayfair US,1987,JLA Home,Missy Paragamian,ATGR7047,Bedding Sets,Bedding,0.12,77.58,81.31,0.0481,3.730000000000004,True,True
Wayfair US,286791,"Boxer Home, LLC dba BOKSER HOME",Benjamin Hannigan,BKIE1000,Bed Skirts,Bedding,0.2,77.45,0.0,-1.0,-77.45,False,False
Wayfair US,1987,JLA Home,Missy Paragamian,NCWB1243,Bedding Sets,Bedding,0.15,77.37,39.15,-0.494,-38.220000000000006,True,False
Wayfair US,282391,Homechoice International Group,Rainbow Wu,HCIG1771,Bedding Sets,Bedding,0.25,77.09,56.85,-0.2626,-20.240000000000002,True,False
Wayfair US,1987,JLA Home,Missy Paragamian,JLZL1262,Bedding Sets,Bedding,0.12,76.97,104.09,0.35229999999999995,27.120000000000005,True,True
Wayfair US,1987,JLA Home,Missy Paragamian,TCKF1415,Sheets & Pillowcases,Bedding,0.02,76.91,110.72,0.4395,33.81,True,True
Wayfair US,1987,JLA Home,Missy Paragamian,NCWA2674,Bedding Sets,Bedding,0.12,76.9,7.06,-0.9081999999999999,-69.84,True,False
Wayfair US,1987,JLA Home,Missy Paragamian,LOPK4494,Bedding Sets,Bedding,0.02,76.85,21.9,-0.7151000000000001,-54.949999999999996,True,False
Wayfair US,1748,Revman International,Missy Paragamian,MSTT6658,Bedding Sets,Bedding,0.2706,76.57,60.76,-0.2064,-15.809999999999995,True,False
Wayfair US,24613,Puredown,Sylvia Ding,PUPR1011,Bedding Sets,Bedding,0.1,76.54,22.1,-0.7112999999999999,-54.440000000000005,True,False
Wayfair US,1748,Revman International,Missy Paragamian,MBVB1242,Bedding Sets,Bedding,0.2014,76.44,43.74,-0.4278,-32.699999999999996,True,False
Wayfair US,1748,Revman International,Missy Paragamian,MKK1359,Bedding Sets,Bedding,0.2,76.11,82.95,0.08990000000000001,6.840000000000003,True,True
Wayfair US,1748,Revman International,Missy Paragamian,TBL10940,Bedding Sets,Bedding,0.17739999999999997,75.19,0.0,-1.0,-75.19,False,False
Wayfair US,1987,JLA Home,Missy Paragamian,WNST1719,Bedding Sets,Bedding,0.02,74.84,191.33,1.5563,116.49000000000001,True,True
Wayfair US,1987,JLA Home,Missy Paragamian,NCWA2576,Bedding Sets,Bedding,0.1,74.79,32.47,-0.5658,-42.32000000000001,True,False
Wayfair US,1987,JLA Home,Missy Paragamian,SEHO8200,Bedding Sets,Bedding,0.02,74.74,30.3,-0.5945,-44.44,True,False
Wayfair US,231356,"SHENZHENMENGMI TEXTILE CO.,LTD",lance Zhou,SEDZ1269,Sheets & Pillowcases,Bedding,0.15,74.3,38.35,-0.4838,-35.949999999999996,True,False
Wayfair US,25843,"Bedshe International Co.,LTD",Rainbow Wu,BDUR3582,Sheets & Pillowcases,Bedding,0.15,73.96,64.54,-0.1273,-9.419999999999987,True,False
Wayfair US,69725,"HANGZHOU DUVET TEXTILE CO., LTD.",Sylvia Ding,KSNU1192,Accent Pillows,Bedding,0.18,73.92,132.11,0.7872,58.19000000000001,True,True
Wayfair US,1748,Revman International,Missy Paragamian,DRQH1912,Bedding Sets,Bedding,0.1664,73.82,126.77,0.7173,52.95,True,True
Wayfair US,19319,I Enjoy Bedding Company,Madison Carvalho,JLYI1253,Sheets & Pillowcases,Bedding,0.2,73.81,14.91,-0.7979999999999999,-58.900000000000006,True,False
Wayfair US,19319,I Enjoy Bedding Company,Madison Carvalho,BCCY1070,Bedding Sets,Bedding,0.2,73.58,151.17,1.0545,77.58999999999999,True,True
Wayfair US,19319,I Enjoy Bedding Company,Madison Carvalho,JLYI1277,Bedding Sets,Bedding,0.2,73.43,47.37,-0.355,-26.06000000000001,True,False
Wayfair US,1748,Revman International,Missy Paragamian,ERB10928,Bedding Sets,Bedding,0.2205,72.89,65.4,-0.1027,-7.489999999999995,True,False
Wayfair US,291,Surya,Alex Melius,YA76808,Accent Pillows,Bedding,0.1,72.64,109.46,0.5068,36.81999999999999,True,True
Wayfair US,19319,I Enjoy Bedding Company,Madison Carvalho,JLYI1266,Sheets & Pillowcases,Bedding,0.2,72.14,41.6,-0.4233,-30.54,True,False
Wayfair US,32808,CAN_Cathay Home Inc.,Paige Beattie,WFBS1855,Bed Skirts,Bedding,0.35,72.08,108.85,0.5102,36.769999999999996,True,True
Wayfair US,76195,Ulli Home,Jaiden Lawlor,ULIH4094,Accent Pillows,Bedding,0.07,71.59,0.0,-1.0,-71.59,False,False
Wayfair US,1748,Revman International,Missy Paragamian,BCTS1253,Sheets & Pillowcases,Bedding,0.1418,71.49,72.39,0.0126,0.9000000000000057,True,True
Wayfair US,1748,Revman International,Missy Paragamian,VRWG1972,Bedding Sets,Bedding,0.33149999999999996,71.29,106.51,0.4941,35.22,True,True
Wayfair US,1987,JLA Home,Missy Paragamian,AAHR1052,Sheets & Pillowcases,Bedding,0.02,71.24,117.72,0.6526000000000001,46.480000000000004,True,True
Wayfair US,25843,"Bedshe International Co.,LTD",Rainbow Wu,BDUR1460,Blankets And Throws,Bedding,0.06,71.15,119.03,0.6729,47.879999999999995,True,True
Wayfair US,1987,JLA Home,Missy Paragamian,JLZL1001,Accent Pillows,Bedding,0.15,71.04,118.08,0.6623,47.03999999999999,True,True
Wayfair US,241365,"CGK HOLDINGS, INC.",Jaiden Lawlor,CKAI1013,Sheets & Pillowcases,Bedding,0.2,70.76,108.1,0.5277000000000001,37.33999999999999,True,True
Wayfair US,282391,Homechoice International Group,Rainbow Wu,HCIG1223,Bedding Sets,Bedding,0.25,70.47,91.82,0.303,21.349999999999994,True,True
Wayfair US,241908,"NANTONG WELL TEXTILE SCIENCE AND TECHNOLOGY CO., LTD",Jessica Gu,HNRE1021,Sheets & Pillowcases,Bedding,0.1,70.26,32.43,-0.5384,-37.830000000000005,True,False
Wayfair US,1987,JLA Home,Missy Paragamian,WLAO4825,Bedding Sets,Bedding,0.12,69.82,56.15,-0.19579999999999997,-13.669999999999995,True,False
Wayfair US,53071,CAN_Textile Nest,Sylvia Ding,MACE1316,Blankets And Throws,Bedding,0.1,69.75,91.76,0.3155,22.010000000000005,True,True
Wayfair US,14580,Amrapur Overseas Inc.,Jaiden Lawlor,BNJV2637,Sheets & Pillowcases,Bedding,0.15,69.73,80.49,0.1543,10.759999999999991,True,True
Wayfair US,1987,JLA Home,Missy Paragamian,NCWA1989,Bedding Sets,Bedding,0.02,69.63,29.78,-0.5724,-39.849999999999994,True,False
Wayfair US,19319,I Enjoy Bedding Company,Madison Carvalho,BCCY1014,Bedding Sets,Bedding,0.2,69.51,39.21,-0.4359,-30.300000000000004,True,False
Wayfair US,291,Surya,Alex Melius,YA78144,Accent Pillows,Bedding,0.1,69.41,118.44,0.7064,49.03,True,True
Wayfair US,1748,Revman International,Missy Paragamian,ERB1232,Bedding Sets,Bedding,0.34600000000000003,69.32,44.88,-0.35259999999999997,-24.43999999999999,True,False
Wayfair US,2740,Home City Inc.,Jaiden Lawlor,GRYL6150,Bedding Sets,Bedding,0.08,69.31,0.0,-1.0,-69.31,False,False
Wayfair US,1987,JLA Home,Missy Paragamian,WLR1331,Bedding Sets,Bedding,0.07,69.24,202.01,1.9176,132.76999999999998,True,True
Wayfair US,2740,Home City Inc.,Jaiden Lawlor,ZYWR1225,Bedding Sets,Bedding,0.07,69.23,46.04,-0.33509999999999995,-23.190000000000005,True,False
Wayfair US,1748,Revman International,Missy Paragamian,ERB10430,Bedding Sets,Bedding,0.2587,69.2,29.22,-0.5778,-39.980000000000004,True,False
Wayfair US,25843,"Bedshe International Co.,LTD",Rainbow Wu,BDUR3125,Bedding Sets,Bedding,0.15,69.17,61.18,-0.1155,-7.990000000000002,True,False
Wayfair US,1987,JLA Home,Missy Paragamian,CHMB1017,Sheets & Pillowcases,Bedding,0.02,69.15,23.95,-0.6536,-45.2,True,False
Wayfair US,282391,Homechoice International Group,Rainbow Wu,HCIG1744,Bedding Sets,Bedding,0.25,69.11,83.81,0.21280000000000002,14.700000000000003,True,True
Wayfair US,25843,"Bedshe International Co.,LTD",Rainbow Wu,BDUR1203,Blankets And Throws,Bedding,0.1,69.02,47.3,-0.3148,-21.72,True,False
Wayfair US,1748,Revman International,Missy Paragamian,MBVB1271,Sheets & Pillowcases,Bedding,0.0653,69.0,244.46,2.5428,175.46,True,True
Wayfair US,19371,Better Trends,Jaiden Lawlor,FASY1091,Bedding Sets,Bedding,0.1,68.95,55.12,-0.2005,-13.830000000000005,True,False
Wayfair US,32808,CAN_Cathay Home Inc.,Paige Beattie,CRLM5536,Sheets & Pillowcases,Bedding,0.4,68.75,47.78,-0.305,-20.97,True,False
Wayfair US,147802,Shenzhen Meiyuan Keji Youxiangongsi,Regan Zou,NGSO2152,Bedding Accessories,Bedding,0.42,68.54,105.05,0.5327000000000001,36.50999999999999,True,True
Wayfair US,25843,"Bedshe International Co.,LTD",Rainbow Wu,BDUR2944,Bedding Sets,Bedding,0.15,68.43,44.38,-0.3515,-24.050000000000004,True,False
Wayfair US,1748,Revman International,Missy Paragamian,KBFC2353,Bed Skirts,Bedding,0.33,67.95,43.67,-0.35719999999999996,-24.28,True,False
Wayfair US,1987,JLA Home,Missy Paragamian,NCWB1221,Bedding Sets,Bedding,0.12,67.89,153.82,1.2656999999999998,85.92999999999999,True,True
Wayfair US,2554,Pem America,Benjamin Hannigan,FYEB1024,Blankets And Throws,Bedding,0.1,67.8,48.09,-0.2907,-19.709999999999994,True,False
Wayfair US,1987,JLA Home,Missy Paragamian,ONAW6769,Bedding Sets,Bedding,0.02,67.71,34.42,-0.4916,-33.28999999999999,True,False
Wayfair US,17102,Trade-Linker,Jaiden Lawlor,BBHO1037,Sheets & Pillowcases,Bedding,0.12,67.13,24.33,-0.6376,-42.8,True,False
Wayfair US,1748,Revman International,Missy Paragamian,MBVB1058,Blankets And Throws,Bedding,0.15410000000000001,66.91,33.89,-0.4935,-33.019999999999996,True,False
Wayfair US,2740,Home City Inc.,Jaiden Lawlor,CHMB1442,Sheets & Pillowcases,Bedding,0.07,66.84,34.47,-0.4843,-32.370000000000005,True,False
Wayfair US,1987,JLA Home,Missy Paragamian,NCWA1383,Blankets And Throws,Bedding,0.02,66.83,212.4,2.1785,145.57,True,True
Wayfair US,1748,Revman International,Missy Paragamian,ERB1773,Bedding Sets,Bedding,0.1634,66.76,52.41,-0.21489999999999998,-14.350000000000009,True,False
Wayfair US,1748,Revman International,Missy Paragamian,THPS6518,Bedding Sets,Bedding,0.24239999999999998,66.58,58.69,-0.1185,-7.890000000000001,True,False
Wayfair US,1987,JLA Home,Missy Paragamian,DRBH4422,Bedding Sets,Bedding,0.12,66.5,76.23,0.1463,9.730000000000004,True,True
Wayfair US,1987,JLA Home,Missy Paragamian,HUH1804,Bedding Sets,Bedding,0.02,66.3,39.75,-0.4004,-26.549999999999997,True,False
Wayfair US,19319,I Enjoy Bedding Company,Madison Carvalho,BCCY1002,Sheets & Pillowcases,Bedding,0.2,66.15,91.16,0.37810000000000005,25.00999999999999,True,True
Wayfair US,241908,"NANTONG WELL TEXTILE SCIENCE AND TECHNOLOGY CO., LTD",Jessica Gu,HNRE1019,Sheets & Pillowcases,Bedding,0.1,66.13,132.67,1.0063,66.53999999999999,True,True
Wayfair US,25843,"Bedshe International Co.,LTD",Rainbow Wu,BDUR1480,Bedding Sets,Bedding,0.27,65.98,120.28,0.8231,54.3,True,True
Wayfair US,1987,JLA Home,Missy Paragamian,BDIS1487,Bedding Sets,Bedding,0.1,65.39,87.01,0.3307,21.620000000000005,True,True
Wayfair US,19319,I Enjoy Bedding Company,Madison Carvalho,JLYI1197,Bedding Sets,Bedding,0.2,65.1,54.15,-0.16820000000000002,-10.949999999999996,True,False
Wayfair US,291,Surya,Alex Melius,YA69181,Accent Pillows,Bedding,0.1,64.88,32.11,-0.5051,-32.769999999999996,True,False
Wayfair US,262,Howard Elliott Collection,Robert Williams,RD12036,Accent Pillows,Bedding,0.1,64.71,0.0,-1.0,-64.71,False,False
Wayfair US,1748,Revman International,Missy Paragamian,BCTS1232,Bedding Sets,Bedding,0.0558,64.59,5.51,-0.9147,-59.080000000000005,True,False
Wayfair US,25843,"Bedshe International Co.,LTD",Rainbow Wu,BDUR1482,Bedding Sets,Bedding,0.33,64.4,10.69,-0.8341,-53.71000000000001,True,False
Wayfair US,23665,"Cozy Line Home Fashions, Inc.",Jaiden Lawlor,CLHF1026,Bedding Sets,Bedding,0.05,64.26,100.72,0.5675,36.459999999999994,True,True
Wayfair US,1987,JLA Home,Missy Paragamian,ATGR7043,Bedding Sets,Bedding,0.02,64.22,254.64,2.9651,190.42,True,True
Wayfair US,1987,JLA Home,Missy Paragamian,WLRO1574,Bedding Sets,Bedding,0.02,64.2,27.32,-0.5744,-36.88,True,False
Wayfair US,67551,"Suzhou lanqinglv Trading co,. ltd",lance Zhou,OELA1451,Bedding Sets,Bedding,0.33,64.19,23.51,-0.6338,-40.67999999999999,True,False
Wayfair US,1748,Revman International,Missy Paragamian,TBB1945,Blankets And Throws,Bedding,0.1496,64.08,51.36,-0.1985,-12.719999999999999,True,False
Wayfair US,1748,Revman International,Missy Paragamian,MKK10157,Bedding Sets,Bedding,0.2,63.73,42.6,-0.33149999999999996,-21.129999999999995,True,False
Wayfair US,1987,JLA Home,Missy Paragamian,NGIN1031,Bedding Sets,Bedding,0.02,63.67,77.94,0.2241,14.269999999999996,True,True
Wayfair US,1748,Revman International,Missy Paragamian,ERB10938,Bedding Sets,Bedding,0.3079,63.45,0.0,-1.0,-63.45,False,False
Wayfair US,291,Surya,Alex Melius,BGLS8712,Accent Pillows,Bedding,0.1,63.19,73.3,0.16,10.11,True,True
Wayfair US,22695,ELEGANCE LINEN,Benjamin Hannigan,ANDO8093,Sheets & Pillowcases,Bedding,0.25,63.15,9.63,-0.8476,-53.519999999999996,True,False
Wayfair US,291,Surya,Alex Melius,YA74557,Accent Pillows,Bedding,0.1,63.15,91.03,0.4415,27.880000000000003,True,True
Wayfair US,19319,I Enjoy Bedding Company,Madison Carvalho,CHMB1778,Bed Skirts,Bedding,0.2,63.09,46.26,-0.2668,-16.830000000000005,True,False
Wayfair US,1748,Revman International,Missy Paragamian,DRQH1938,Bedding Sets,Bedding,0.2421,63.07,67.73,0.0739,4.660000000000004,True,True
Wayfair US,19319,I Enjoy Bedding Company,Madison Carvalho,JLYI1121,Bedding Sets,Bedding,0.2,63.01,65.78,0.044000000000000004,2.770000000000003,True,True
Wayfair US,1987,JLA Home,Missy Paragamian,ATGR7123,Bedding Sets,Bedding,0.12,63.01,58.38,-0.07339999999999999,-4.6299999999999955,True,False
Wayfair US,1987,JLA Home,Missy Paragamian,RBRS8644,Bedding Sets,Bedding,0.1,62.99,38.1,-0.3951,-24.89,True,False
Wayfair US,1748,Revman International,Missy Paragamian,MKK1328,Bedding Sets,Bedding,0.17190000000000003,62.82,51.82,-0.1751,-11.0,True,False
Wayfair US,25843,"Bedshe International Co.,LTD",Rainbow Wu,BDUR1348,Bedding Sets,Bedding,0.35409999999999997,62.82,41.35,-0.3417,-21.47,True,False
Wayfair US,210924,Pure Parima,Shannon Walker,ERUP1003,Bedding Sets,Bedding,0.05,62.7,0.0,-1.0,-62.7,False,False
Wayfair US,241908,"NANTONG WELL TEXTILE SCIENCE AND TECHNOLOGY CO., LTD",Jessica Gu,PWDI1000,Bedding Sets,Bedding,0.1,62.59,95.26,0.522,32.67,True,True
Wayfair US,1748,Revman International,Missy Paragamian,ZOAO2681,Bedding Sets,Bedding,0.2531,62.27,58.88,-0.054400000000000004,-3.3900000000000006,True,False
Wayfair US,1987,JLA Home,Missy Paragamian,NCWA1516,Bedding Sets,Bedding,0.02,62.25,83.14,0.3356,20.89,True,True
Wayfair US,19319,I Enjoy Bedding Company,Madison Carvalho,ANDV2991,Sheets & Pillowcases,Bedding,0.2,62.21,98.04,0.5759000000000001,35.830000000000005,True,True
Wayfair US,25843,"Bedshe International Co.,LTD",Rainbow Wu,BDUR1683,Bedding Sets,Bedding,0.5,62.01,95.52,0.5404,33.51,True,True
Wayfair US,1987,JLA Home,Missy Paragamian,NCWA1236,Bedding Sets,Bedding,0.1,61.64,49.03,-0.2046,-12.61,True,False
Wayfair US,25843,"Bedshe International Co.,LTD",Rainbow Wu,BDUR1189,Bedding Sets,Bedding,0.15,61.61,41.71,-0.3231,-19.9,True,False
Wayfair US,1748,Revman International,Missy Paragamian,BCTS1284,Bedding Sets,Bedding,0.33,61.38,37.65,-0.38659999999999994,-23.730000000000004,True,False
Wayfair US,55893,WonderfulCo,lance Zhou,WNTX1058,Bedding Sets,Bedding,0.1,60.75,65.55,0.0791,4.799999999999997,True,True
Wayfair US,1748,Revman International,Missy Paragamian,TBL10746,Bedding Sets,Bedding,0.2771,60.61,14.0,-0.769,-46.61,True,False
Wayfair US,2740,Home City Inc.,Jaiden Lawlor,DRBC2365,Sheets & Pillowcases,Bedding,0.07,60.6,70.02,0.1555,9.419999999999995,True,True
Wayfair US,381,Safavieh,Alex Resnick,WLGN3517,Accent Pillows,Bedding,0.10339999999999999,60.6,127.89,1.1105,67.28999999999999,True,True
Wayfair US,1987,JLA Home,Missy Paragamian,HUH10124,Bedding Sets,Bedding,0.02,60.43,35.13,-0.41859999999999997,-25.299999999999997,True,False
Wayfair US,1748,Revman International,Missy Paragamian,MBVB1900,Bedding Sets,Bedding,0.26899999999999996,60.09,0.0,-1.0,-60.09,False,False
Wayfair US,25843,"Bedshe International Co.,LTD",Rainbow Wu,BDUR2735,Bedding Sets,Bedding,0.17,59.83,42.11,-0.2961,-17.72,True,False
Wayfair US,19319,I Enjoy Bedding Company,Madison Carvalho,BCCY1030,Bedding Sets,Bedding,0.2,59.74,16.4,-0.7254999999999999,-43.34,True,False
Wayfair US,22724,Home Choice International,Rainbow Wu,BPPZ5555,Bedding Sets,Bedding,0.05,59.57,36.62,-0.38520000000000004,-22.950000000000003,True,False
Wayfair US,19319,I Enjoy Bedding Company,Madison Carvalho,JLYI1235,Bedding Sets,Bedding,0.2,59.57,56.89,-0.045,-2.6799999999999997,True,False
Wayfair US,25843,"Bedshe International Co.,LTD",Rainbow Wu,BDUR2303,Bedding Sets,Bedding,0.15,59.51,103.42,0.738,43.910000000000004,True,True
Wayfair US,19319,I Enjoy Bedding Company,Madison Carvalho,JLYI1293,Bedding Sets,Bedding,0.2,59.01,72.65,0.23120000000000002,13.640000000000008,True,True
Wayfair US,214227,"Caluha Company, LLC",Supplier Service Desk,UBAD1105,Accent Pillows,Bedding,0.15,58.92,207.4,2.5198,148.48000000000002,True,True
Wayfair US,1987,JLA Home,Missy Paragamian,ATGD5378,Bedding Sets,Bedding,0.02,58.88,67.73,0.1505,8.850000000000001,True,True
Wayfair US,1748,Revman International,Missy Paragamian,MBVB1803,Bedding Sets,Bedding,0.26940000000000003,58.81,24.56,-0.5822999999999999,-34.25,True,False
Wayfair US,82119,11243098 Canada Inc,Kyle Pascale,MCRR1630,Accent Pillows,Bedding,0.05,58.8,162.4,1.7618,103.60000000000001,True,True
Wayfair US,2554,Pem America,Benjamin Hannigan,BDOK1099,Bedding Sets,Bedding,0.1,58.76,90.94,0.5475,32.18,True,True
Wayfair US,19319,I Enjoy Bedding Company,Madison Carvalho,JLYI1251,Accent Pillows,Bedding,0.2,58.44,125.42,1.1461,66.98,True,True
Wayfair US,25843,"Bedshe International Co.,LTD",Rainbow Wu,BDUR3233,Blankets And Throws,Bedding,0.1,58.41,271.13,3.6414999999999997,212.72,True,True
Wayfair US,1748,Revman International,Missy Paragamian,VRWG2209,Bedding Sets,Bedding,0.20739999999999997,58.32,30.02,-0.4853,-28.3,True,False
Wayfair US,25843,"Bedshe International Co.,LTD",Rainbow Wu,BDUR1493,Bedding Sets,Bedding,0.2,58.3,44.39,-0.2386,-13.909999999999997,True,False
Wayfair US,1987,JLA Home,Missy Paragamian,LOPK4501,Bedding Sets,Bedding,0.02,58.26,58.72,0.008,0.46000000000000085,True,True
Wayfair US,1748,Revman International,Missy Paragamian,VRWG2206,Bedding Sets,Bedding,0.28809999999999997,58.08,45.95,-0.2089,-12.129999999999995,True,False
Wayfair US,1987,JLA Home,Missy Paragamian,QMP2248,Blankets And Throws,Bedding,0.02,57.97,165.37,1.8528,107.4,True,True
Wayfair US,1748,Revman International,Missy Paragamian,MBVB1743,Sheets & Pillowcases,Bedding,0.1891,57.58,5.34,-0.9072,-52.239999999999995,True,False
Wayfair US,1748,Revman International,Missy Paragamian,MBVB1295,Blankets And Throws,Bedding,0.1336,57.53,53.17,-0.0757,-4.359999999999999,True,False
Wayfair US,2740,Home City Inc.,Jaiden Lawlor,FDLL9518,Bedding Sets,Bedding,0.07,56.81,83.48,0.46950000000000003,26.67,True,True
Wayfair US,1748,Revman International,Missy Paragamian,QO10484,Bedding Sets,Bedding,0.33,56.61,0.0,-1.0,-56.61,False,False
Wayfair US,1987,JLA Home,Missy Paragamian,JLZL1038,Accent Pillows,Bedding,0.1,56.56,167.91,1.9687999999999999,111.35,True,True
Wayfair US,1748,Revman International,Missy Paragamian,KCN10131,Bedding Sets,Bedding,0.30079999999999996,56.54,24.19,-0.5722,-32.349999999999994,True,False
Wayfair US,19319,I Enjoy Bedding Company,Madison Carvalho,LFMF4626,Bedding Sets,Bedding,0.2,56.45,54.92,-0.0271,-1.5300000000000011,True,False
Wayfair US,24282,"Nanshing America, Inc.",Jaiden Lawlor,MBSR1477,Bedding Sets,Bedding,0.11,56.15,44.19,-0.21289999999999998,-11.96,True,False
Wayfair US,1748,Revman International,Missy Paragamian,NAL1874,Bedding Sets,Bedding,0.29350000000000004,56.01,222.32,2.9693,166.31,True,True
Wayfair US,1987,JLA Home,Missy Paragamian,WRLO7366,Bedding Sets,Bedding,0.02,56.0,43.57,-0.22190000000000001,-12.43,True,False
Wayfair US,282391,Homechoice International Group,Rainbow Wu,LFMF5286,Bedding Sets,Bedding,0.25,55.86,69.81,0.24960000000000002,13.950000000000003,True,True
Wayfair US,291,Surya,Alex Melius,YA69409,Accent Pillows,Bedding,0.1,55.8,96.38,0.7273000000000001,40.58,True,True
Wayfair US,1987,JLA Home,Missy Paragamian,ALCT8597,Blankets And Throws,Bedding,0.1,55.56,18.81,-0.6614,-36.75,True,False
Wayfair US,1748,Revman International,Missy Paragamian,TBB1906,Bedding Sets,Bedding,0.2026,55.51,156.13,1.8128,100.62,True,True
Wayfair US,59132,South Point Home Fashions Inc.,Jessica Gu,SLPE1060,Bedding Sets,Bedding,0.15,55.37,0.0,-1.0,-55.37,False,False
Wayfair US,25843,"Bedshe International Co.,LTD",Rainbow Wu,BDUR2507,Bedding Sets,Bedding,0.3532,55.33,44.62,-0.1936,-10.71,True,False
Wayfair US,291,Surya,Alex Melius,YA74574,Accent Pillows,Bedding,0.1,55.27,27.88,-0.4955,-27.390000000000004,True,False
Wayfair US,1748,Revman International,Missy Paragamian,MSTT6656,Bedding Sets,Bedding,0.2045,55.19,129.63,1.3488999999999998,74.44,True,True
Wayfair US,291,Surya,Alex Melius,ANDV4804,Blankets And Throws,Bedding,0.1,54.9,59.8,0.08929999999999999,4.899999999999999,True,True
Wayfair US,291,Surya,Alex Melius,YA78197,Accent Pillows,Bedding,0.1,54.78,26.16,-0.5225,-28.62,True,False
Wayfair US,291,Surya,Alex Melius,YA69262,Accent Pillows,Bedding,0.1,54.72,53.4,-0.0241,-1.3200000000000003,True,False
Wayfair US,25843,"Bedshe International Co.,LTD",Rainbow Wu,BDUR1412,Bedding Sets,Bedding,0.15,54.41,22.47,-0.5871,-31.939999999999998,True,False
Wayfair US,1987,JLA Home,Missy Paragamian,ZPCD1732,Bedding Sets,Bedding,0.12,54.38,25.67,-0.5279,-28.71,True,False
Wayfair US,1987,JLA Home,Missy Paragamian,BDIS1365,Bedding Sets,Bedding,0.1,54.29,76.83,0.41509999999999997,22.54,True,True
Wayfair US,1748,Revman International,Missy Paragamian,ERB1775,Bedding Sets,Bedding,0.2143,54.21,15.84,-0.7078,-38.370000000000005,True,False
Wayfair US,17539,BNF Home,lance Zhou,SOFH1352,Blankets And Throws,Bedding,0.1,54.18,68.91,0.2718,14.729999999999997,True,True
Wayfair US,291,Surya,Alex Melius,YA83040,Accent Pillows,Bedding,0.1,54.11,27.49,-0.4919,-26.62,True,False
Wayfair US,1987,JLA Home,Missy Paragamian,VBDN1055,Kids Bedding Sets,Bedding,0.02,54.07,39.16,-0.2756,-14.910000000000004,True,False
Wayfair US,1987,JLA Home,Missy Paragamian,XBYB1023,Bedding Sets,Bedding,0.02,53.52,82.97,0.5502,29.449999999999996,True,True
Wayfair US,231459,Fabdivine LLC,Benjamin Hannigan,DBDI1297,Accent Pillows,Bedding,0.19,53.45,36.26,-0.32170000000000004,-17.190000000000005,True,False
Wayfair US,25843,"Bedshe International Co.,LTD",Rainbow Wu,BDUR1624,Blankets And Throws,Bedding,0.14,53.43,118.4,1.2159,64.97,True,True
Wayfair US,241365,"CGK HOLDINGS, INC.",Jaiden Lawlor,CKAI1020,Sheets & Pillowcases,Bedding,0.2,53.36,22.63,-0.5759000000000001,-30.73,True,False
Wayfair US,291,Surya,Alex Melius,YA83820,Accent Pillows,Bedding,0.1,53.3,63.24,0.1865,9.940000000000005,True,True
Wayfair US,241365,"CGK HOLDINGS, INC.",Jaiden Lawlor,CKAI1006,Bedding Sets,Bedding,0.2,53.29,80.73,0.515,27.440000000000005,True,True
Wayfair US,1748,Revman International,Missy Paragamian,KBFC1775,Bed Skirts,Bedding,0.15,53.27,7.72,-0.855,-45.550000000000004,True,False
Wayfair US,25843,"Bedshe International Co.,LTD",Rainbow Wu,BDUR1122,Bedding Sets,Bedding,0.15,53.23,22.06,-0.5856,-31.169999999999998,True,False
Wayfair US,1748,Revman International,Missy Paragamian,MSTT6707,Bedding Sets,Bedding,0.2323,53.23,326.89,5.1415999999999995,273.65999999999997,True,True
Wayfair US,1987,JLA Home,Missy Paragamian,ALCT7365,Bedding Sets,Bedding,0.02,53.14,39.71,-0.2526,-13.43,True,False
Wayfair US,1748,Revman International,Missy Paragamian,KBFC2616,Bedding Sets,Bedding,0.34130000000000005,53.12,28.21,-0.469,-24.909999999999997,True,False
Wayfair US,2554,Pem America,Benjamin Hannigan,BDOK1114,Bedding Sets,Bedding,0.1,52.91,46.56,-0.12,-6.349999999999994,True,False
Wayfair US,1748,Revman International,Missy Paragamian,TBL11093,Bedding Sets,Bedding,0.153,52.69,15.12,-0.713,-37.57,True,False
Wayfair US,2554,Pem America,Benjamin Hannigan,BDOK1125,Bedding Sets,Bedding,0.1,52.57,32.45,-0.38270000000000004,-20.119999999999997,True,False
Wayfair US,19319,I Enjoy Bedding Company,Madison Carvalho,JLYI1237,Bedding Sets,Bedding,0.2,52.5,105.61,1.0116,53.11,True,True
Wayfair US,241908,"NANTONG WELL TEXTILE SCIENCE AND TECHNOLOGY CO., LTD",Jessica Gu,HNRE1028,Bedding Sets,Bedding,0.1,52.49,63.05,0.201,10.559999999999995,True,True
Wayfair US,1748,Revman International,Missy Paragamian,DRQH1917,Bedding Sets,Bedding,0.2418,52.48,0.0,-1.0,-52.48,False,False
Wayfair US,1987,JLA Home,Missy Paragamian,NCWA2755,Bedding Sets,Bedding,0.02,52.33,17.57,-0.6643000000000001,-34.76,True,False
Wayfair US,1987,JLA Home,Missy Paragamian,NCWA1608,Bedding Sets,Bedding,0.1,52.2,71.54,0.37060000000000004,19.340000000000003,True,True
Wayfair US,24696,Daniel Linen/Home Sweet Home Dreams Inc.,Supplier Service Desk,ACOT7450,Sheets & Pillowcases,Bedding,0.02,52.09,100.96,0.9383,48.86999999999999,True,True
Wayfair US,1987,JLA Home,Missy Paragamian,RSDP1914,Bedding Sets,Bedding,0.02,51.89,69.97,0.34840000000000004,18.08,True,True
Wayfair US,291,Surya,Alex Melius,ANEW1826,Accent Pillows,Bedding,0.1,51.74,51.25,-0.0096,-0.490000000000002,True,False
Wayfair US,69162,Kusnug,Rikki Sartor,KSNU1135,Sheets & Pillowcases,Bedding,0.15,51.6,71.62,0.38789999999999997,20.020000000000003,True,True
Wayfair US,1748,Revman International,Missy Paragamian,VRWG2103,Bedding Sets,Bedding,0.2458,51.34,0.0,-1.0,-51.34,False,False
Wayfair US,19567,Mytex,Supplier Service Desk,NDWB1093,Kids Bedding Sets,Bedding,0.2,51.24,49.97,-0.024900000000000002,-1.2700000000000031,True,False
Wayfair US,65656,Topfinel,Elvira Tang,DCNV2252,Accent Pillows,Bedding,0.25,51.05,61.73,0.2091,10.68,True,True
Wayfair US,30354,IYS Enterprises Inc.,Charlie O'Brien,IYSE1193,Sheets & Pillowcases,Bedding,0.18,50.95,0.0,-1.0,-50.95,False,False
Wayfair US,1748,Revman International,Missy Paragamian,DRQH1936,Bedding Sets,Bedding,0.2627,50.94,48.68,-0.0444,-2.259999999999998,True,False
Wayfair US,1748,Revman International,Missy Paragamian,MBVB1754,Bedding Sets,Bedding,0.3111,50.82,50.07,-0.0148,-0.75,True,False
Wayfair US,1987,JLA Home,Missy Paragamian,EBRD5195,Blankets And Throws,Bedding,0.02,50.55,55.78,0.10339999999999999,5.230000000000004,True,True
Wayfair US,1987,JLA Home,Missy Paragamian,CEAH1001,Blankets And Throws,Bedding,0.02,50.55,0.0,-1.0,-50.55,False,False
Wayfair US,1748,Revman International,Missy Paragamian,NHB1211,Bedding Sets,Bedding,0.1232,50.51,55.18,0.0925,4.670000000000002,True,True
Wayfair US,67551,"Suzhou lanqinglv Trading co,. ltd",lance Zhou,OELA1178,Bedding Sets,Bedding,0.2923,50.44,23.16,-0.5409,-27.279999999999998,True,False
Wayfair US,291,Surya,Alex Melius,YA69122,Accent Pillows,Bedding,0.1,50.44,106.41,1.1097,55.97,True,True
Wayfair US,1987,JLA Home,Missy Paragamian,HUH10137,Bedding Sets,Bedding,0.02,50.15,67.09,0.33770000000000006,16.940000000000005,True,True
Wayfair US,1987,JLA Home,Missy Paragamian,HUH1698,Bedding Sets,Bedding,0.02,50.0,5.08,-0.8984000000000001,-44.92,True,False
Wayfair US,406214,OXFORD HOMEWARE US LTD,Supplier Service Desk,OFCR1001,Bedding Sets,Bedding,0.1,49.97,44.83,-0.1027,-5.140000000000001,True,False
Wayfair US,19319,I Enjoy Bedding Company,Madison Carvalho,JLYI1268,Sheets & Pillowcases,Bedding,0.2,49.94,31.37,-0.37189999999999995,-18.569999999999997,True,False
Wayfair US,37327,Instyle Products Corp,Rikki Sartor,KBST1230,Bedding Sets,Bedding,0.26,49.84,47.67,-0.0435,-2.1700000000000017,True,False
Wayfair US,1987,JLA Home,Missy Paragamian,HMPT2793,Bedding Sets,Bedding,0.1,49.65,62.5,0.2588,12.850000000000001,True,True
Wayfair US,1748,Revman International,Missy Paragamian,MBVB1454,Bedding Sets,Bedding,0.2545,49.58,0.0,-1.0,-49.58,False,False
Wayfair US,19319,I Enjoy Bedding Company,Madison Carvalho,AUGV4241,Sheets & Pillowcases,Bedding,0.2,49.43,10.0,-0.7977,-39.43,True,False
Wayfair US,2554,Pem America,Benjamin Hannigan,BDOK1116,Bedding Sets,Bedding,0.1,49.42,113.49,1.2963,64.07,True,True
Wayfair US,291,Surya,Alex Melius,YA71976,Accent Pillows,Bedding,0.1,49.31,12.46,-0.7473000000000001,-36.85,True,False
Wayfair US,19319,I Enjoy Bedding Company,Madison Carvalho,JLYI1199,Bedding Sets,Bedding,0.2,49.25,47.72,-0.031,-1.5300000000000011,True,False
Wayfair US,1748,Revman International,Missy Paragamian,TBB1735,Bedding Sets,Bedding,0.33,49.19,166.2,2.3787000000000003,117.00999999999999,True,True
Wayfair US,291,Surya,Alex Melius,YA74598,Accent Pillows,Bedding,0.1,49.18,11.84,-0.7593000000000001,-37.34,True,False
Wayfair US,231356,"SHENZHENMENGMI TEXTILE CO.,LTD",lance Zhou,SEDZ1044,Sheets & Pillowcases,Bedding,0.15,49.14,84.37,0.7170000000000001,35.230000000000004,True,True
Wayfair US,1987,JLA Home,Missy Paragamian,DBYH4441,Bedding Sets,Bedding,0.12,49.05,26.56,-0.4586,-22.49,True,False
Wayfair US,23665,"Cozy Line Home Fashions, Inc.",Jaiden Lawlor,CLHF1016,Kids Bedding Sets,Bedding,0.05,49.02,33.3,-0.3206,-15.720000000000006,True,False
Wayfair US,7920,Riztex USA,Brianna Barrett,RZY11352,Accent Pillows,Bedding,0.25,48.97,75.16,0.5347,26.189999999999998,True,True
Wayfair US,1987,JLA Home,Missy Paragamian,WLR1343,Blankets And Throws,Bedding,0.02,48.93,20.52,-0.5806,-28.41,True,False
Wayfair US,1748,Revman International,Missy Paragamian,TBB1756,Bedding Sets,Bedding,0.3029,48.9,0.0,-1.0,-48.9,False,False
Wayfair US,291,Surya,Alex Melius,YA83505,Accent Pillows,Bedding,0.1,48.83,92.06,0.8851,43.230000000000004,True,True
Wayfair US,22695,ELEGANCE LINEN,Benjamin Hannigan,EBDG2268,Bedding Sets,Bedding,0.25,48.83,1.43,-0.9706,-47.4,True,False
Wayfair US,25843,"Bedshe International Co.,LTD",Rainbow Wu,BDUR3365,Bedding Sets,Bedding,0.03,48.82,50.59,0.0362,1.7700000000000031,True,True
Wayfair US,1987,JLA Home,Missy Paragamian,TRNT2911,Bedding Sets,Bedding,0.15,48.67,20.95,-0.5696,-27.720000000000002,True,False
Wayfair US,1748,Revman International,Missy Paragamian,MSTT6526,Sheets & Pillowcases,Bedding,0.2844,48.37,68.05,0.4069,19.68,True,True
Wayfair US,231459,Fabdivine LLC,Benjamin Hannigan,DBDI1863,Accent Pillows,Bedding,0.18,48.35,32.1,-0.336,-16.25,True,False
Wayfair US,1748,Revman International,Missy Paragamian,MBVB1845,Sheets & Pillowcases,Bedding,0.3289,48.25,10.59,-0.7805,-37.66,True,False
Wayfair US,1748,Revman International,Missy Paragamian,KBFC1938,Bedding Sets,Bedding,0.3093,48.14,13.85,-0.7123,-34.29,True,False
Wayfair US,291,Surya,Alex Melius,YA85181,Accent Pillows,Bedding,0.1,48.01,19.58,-0.5921,-28.43,True,False
Wayfair US,30354,IYS Enterprises Inc.,Charlie O'Brien,GRYL6609,Bedding Sets,Bedding,0.18,47.87,16.02,-0.6653,-31.849999999999998,True,False
Wayfair US,1987,JLA Home,Missy Paragamian,CRLM3608,Bedding Sets,Bedding,0.1,47.79,117.09,1.4501,69.30000000000001,True,True
Wayfair US,291,Surya,Alex Melius,YA75215,Accent Pillows,Bedding,0.1,47.74,62.69,0.3132,14.949999999999996,True,True
Wayfair US,25843,"Bedshe International Co.,LTD",Rainbow Wu,BDUR3316,Bedding Sets,Bedding,0.15,47.73,17.42,-0.6351,-30.309999999999995,True,False
Wayfair US,1748,Revman International,Missy Paragamian,ERB10951,Sheets & Pillowcases,Bedding,0.2824,47.66,71.56,0.5015,23.900000000000006,True,True
Wayfair US,23665,"Cozy Line Home Fashions, Inc.",Jaiden Lawlor,CLHF1230,Kids Bedding Sets,Bedding,0.05,47.31,21.18,-0.5522,-26.130000000000003,True,False
Wayfair US,1748,Revman International,Missy Paragamian,ERB10790,Bedding Sets,Bedding,0.2717,47.23,57.95,0.22690000000000002,10.720000000000006,True,True
Wayfair US,1748,Revman International,Missy Paragamian,MKK10146,Bedding Sets,Bedding,0.2,47.22,101.43,1.148,54.21000000000001,True,True
Wayfair US,43431,ocean home fashion inc,Asia Supplier Service Desk,MRCL1244,Bedding Sets,Bedding,0.11,47.11,162.78,2.4552,115.67,True,True
Wayfair US,1748,Revman International,Missy Paragamian,MBVB1849,Bedding Sets,Bedding,0.2644,47.07,20.95,-0.5548,-26.12,True,False
Wayfair US,1987,JLA Home,Missy Paragamian,VBDN1047,Kids Bedding Sets,Bedding,0.02,46.99,15.01,-0.6806,-31.980000000000004,True,False
Wayfair US,1987,JLA Home,Missy Paragamian,WRLO7087,Bedding Sets,Bedding,0.12,46.84,96.56,1.0615999999999999,49.72,True,True
Wayfair US,19319,I Enjoy Bedding Company,Madison Carvalho,JLYI1275,Bedding Sets,Bedding,0.2,46.77,38.41,-0.1788,-8.360000000000007,True,False
Wayfair US,49868,moonfairyco,Supplier Service Desk,ENDG1239,Accent Pillows,Bedding,0.2,46.61,18.11,-0.6114999999999999,-28.5,True,False
Wayfair US,19319,I Enjoy Bedding Company,Madison Carvalho,JLYI1202,Bedding Sets,Bedding,0.2,46.51,72.57,0.5603,26.059999999999995,True,True
Wayfair US,1987,JLA Home,Missy Paragamian,NCWA1606,Bedding Sets,Bedding,0.07,46.5,23.0,-0.5053,-23.5,True,False
Wayfair US,1987,JLA Home,Missy Paragamian,UNOR2322,Bedding Sets,Bedding,0.1,46.45,38.74,-0.166,-7.710000000000001,True,False
Wayfair US,1987,JLA Home,Missy Paragamian,NDHA1007,Kids Bedding Sets,Bedding,0.12,46.43,33.69,-0.27440000000000003,-12.740000000000002,True,False
Wayfair US,112418,SAF IJAZ,Supplier Service Desk,ABEJ1020,Bedding Sets,Bedding,0.05,46.41,27.06,-0.4171,-19.349999999999998,True,False
Wayfair US,1748,Revman International,Missy Paragamian,ERB1660,Accent Pillows,Bedding,0.308,46.36,17.86,-0.6147,-28.5,True,False
Wayfair US,1093,Trademark Global,Karolina Coulter,OSBL1014,Blankets And Throws,Bedding,0.29,46.27,6.82,-0.8526,-39.45,True,False
Wayfair US,25843,"Bedshe International Co.,LTD",Rainbow Wu,BDUR3318,Bedding Sets,Bedding,0.27,46.23,29.9,-0.3532,-16.33,True,False
Wayfair US,21028,EasyWay,Kate Schryver,SSET1514,Accent Pillows,Bedding,0.1,46.21,48.1,0.0408,1.8900000000000006,True,True
Wayfair US,76195,Ulli Home,Jaiden Lawlor,ULIH2774,Accent Pillows,Bedding,0.07,46.18,0.0,-1.0,-46.18,False,False
Wayfair US,241365,"CGK HOLDINGS, INC.",Jaiden Lawlor,CKAI1021,Sheets & Pillowcases,Bedding,0.2,46.1,43.25,-0.061900000000000004,-2.8500000000000014,True,False
Wayfair US,291,Surya,Alex Melius,YA78107,Accent Pillows,Bedding,0.1,46.08,60.82,0.3201,14.740000000000002,True,True
Wayfair US,80197,CENTRADE INC.,Jessica Gu,WWMA1163,Accent Pillows,Bedding,0.17,46.01,55.39,0.2039,9.380000000000003,True,True
Wayfair US,1987,JLA Home,Missy Paragamian,IVYB5574,Bedding Sets,Bedding,0.02,45.86,0.0,-1.0,-45.86,False,False
Wayfair US,25843,"Bedshe International Co.,LTD",Rainbow Wu,BDUR2246,Sheets & Pillowcases,Bedding,0.15,45.84,32.07,-0.3003,-13.770000000000003,True,False
Wayfair US,1987,JLA Home,Missy Paragamian,NCWA1897,Bedding Sets,Bedding,0.02,45.8,0.06,-0.9987999999999999,-45.739999999999995,True,False
Wayfair US,282391,Homechoice International Group,Rainbow Wu,HCIG1374,Bedding Sets,Bedding,0.25,45.61,80.47,0.7645000000000001,34.86,True,True
Wayfair US,348967,nanyangdingjiayueshangmaoyouxiangongsi,Jessica Gu,WAGS1049,Bedding Sets,Bedding,0.15,45.59,175.77,2.8556,130.18,True,True
Wayfair US,120032,Oveesha L.L.C.,Supplier Service Desk,KILF4701,Accent Pillows,Bedding,0.2,45.46,15.35,-0.6624,-30.11,True,False
Wayfair US,67551,"Suzhou lanqinglv Trading co,. ltd",lance Zhou,OELA1479,Bedding Sets,Bedding,0.3,45.26,198.89,3.3939,153.63,True,True
Wayfair US,1748,Revman International,Missy Paragamian,MBVB1338,Bedding Sets,Bedding,0.25,45.16,37.05,-0.1796,-8.11,True,False
Wayfair US,19319,I Enjoy Bedding Company,Madison Carvalho,BCCY1012,Bedding Sets,Bedding,0.2,45.01,97.54,1.1672,52.53000000000001,True,True
Wayfair US,25843,"Bedshe International Co.,LTD",Rainbow Wu,BDUR1626,Blankets And Throws,Bedding,0.05,44.75,57.14,0.2768,12.39,True,True
Wayfair US,1748,Revman International,Missy Paragamian,VRWG2232,Bedding Sets,Bedding,0.3614,44.61,63.35,0.4201,18.740000000000002,True,True
Wayfair US,40861,Home Design Inc,Zichu Wang,HDNN2567,Accent Pillows,Bedding,0.32,44.61,98.33,1.2045000000000001,53.72,True,True
Wayfair US,1987,JLA Home,Missy Paragamian,HLDS8541,Bedding Sets,Bedding,0.02,44.6,62.01,0.39049999999999996,17.409999999999997,True,True
Wayfair US,214227,"Caluha Company, LLC",Supplier Service Desk,UBAD1068,Accent Pillows,Bedding,0.15,44.57,0.0,-1.0,-44.57,False,False
Wayfair US,348967,nanyangdingjiayueshangmaoyouxiangongsi,Jessica Gu,WAGS1034,Bedding Sets,Bedding,0.05,44.51,43.58,-0.0208,-0.9299999999999997,True,False
Wayfair US,1987,JLA Home,Missy Paragamian,NCWA2431,Bedding Sets,Bedding,0.12,44.49,39.48,-0.1124,-5.010000000000005,True,False
Wayfair US,1748,Revman International,Missy Paragamian,VRWG2198,Bedding Sets,Bedding,0.36840000000000006,44.47,22.26,-0.49939999999999996,-22.209999999999997,True,False
Wayfair US,291,Surya,Alex Melius,YA84397,Accent Pillows,Bedding,0.1,44.42,75.39,0.6973,30.97,True,True
Wayfair US,25843,"Bedshe International Co.,LTD",Rainbow Wu,BDUR3328,Bedding Sets,Bedding,0.15,44.32,0.0,-1.0,-44.32,False,False
Wayfair US,25843,"Bedshe International Co.,LTD",Rainbow Wu,BDUR1142,Bedding Sets,Bedding,0.15,43.94,103.59,1.3577000000000001,59.650000000000006,True,True
Wayfair US,76195,Ulli Home,Jaiden Lawlor,ULIH2816,Accent Pillows,Bedding,0.07,43.89,0.0,-1.0,-43.89,False,False
Wayfair US,1748,Revman International,Missy Paragamian,ERB10879,Blankets And Throws,Bedding,0.2026,43.84,19.97,-0.5446,-23.870000000000005,True,False
Wayfair US,348967,nanyangdingjiayueshangmaoyouxiangongsi,Jessica Gu,WAGS1114,Bedding Sets,Bedding,0.1,43.83,27.65,-0.3693,-16.18,True,False
Wayfair US,19319,I Enjoy Bedding Company,Madison Carvalho,JLYI1203,Bedding Sets,Bedding,0.2,43.65,8.57,-0.8037000000000001,-35.08,True,False
Wayfair US,2740,Home City Inc.,Jaiden Lawlor,ZYWR1825,Sheets & Pillowcases,Bedding,0.07,43.64,0.0,-1.0,-43.64,False,False
Wayfair US,25843,"Bedshe International Co.,LTD",Rainbow Wu,BDUR1526,Bedding Sets,Bedding,0.27,43.58,54.71,0.2554,11.130000000000003,True,True
Wayfair US,1748,Revman International,Missy Paragamian,ERB10540,Blankets And Throws,Bedding,0.3503,43.5,39.66,-0.0882,-3.8400000000000034,True,False
Wayfair US,63138,"Changshu Youthsky Import Export Co.,Ltd",Jessica Gu,SEPL1082,Bedding Sets,Bedding,0.05,43.47,108.68,1.5,65.21000000000001,True,True
Wayfair US,23665,"Cozy Line Home Fashions, Inc.",Jaiden Lawlor,CLHF1049,Accent Pillows,Bedding,0.05,43.46,46.05,0.059699999999999996,2.5899999999999963,True,True
Wayfair US,1748,Revman International,Missy Paragamian,KCN10017,Bedding Sets,Bedding,0.1125,43.31,34.34,-0.2071,-8.969999999999999,True,False
Wayfair US,1748,Revman International,Missy Paragamian,KBFC1949,Bedding Sets,Bedding,0.365,43.2,23.57,-0.4545,-19.630000000000003,True,False
Wayfair US,19319,I Enjoy Bedding Company,Madison Carvalho,BCCY1017,Bedding Sets,Bedding,0.2,43.15,8.84,-0.7951,-34.31,True,False
Wayfair US,25843,"Bedshe International Co.,LTD",Rainbow Wu,BDUR3309,Bedding Sets,Bedding,0.18,42.95,43.82,0.0203,0.8699999999999974,True,True
Wayfair US,1748,Revman International,Missy Paragamian,MKK10012,Bedding Sets,Bedding,0.2,42.94,67.95,0.5826,25.010000000000005,True,True
Wayfair US,14580,Amrapur Overseas Inc.,Jaiden Lawlor,LURR1436,Bedding Sets,Bedding,0.15,42.92,6.99,-0.8370000000000001,-35.93,True,False
Wayfair US,19319,I Enjoy Bedding Company,Madison Carvalho,ANEW3982,Bedding Sets,Bedding,0.2,42.61,43.77,0.0273,1.1600000000000037,True,True
Wayfair US,25843,"Bedshe International Co.,LTD",Rainbow Wu,BDUR1262,Blankets And Throws,Bedding,0.05,42.6,15.66,-0.6323,-26.94,True,False
Wayfair US,7920,Riztex USA,Brianna Barrett,RZY11181,Accent Pillows,Bedding,0.25,42.58,37.68,-0.1151,-4.899999999999999,True,False
Wayfair US,1748,Revman International,Missy Paragamian,ERB10983,Bedding Sets,Bedding,0.33,42.52,108.2,1.5445,65.68,True,True
Wayfair US,30354,IYS Enterprises Inc.,Charlie O'Brien,IYSE1116,Sheets & Pillowcases,Bedding,0.18,42.43,163.51,2.8533,121.07999999999998,True,True
Wayfair US,2740,Home City Inc.,Jaiden Lawlor,ANEW4416,Blankets And Throws,Bedding,0.07,42.39,33.36,-0.21289999999999998,-9.030000000000001,True,False
Wayfair US,1987,JLA Home,Missy Paragamian,BCHH2244,Bedding Sets,Bedding,0.02,42.29,22.69,-0.46340000000000003,-19.599999999999998,True,False
Wayfair US,27676,Gouchee Home,Demi Wang,GCEE1705,Bedding Sets,Bedding,0.15,42.27,0.0,-1.0,-42.27,False,False
Wayfair US,2554,Pem America,Benjamin Hannigan,FYEB1028,Blankets And Throws,Bedding,0.1,42.25,89.63,1.1212,47.379999999999995,True,True
Wayfair US,1748,Revman International,Missy Paragamian,MBVB1762,Blankets And Throws,Bedding,0.1038,42.19,20.6,-0.5117,-21.589999999999996,True,False
Wayfair US,1987,JLA Home,Missy Paragamian,ZPCD7288,Bedding Sets,Bedding,0.02,42.16,113.43,1.6906999999999999,71.27000000000001,True,True
Wayfair US,1748,Revman International,Missy Paragamian,SBD10073,Bedding Sets,Bedding,0.2576,42.14,0.0,-1.0,-42.14,False,False
Wayfair US,1748,Revman International,Missy Paragamian,ERB10490,Bedding Sets,Bedding,0.33,42.03,8.65,-0.7940999999999999,-33.38,True,False
Wayfair US,340024,BNF Home Inc CAN_1,Vivian Peng,HREN1255,Accent Pillows,Bedding,0.3,42.01,44.84,0.0674,2.8300000000000054,True,True
Wayfair US,2740,Home City Inc.,Jaiden Lawlor,CHMB1374,Bedding Sets,Bedding,0.07,41.96,19.42,-0.5372,-22.54,True,False
Wayfair US,2740,Home City Inc.,Jaiden Lawlor,EDIV2288,Bedding Sets,Bedding,0.07,41.79,22.24,-0.4678,-19.55,True,False
Wayfair US,17102,Trade-Linker,Jaiden Lawlor,LBHX5319,Sheets & Pillowcases,Bedding,0.12,41.77,39.84,-0.0462,-1.9299999999999997,True,False
Wayfair US,1748,Revman International,Missy Paragamian,KBFC1936,Bedding Sets,Bedding,0.353,41.69,3.09,-0.9259999999999999,-38.599999999999994,True,False
Wayfair US,1748,Revman International,Missy Paragamian,BCTS1279,Sheets & Pillowcases,Bedding,0.2636,41.64,78.44,0.8837999999999999,36.8,True,True
Wayfair US,1748,Revman International,Missy Paragamian,MKK10013,Bedding Sets,Bedding,0.2,41.63,0.0,-1.0,-41.63,False,False
Wayfair US,67551,"Suzhou lanqinglv Trading co,. ltd",lance Zhou,OELA1507,Bedding Sets,Bedding,0.3,41.58,60.74,0.4607,19.160000000000004,True,True
Wayfair US,17662,Sanders Collection,Benjamin Hannigan,DFHO1570,Bedding Sets,Bedding,0.085,41.51,18.32,-0.5585,-23.189999999999998,True,False
Wayfair US,381,Safavieh,Alex Resnick,FV95041,Accent Pillows,Bedding,0.1379,41.47,0.0,-1.0,-41.47,False,False
Wayfair US,23665,"Cozy Line Home Fashions, Inc.",Jaiden Lawlor,CLHF1150,Bedding Sets,Bedding,0.05,41.34,27.03,-0.3461,-14.310000000000002,True,False
Wayfair US,1987,JLA Home,Missy Paragamian,VVRO8450,Kids Bedding Sets,Bedding,0.02,41.28,0.0,-1.0,-41.28,False,False
Wayfair US,63138,"Changshu Youthsky Import Export Co.,Ltd",Jessica Gu,SEPL1078,Bedding Sets,Bedding,0.05,40.9,0.0,-1.0,-40.9,False,False
Wayfair US,1987,JLA Home,Missy Paragamian,NGIN1226,Sheets & Pillowcases,Bedding,0.02,40.77,6.68,-0.8361,-34.09,True,False
Wayfair US,1748,Revman International,Missy Paragamian,ERB10931,Sheets & Pillowcases,Bedding,0.1195,40.73,52.1,0.27899999999999997,11.370000000000005,True,True
Wayfair US,36405,Colcha Linens,Jaiden Lawlor,AXBT1876,Bedding Sets,Bedding,0.2,40.62,0.0,-1.0,-40.62,False,False
Wayfair US,19567,Mytex,Supplier Service Desk,EDIS1001,Kids Bedding Sets,Bedding,0.2,40.31,27.87,-0.3086,-12.440000000000001,True,False
Wayfair US,2740,Home City Inc.,Jaiden Lawlor,WRLO7423,Sheets & Pillowcases,Bedding,0.07,40.29,0.0,-1.0,-40.29,False,False
Wayfair US,36405,Colcha Linens,Jaiden Lawlor,AXBT1848,Bedding Sets,Bedding,0.2,40.26,0.0,-1.0,-40.26,False,False
Wayfair US,36405,Colcha Linens,Jaiden Lawlor,AXBT1872,Bedding Sets,Bedding,0.2,40.26,0.0,-1.0,-40.26,False,False
Wayfair US,1987,JLA Home,Missy Paragamian,HUH10116,Bedding Sets,Bedding,0.02,40.08,110.78,1.7641999999999998,70.7,True,True
Wayfair US,1987,JLA Home,Missy Paragamian,RBSD4377,Bedding Sets,Bedding,0.1,40.05,22.97,-0.4264,-17.08,True,False
Wayfair US,25843,"Bedshe International Co.,LTD",Rainbow Wu,BDUR1164,Bedding Sets,Bedding,0.15,40.04,41.15,0.0279,1.1099999999999994,True,True
Wayfair US,1748,Revman International,Missy Paragamian,KCN10136,Bedding Sets,Bedding,0.233,39.95,87.11,1.1806,47.16,True,True
Wayfair US,1748,Revman International,Missy Paragamian,ERB10767,Bedding Sets,Bedding,0.2143,39.87,21.8,-0.4533,-18.069999999999997,True,False
Wayfair US,72667,"Jiangsu Meideni Textile CO.,LTD",lance Zhou,ALDL1005,Bedding Sets,Bedding,0.31,39.79,0.0,-1.0,-39.79,False,False
Wayfair US,291,Surya,Alex Melius,BL24236,Accent Pillows,Bedding,0.1,39.76,20.01,-0.49670000000000003,-19.749999999999996,True,False
Wayfair US,67551,"Suzhou lanqinglv Trading co,. ltd",lance Zhou,OELA1466,Bedding Sets,Bedding,0.33,39.72,71.3,0.7951,31.58,True,True
Wayfair US,1748,Revman International,Missy Paragamian,TBB1804,Blankets And Throws,Bedding,0.33,39.71,24.86,-0.3738,-14.850000000000001,True,False
Wayfair US,1748,Revman International,Missy Paragamian,OCHI1049,Bedding Sets,Bedding,0.1306,39.68,56.72,0.4294,17.04,True,True
Wayfair US,1748,Revman International,Missy Paragamian,ERB10603,Bedding Sets,Bedding,0.33,39.57,0.0,-1.0,-39.57,False,False
Wayfair US,1987,JLA Home,Missy Paragamian,NCWA2854,Bedding Sets,Bedding,0.02,39.49,15.84,-0.5989,-23.650000000000002,True,False
Wayfair US,80197,CENTRADE INC.,Jessica Gu,WWMA1233,Accent Pillows,Bedding,0.17,39.47,42.54,0.07769999999999999,3.0700000000000003,True,True
Wayfair US,104294,HOORAY USA INC,Asia Supplier Service Desk,AUNN1002,Sheets & Pillowcases,Bedding,0.1,39.41,0.0,-1.0,-39.41,False,False
Wayfair US,340024,BNF Home Inc CAN_1,Vivian Peng,RBSD4578,Bedding Sets,Bedding,0.3,39.39,17.95,-0.5444,-21.44,True,False
Wayfair US,1987,JLA Home,Missy Paragamian,BKWT2127,Bedding Sets,Bedding,0.1,39.37,26.49,-0.3273,-12.879999999999999,True,False
Wayfair US,36405,Colcha Linens,Jaiden Lawlor,AXBT1554,Bedding Sets,Bedding,0.2,39.32,0.0,-1.0,-39.32,False,False
Wayfair US,64786,source max inc,Hannah Guan,DXVA4746,Accent Pillows,Bedding,0.1,39.2,10.59,-0.73,-28.610000000000003,True,False
Wayfair US,241908,"NANTONG WELL TEXTILE SCIENCE AND TECHNOLOGY CO., LTD",Jessica Gu,IECL1000,Bedding Sets,Bedding,0.1,39.17,93.54,1.3881000000000001,54.370000000000005,True,True
Wayfair US,291,Surya,Alex Melius,YA78073,Accent Pillows,Bedding,0.1,39.1,0.0,-1.0,-39.1,False,False
Wayfair US,291,Surya,Alex Melius,ALMN1627,Accent Pillows,Bedding,0.1,38.93,29.87,-0.2328,-9.059999999999999,True,False
Wayfair US,1748,Revman International,Missy Paragamian,MSTT6666,Bedding Sets,Bedding,0.2189,38.71,15.25,-0.6061,-23.46,True,False
Wayfair US,1748,Revman International,Missy Paragamian,VRWG2186,Bedding Sets,Bedding,0.20010000000000003,38.62,39.97,0.0348,1.3500000000000014,True,True
Wayfair US,36405,Colcha Linens,Jaiden Lawlor,CETA2464,Bedding Sets,Bedding,0.2,38.59,0.0,-1.0,-38.59,False,False
Wayfair US,2554,Pem America,Benjamin Hannigan,BDOK1098,Bedding Sets,Bedding,0.1,38.57,20.08,-0.47950000000000004,-18.490000000000002,True,False
Wayfair US,1987,JLA Home,Missy Paragamian,NCWA1930,Bedding Sets,Bedding,0.02,38.46,96.83,1.5174,58.37,True,True
Wayfair US,80197,CENTRADE INC.,Jessica Gu,WWMA1089,Accent Pillows,Bedding,0.17,38.4,0.0,-1.0,-38.4,False,False
Wayfair US,1987,JLA Home,Missy Paragamian,LRKM5570,Bedding Sets,Bedding,0.07,38.35,13.12,-0.6578,-25.230000000000004,True,False
Wayfair US,1987,JLA Home,Missy Paragamian,NCWB1273,Bedding Sets,Bedding,0.1,38.33,103.74,1.7064,65.41,True,True
Wayfair US,25843,"Bedshe International Co.,LTD",Rainbow Wu,BDUR2308,Bedding Sets,Bedding,0.15,38.32,28.97,-0.2439,-9.350000000000001,True,False
Wayfair US,286791,"Boxer Home, LLC dba BOKSER HOME",Benjamin Hannigan,BKIE1024,Bedding Sets,Bedding,0.2,38.3,38.4,0.0025,0.10000000000000142,True,True
Wayfair US,291,Surya,Alex Melius,ATGR1003,Blankets And Throws,Bedding,0.1,38.29,51.09,0.3342,12.800000000000004,True,True
Wayfair US,291,Surya,Alex Melius,YA78112,Accent Pillows,Bedding,0.1,38.21,49.35,0.2916,11.14,True,True
Wayfair US,1987,JLA Home,Missy Paragamian,WLR1330,Bedding Sets,Bedding,0.02,38.05,33.47,-0.12050000000000001,-4.579999999999998,True,False
Wayfair US,291,Surya,Alex Melius,YA64366,Accent Pillows,Bedding,0.1,38.03,34.71,-0.0874,-3.3200000000000003,True,False
Wayfair US,19319,I Enjoy Bedding Company,Madison Carvalho,LGLY7082,Bedding Sets,Bedding,0.2,38.01,67.57,0.7776000000000001,29.559999999999995,True,True
Wayfair US,1987,JLA Home,Missy Paragamian,RDBL6665,Bedding Sets,Bedding,0.1,38.0,24.99,-0.3423,-13.010000000000002,True,False
Wayfair US,1987,JLA Home,Missy Paragamian,BTY1115,Blankets And Throws,Bedding,0.02,37.95,13.05,-0.6561,-24.900000000000002,True,False
Wayfair US,19319,I Enjoy Bedding Company,Madison Carvalho,JLYI1206,Bedding Sets,Bedding,0.2,37.93,8.84,-0.767,-29.09,True,False
Wayfair US,24696,Daniel Linen/Home Sweet Home Dreams Inc.,Supplier Service Desk,HSHD1373,Sheets & Pillowcases,Bedding,0.02,37.87,54.5,0.4393,16.630000000000003,True,True
Wayfair US,81366,Aholicdeals Inc,Supplier Service Desk,AOAI1133,Sheets & Pillowcases,Bedding,0.05,37.68,54.13,0.4364,16.450000000000003,True,True
Wayfair US,1748,Revman International,Missy Paragamian,QO10430,Bedding Sets,Bedding,0.41869999999999996,37.65,37.87,0.006,0.21999999999999886,True,True
Wayfair US,1987,JLA Home,Missy Paragamian,EBRD5172,Sheets & Pillowcases,Bedding,0.02,37.62,13.47,-0.642,-24.15,True,False
Wayfair US,55893,WonderfulCo,lance Zhou,WNTX1136,Bedding Sets,Bedding,0.1,37.58,0.0,-1.0,-37.58,False,False
Wayfair US,1748,Revman International,Missy Paragamian,MBVB1830,Bedding Sets,Bedding,0.2445,37.43,16.17,-0.5678,-21.259999999999998,True,False
Wayfair US,76195,Ulli Home,Jaiden Lawlor,ULIH2783,Accent Pillows,Bedding,0.07,37.41,0.0,-1.0,-37.41,False,False
Wayfair US,59132,South Point Home Fashions Inc.,Jessica Gu,SLPE1094,Sheets & Pillowcases,Bedding,0.15,37.34,0.0,-1.0,-37.34,False,False
Wayfair US,19319,I Enjoy Bedding Company,Madison Carvalho,JLYI1246,Accent Pillows,Bedding,0.2,37.09,44.65,0.20379999999999998,7.559999999999995,True,True
Wayfair US,291,Surya,Alex Melius,YA70004,Bedding Sets,Bedding,0.1,37.07,0.0,-1.0,-37.07,False,False
Wayfair US,29398,CAN_HUI Resource,Supplier Service Desk,PBHM3490,Accent Pillows,Bedding,0.35,37.05,21.16,-0.4289,-15.889999999999997,True,False
Wayfair US,1987,JLA Home,Missy Paragamian,NCWA2590,Bedding Sets,Bedding,0.02,37.03,33.46,-0.09630000000000001,-3.5700000000000003,True,False
Wayfair US,19319,I Enjoy Bedding Company,Madison Carvalho,CHRL7605,Bedding Sets,Bedding,0.2,37.0,13.44,-0.6367,-23.560000000000002,True,False
Wayfair US,1748,Revman International,Missy Paragamian,MBVB1952,Bedding Sets,Bedding,0.3094,36.99,75.86,1.0509,38.87,True,True
Wayfair US,1987,JLA Home,Missy Paragamian,NCWA2775,Bedding Sets,Bedding,0.1,36.96,19.56,-0.47090000000000004,-17.400000000000002,True,False
Wayfair US,12608,Lifestyle,Paige Beattie,UNOR2459,Accent Pillows,Bedding,0.22,36.82,0.0,-1.0,-36.82,False,False
Wayfair US,1748,Revman International,Missy Paragamian,MSTT6607,Bedding Sets,Bedding,0.27949999999999997,36.67,0.0,-1.0,-36.67,False,False
Wayfair US,1987,JLA Home,Missy Paragamian,DRBH6341,Bedding Sets,Bedding,0.12,36.63,30.86,-0.1575,-5.770000000000003,True,False
Wayfair US,32808,CAN_Cathay Home Inc.,Paige Beattie,CHLH8179,Bedding Sets,Bedding,0.3,36.53,41.59,0.13849999999999998,5.060000000000002,True,True
Wayfair US,32808,CAN_Cathay Home Inc.,Paige Beattie,DRVU1147,Sheets & Pillowcases,Bedding,0.4,36.45,58.09,0.5937,21.64,True,True
Wayfair US,25843,"Bedshe International Co.,LTD",Rainbow Wu,BDUR3082,Bedding Sets,Bedding,0.49090000000000006,36.34,0.0,-1.0,-36.34,False,False
Wayfair US,76195,Ulli Home,Jaiden Lawlor,ULIH2834,Accent Pillows,Bedding,0.07,36.31,13.39,-0.6312,-22.92,True,False
Wayfair US,214227,"Caluha Company, LLC",Supplier Service Desk,UBAD1019,Accent Pillows,Bedding,0.15,36.3,52.14,0.4362,15.840000000000003,True,True
Wayfair US,358408,"Xinyun Keji (Shanghai) Trading Co., Ltd.",Jessica Gu,FNYU1008,Bedding Sets,Bedding,0.4,36.3,0.0,-1.0,-36.3,False,False
Wayfair US,36405,Colcha Linens,Jaiden Lawlor,AXBT1823,Bedding Sets,Bedding,0.2,36.27,0.0,-1.0,-36.27,False,False
Wayfair US,1748,Revman International,Missy Paragamian,ONAW2729,Bedding Sets,Bedding,0.1406,36.19,0.0,-1.0,-36.19,False,False
Wayfair US,66336,OKAO WHOLESALE PRODUCTS INC,Supplier Service Desk,OAOH1000,Sheets & Pillowcases,Bedding,0.15,36.14,48.48,0.34149999999999997,12.339999999999996,True,True
Wayfair US,73596,Fresh Linen Collection Inc,Supplier Service Desk,CESH1025,Sheets & Pillowcases,Bedding,0.02,36.1,34.5,-0.0444,-1.6000000000000014,True,False
Wayfair US,291,Surya,Alex Melius,YA75025,Accent Pillows,Bedding,0.1,36.06,0.0,-1.0,-36.06,False,False
Wayfair US,107502,QKXB INC,Asia Supplier Service Desk,JHAA1004,Accent Pillows,Bedding,0.4157,36.05,38.19,0.0592,2.1400000000000006,True,True
Wayfair US,27676,Gouchee Home,Demi Wang,GCEE1634,Bed Skirts,Bedding,0.2609,35.91,22.54,-0.37229999999999996,-13.369999999999997,True,False
Wayfair US,988,One Up Innovations,Kosi Obi,ICRY1117,Accent Pillows,Bedding,0.05,35.89,0.0,-1.0,-35.89,False,False
Wayfair US,291,Surya,Alex Melius,YA71766,Blankets And Throws,Bedding,0.1,35.84,13.68,-0.6183,-22.160000000000004,True,False
Wayfair US,1748,Revman International,Missy Paragamian,DRQH2047,Sheets & Pillowcases,Bedding,0.2575,35.58,49.51,0.39159999999999995,13.93,True,True
Wayfair US,67551,"Suzhou lanqinglv Trading co,. ltd",lance Zhou,OELA1159,Bedding Sets,Bedding,0.33,35.55,28.86,-0.188,-6.689999999999998,True,False
Wayfair US,228805,IMPERIAL HOMEWARE LONDON LIMITED,Supplier Service Desk,IPCR1013,Bedding Sets,Bedding,0.1,35.55,48.39,0.3613,12.840000000000003,True,True
Wayfair US,333115,Topfinel CAN,Vivian Peng,TPFI1002,Accent Pillows,Bedding,0.3,35.54,18.68,-0.47450000000000003,-16.86,True,False
Wayfair US,1748,Revman International,Missy Paragamian,ERB1781,Blankets And Throws,Bedding,0.0479,35.33,42.6,0.20600000000000002,7.270000000000003,True,True
Wayfair US,282391,Homechoice International Group,Rainbow Wu,HCIG1778,Accent Pillows,Bedding,0.25,35.23,3.39,-0.9039,-31.839999999999996,True,False
Wayfair US,19319,I Enjoy Bedding Company,Madison Carvalho,JLYI1207,Bedding Sets,Bedding,0.2,35.22,15.52,-0.5594,-19.7,True,False
Wayfair US,14925,Lichtenberg,Missy Paragamian,GDIG1130,Bedding Sets,Bedding,0.2,35.19,79.18,1.2499,43.99000000000001,True,True
Wayfair US,1987,JLA Home,Missy Paragamian,LGLY6459,Blankets And Throws,Bedding,0.02,35.15,27.66,-0.21309999999999998,-7.489999999999998,True,False
Wayfair US,1748,Revman International,Missy Paragamian,ERB10478,Bedding Sets,Bedding,0.1801,35.03,17.55,-0.499,-17.48,True,False
Wayfair US,24282,"Nanshing America, Inc.",Jaiden Lawlor,MBSR1283,Bedding Sets,Bedding,0.1,35.0,21.3,-0.39130000000000004,-13.7,True,False
Wayfair US,2740,Home City Inc.,Jaiden Lawlor,CHMB1373,Bedding Sets,Bedding,0.07,34.99,44.88,0.2829,9.89,True,True
Wayfair US,36405,Colcha Linens,Jaiden Lawlor,AXBT1149,Bedding Sets,Bedding,0.2,34.82,0.0,-1.0,-34.82,False,False
Wayfair US,2740,Home City Inc.,Jaiden Lawlor,SPES1166,Bedding Sets,Bedding,0.07,34.72,0.0,-1.0,-34.72,False,False
Wayfair US,7920,Riztex USA,Brianna Barrett,RZY11355,Accent Pillows,Bedding,0.25,34.68,49.32,0.42219999999999996,14.64,True,True
Wayfair US,1987,JLA Home,Missy Paragamian,ENDE4206,Blankets And Throws,Bedding,0.02,34.66,54.25,0.5654,19.590000000000003,True,True
Wayfair US,291,Surya,Alex Melius,ANEW1825,Accent Pillows,Bedding,0.1,34.64,36.62,0.057300000000000004,1.9799999999999969,True,True
Wayfair US,1748,Revman International,Missy Paragamian,TMBH1217,Bedding Sets,Bedding,0.07490000000000001,34.63,24.11,-0.3037,-10.520000000000003,True,False
Wayfair US,1987,JLA Home,Missy Paragamian,QMP2006,Bedding Sets,Bedding,0.1,34.57,112.75,2.2615,78.18,True,True
Wayfair US,291,Surya,Alex Melius,YA81484,Accent Pillows,Bedding,0.1,34.56,18.74,-0.4579,-15.820000000000004,True,False
Wayfair US,65656,Topfinel,Elvira Tang,DCNV2259,Accent Pillows,Bedding,0.25,34.52,43.12,0.249,8.599999999999994,True,True
Wayfair US,7920,Riztex USA,Brianna Barrett,RZY11086,Accent Pillows,Bedding,0.25,34.51,25.12,-0.2721,-9.389999999999997,True,False
Wayfair US,19319,I Enjoy Bedding Company,Madison Carvalho,ALTL5927,Bed Skirts,Bedding,0.2,34.5,8.53,-0.7528,-25.97,True,False
Wayfair US,291,Surya,Alex Melius,YA69163,Accent Pillows,Bedding,0.1,34.48,0.0,-1.0,-34.48,False,False
Wayfair US,30354,IYS Enterprises Inc.,Charlie O'Brien,IYSE1114,Sheets & Pillowcases,Bedding,0.18,34.47,32.73,-0.050300000000000004,-1.740000000000002,True,False
Wayfair US,2554,Pem America,Benjamin Hannigan,BDOK1049,Sheets & Pillowcases,Bedding,0.21,34.14,56.04,0.6414,21.9,True,True
Wayfair US,1748,Revman International,Missy Paragamian,VRWG2207,Bedding Sets,Bedding,0.2664,34.02,105.27,2.0947999999999998,71.25,True,True
Wayfair US,1987,JLA Home,Missy Paragamian,RDBS3541,Bedding Sets,Bedding,0.02,33.96,61.58,0.8137000000000001,27.619999999999997,True,True
Wayfair US,1748,Revman International,Missy Paragamian,ERB1340,Blankets And Throws,Bedding,0.2857,33.95,13.83,-0.5925,-20.120000000000005,True,False
Wayfair US,291,Surya,Alex Melius,YA76807,Accent Pillows,Bedding,0.1,33.94,48.2,0.42,14.260000000000005,True,True
Wayfair US,19319,I Enjoy Bedding Company,Madison Carvalho,JLYI1131,Bedding Sets,Bedding,0.2,33.91,14.88,-0.5611,-19.029999999999994,True,False
Wayfair US,19319,I Enjoy Bedding Company,Madison Carvalho,BCCY1011,Bedding Sets,Bedding,0.2,33.83,26.7,-0.2109,-7.129999999999999,True,False
Wayfair US,17662,Sanders Collection,Benjamin Hannigan,MBWI1068,Accent Pillows,Bedding,0.105,33.69,81.03,1.4052,47.34,True,True
Wayfair US,19567,Mytex,Supplier Service Desk,CBLN1029,Bedding Sets,Bedding,0.2,33.63,0.0,-1.0,-33.63,False,False
Wayfair US,291,Surya,Alex Melius,YA83824,Accent Pillows,Bedding,0.1,33.57,125.0,2.7231,91.43,True,True
Wayfair US,25843,"Bedshe International Co.,LTD",Rainbow Wu,BDUR1780,Bedding Sets,Bedding,0.25,33.54,154.76,3.6144,121.22,True,True
Wayfair US,24282,"Nanshing America, Inc.",Jaiden Lawlor,NAAM1077,Bedding Sets,Bedding,0.11,33.46,61.09,0.8259000000000001,27.630000000000003,True,True
Wayfair US,2554,Pem America,Benjamin Hannigan,SDCM1195,Bedding Sets,Bedding,0.1,33.35,17.46,-0.4765,-15.89,True,False
Wayfair US,1987,JLA Home,Missy Paragamian,CHRH6445,Bedding Sets,Bedding,0.12,33.25,77.76,1.3387,44.510000000000005,True,True
Wayfair US,1987,JLA Home,Missy Paragamian,NGIN1178,Bedding Sets,Bedding,0.07,33.23,8.1,-0.7564,-25.129999999999995,True,False
Wayfair US,24696,Daniel Linen/Home Sweet Home Dreams Inc.,Supplier Service Desk,CHMB1670,Sheets & Pillowcases,Bedding,0.02,33.18,41.19,0.2415,8.009999999999998,True,True
Wayfair US,72667,"Jiangsu Meideni Textile CO.,LTD",lance Zhou,ALDL1219,Bedding Sets,Bedding,0.19,33.07,29.71,-0.1017,-3.3599999999999994,True,False
Wayfair US,1748,Revman International,Missy Paragamian,MBVB1819,Bedding Sets,Bedding,0.2879,32.99,0.58,-0.9823999999999999,-32.410000000000004,True,False
Wayfair US,340024,BNF Home Inc CAN_1,Vivian Peng,LRKM5720,Blankets And Throws,Bedding,0.3,32.98,45.9,0.39189999999999997,12.920000000000002,True,True
Wayfair US,80197,CENTRADE INC.,Jessica Gu,WWMA1423,Accent Pillows,Bedding,0.17,32.93,0.0,-1.0,-32.93,False,False
Wayfair US,24613,Puredown,Sylvia Ding,MACE1237,Blankets And Throws,Bedding,0.15,32.92,25.54,-0.2241,-7.380000000000003,True,False
Wayfair US,14925,Lichtenberg,Missy Paragamian,GDIG1131,Bedding Sets,Bedding,0.2,32.88,40.21,0.223,7.329999999999998,True,True
Wayfair US,1748,Revman International,Missy Paragamian,VRWG2249,Bedding Sets,Bedding,0.33,32.83,0.0,-1.0,-32.83,False,False
Wayfair US,2554,Pem America,Benjamin Hannigan,LFMF3780,Bedding Sets,Bedding,0.12140000000000001,32.6,36.62,0.1233,4.019999999999996,True,True
Wayfair US,36405,Colcha Linens,Jaiden Lawlor,AXBT1145,Bedding Sets,Bedding,0.2,32.54,0.0,-1.0,-32.54,False,False
Wayfair US,1748,Revman International,Missy Paragamian,MBVB1861,Bedding Sets,Bedding,0.2949,32.51,0.0,-1.0,-32.51,False,False
Wayfair US,2554,Pem America,Benjamin Hannigan,SDCM1067,Bedding Sets,Bedding,0.1,32.45,0.0,-1.0,-32.45,False,False
Wayfair US,59132,South Point Home Fashions Inc.,Jessica Gu,SLPE1040,Bed Skirts,Bedding,0.15,32.44,9.7,-0.701,-22.74,True,False
Wayfair US,14580,Amrapur Overseas Inc.,Jaiden Lawlor,MDER1150,Blankets And Throws,Bedding,0.15,32.41,0.0,-1.0,-32.41,False,False
Wayfair US,2554,Pem America,Benjamin Hannigan,SBBC1251,Bedding Sets,Bedding,0.1,32.38,0.0,-1.0,-32.38,False,False
Wayfair US,65656,Topfinel,Elvira Tang,DCNV2492,Accent Pillows,Bedding,0.3,32.27,102.57,2.1782,70.29999999999998,True,True
Wayfair US,22180,DesignArt Inc.,Maxwell Threlkeld,CBZF8089,Accent Pillows,Bedding,0.22,32.23,53.34,0.6552,21.110000000000007,True,True
Wayfair US,36405,Colcha Linens,Jaiden Lawlor,AXBT1196,Bedding Sets,Bedding,0.2,32.2,0.0,-1.0,-32.2,False,False
Wayfair US,25843,"Bedshe International Co.,LTD",Rainbow Wu,BDUR3303,Bedding Sets,Bedding,0.5,32.19,43.93,0.36469999999999997,11.740000000000002,True,True
Wayfair US,35160,Lava Garden Inc.,Supplier Service Desk,ACRY2854,Accent Pillows,Bedding,0.2,32.16,26.81,-0.16620000000000001,-5.349999999999998,True,False
Wayfair US,241365,"CGK HOLDINGS, INC.",Jaiden Lawlor,CKAI1014,Sheets & Pillowcases,Bedding,0.2,32.14,50.68,0.5769,18.54,True,True
Wayfair US,25843,"Bedshe International Co.,LTD",Rainbow Wu,BDUR2337,Bedding Sets,Bedding,0.37,32.13,26.84,-0.16440000000000002,-5.290000000000003,True,False
Wayfair US,7224,Greendale Home Fashions,Kate Schryver,GNF10267,Accent Pillows,Bedding,0.05,32.06,46.58,0.45289999999999997,14.519999999999996,True,True
Wayfair US,25843,"Bedshe International Co.,LTD",Rainbow Wu,BDUR2345,Bedding Sets,Bedding,0.12,32.02,0.0,-1.0,-32.02,False,False
Wayfair US,1748,Revman International,Missy Paragamian,ERB10594,Sheets & Pillowcases,Bedding,0.2519,31.95,47.42,0.4841,15.470000000000002,True,True
Wayfair US,1748,Revman International,Missy Paragamian,VRWG2180,Bedding Sets,Bedding,0.17579999999999998,31.95,0.0,-1.0,-31.95,False,False
Wayfair US,7920,Riztex USA,Brianna Barrett,RZY10440,Accent Pillows,Bedding,0.25,31.95,7.27,-0.7724,-24.68,True,False
Wayfair US,19567,Mytex,Supplier Service Desk,ACXB1050,Bedding Sets,Bedding,0.1,31.92,43.81,0.3725,11.89,True,True
Wayfair US,36405,Colcha Linens,Jaiden Lawlor,AXBT1003,Bedding Sets,Bedding,0.2,31.92,0.0,-1.0,-31.92,False,False
Wayfair US,25843,"Bedshe International Co.,LTD",Rainbow Wu,BDUR2335,Bedding Sets,Bedding,0.12,31.86,68.52,1.1506999999999998,36.66,True,True
Wayfair US,23665,"Cozy Line Home Fashions, Inc.",Jaiden Lawlor,VVRE3750,Kids Bedding Sets,Bedding,0.05,31.85,0.0,-1.0,-31.85,False,False
Wayfair US,1987,JLA Home,Missy Paragamian,BADI1283,Bedding Sets,Bedding,0.1,31.77,69.88,1.1995,38.11,True,True
Wayfair US,241365,"CGK HOLDINGS, INC.",Jaiden Lawlor,CKAI1009,Sheets & Pillowcases,Bedding,0.2,31.66,35.26,0.11359999999999999,3.599999999999998,True,True
Wayfair US,1748,Revman International,Missy Paragamian,ERB1391,Bedding Sets,Bedding,0.2865,31.64,40.09,0.2672,8.450000000000003,True,True
Wayfair US,24613,Puredown,Sylvia Ding,OCMY1013,Blankets And Throws,Bedding,0.1,31.6,14.12,-0.5531,-17.480000000000004,True,False
Wayfair US,72667,"Jiangsu Meideni Textile CO.,LTD",lance Zhou,ALDL1142,Bedding Sets,Bedding,0.21,31.55,0.0,-1.0,-31.55,False,False
Wayfair US,72667,"Jiangsu Meideni Textile CO.,LTD",lance Zhou,ALDL1187,Bedding Sets,Bedding,0.15,31.55,25.19,-0.20170000000000002,-6.359999999999999,True,False
Wayfair US,19319,I Enjoy Bedding Company,Madison Carvalho,JLYI1130,Bedding Sets,Bedding,0.2,31.54,60.46,0.9168000000000001,28.92,True,True
Wayfair US,1748,Revman International,Missy Paragamian,ERB10874,Bedding Sets,Bedding,0.2734,31.51,14.68,-0.5342,-16.830000000000002,True,False
Wayfair US,7920,Riztex USA,Brianna Barrett,RZY10609,Accent Pillows,Bedding,0.25,31.48,42.63,0.3542,11.150000000000002,True,True
Wayfair US,1987,JLA Home,Missy Paragamian,NCWA2523,Bedding Sets,Bedding,0.1,31.42,43.78,0.3932,12.36,True,True
Wayfair US,1748,Revman International,Missy Paragamian,TBB1742,Accent Pillows,Bedding,0.1998,31.42,69.75,1.2201,38.33,True,True
Wayfair US,7920,Riztex USA,Brianna Barrett,RZZY1014,Accent Pillows,Bedding,0.25,31.41,0.0,-1.0,-31.41,False,False
Wayfair US,1987,JLA Home,Missy Paragamian,JLZL1193,Bedding Sets,Bedding,0.12,31.28,12.5,-0.6004999999999999,-18.78,True,False
Wayfair US,1748,Revman International,Missy Paragamian,VRWG2176,Bedding Sets,Bedding,0.2361,31.25,15.68,-0.4984,-15.57,True,False
Wayfair US,36405,Colcha Linens,Jaiden Lawlor,AXBT1166,Bedding Sets,Bedding,0.2,31.19,0.0,-1.0,-31.19,False,False
Wayfair US,80197,CENTRADE INC.,Jessica Gu,WWMA1176,Accent Pillows,Bedding,0.17,31.11,0.0,-1.0,-31.11,False,False
Wayfair US,1748,Revman International,Missy Paragamian,MBVB1090,Blankets And Throws,Bedding,0.33,31.06,54.81,0.7645000000000001,23.750000000000004,True,True
Wayfair US,1748,Revman International,Missy Paragamian,MKK10051,Bedding Sets,Bedding,0.1349,31.04,31.29,0.0078000000000000005,0.25,True,True
Wayfair US,2554,Pem America,Benjamin Hannigan,EDIV1008,Sheets & Pillowcases,Bedding,0.1732,31.04,0.0,-1.0,-31.04,False,False
Wayfair US,1748,Revman International,Missy Paragamian,MBVB1800,Bedding Sets,Bedding,0.2545,31.01,0.0,-1.0,-31.01,False,False
Wayfair US,120032,Oveesha L.L.C.,Supplier Service Desk,OEES1002,Accent Pillows,Bedding,0.2,30.99,37.86,0.2217,6.870000000000001,True,True
Wayfair US,291,Surya,Alex Melius,YA78716,Accent Pillows,Bedding,0.1,30.96,12.76,-0.5877,-18.200000000000003,True,False
Wayfair US,1748,Revman International,Missy Paragamian,IFGN1005,Bedding Sets,Bedding,0.1972,30.95,0.0,-1.0,-30.95,False,False
Wayfair US,1748,Revman International,Missy Paragamian,TBL11049,Bedding Sets,Bedding,0.2712,30.92,43.21,0.39740000000000003,12.29,True,True
Wayfair US,25843,"Bedshe International Co.,LTD",Rainbow Wu,BDUR3384,Bedding Sets,Bedding,0.5,30.92,53.62,0.7343999999999999,22.699999999999996,True,True
Wayfair US,119490,Bes Home Corp.,Benjamin Hannigan,LLIJ1207,Accent Pillows,Bedding,0.15,30.9,21.33,-0.3096,-9.57,True,False
Wayfair US,11526,Modway Inc.,Kate Schryver,LGLY7222,Accent Pillows,Bedding,0.5498,30.85,45.38,0.4708,14.530000000000001,True,True
Wayfair US,17539,BNF Home,lance Zhou,SOFH1387,Blankets And Throws,Bedding,0.1,30.85,14.4,-0.5332,-16.450000000000003,True,False
Wayfair US,1748,Revman International,Missy Paragamian,ERB1873,Bedding Sets,Bedding,0.21789999999999998,30.78,16.74,-0.456,-14.040000000000003,True,False
Wayfair US,25843,"Bedshe International Co.,LTD",Rainbow Wu,BDUR1673,Bedding Sets,Bedding,0.15,30.72,0.0,-1.0,-30.72,False,False
Wayfair US,1987,JLA Home,Missy Paragamian,TRPT5932,Bedding Sets,Bedding,0.1,30.7,73.15,1.3824,42.45,True,True
Wayfair US,12608,Lifestyle,Paige Beattie,HMRT3196,Accent Pillows,Bedding,0.3,30.7,0.0,-1.0,-30.7,False,False
Wayfair US,291,Surya,Alex Melius,YA83234,Accent Pillows,Bedding,0.1,30.69,7.25,-0.7636,-23.44,True,False
Wayfair US,1748,Revman International,Missy Paragamian,BCTS1191,Sheets & Pillowcases,Bedding,0.2502,30.67,29.72,-0.030899999999999997,-0.9500000000000028,True,False
Wayfair US,291,Surya,Alex Melius,YA73395,Accent Pillows,Bedding,0.1,30.55,39.61,0.2967,9.059999999999999,True,True
Wayfair US,19319,I Enjoy Bedding Company,Madison Carvalho,JLYI1231,Bedding Sets,Bedding,0.2,30.54,14.91,-0.5117,-15.629999999999999,True,False
Wayfair US,12608,Lifestyle,Paige Beattie,MECY3122,Accent Pillows,Bedding,0.3,30.52,10.95,-0.6411,-19.57,True,False
Wayfair US,1748,Revman International,Missy Paragamian,TBL10912,Bed Skirts,Bedding,0.2327,30.47,32.11,0.054000000000000006,1.6400000000000006,True,True
Wayfair US,25843,"Bedshe International Co.,LTD",Rainbow Wu,BDUR3110,Bedding Sets,Bedding,0.31,30.44,41.45,0.3618,11.010000000000002,True,True
Wayfair US,19567,Mytex,Supplier Service Desk,BDAR1017,Bedding Sets,Bedding,0.1,30.42,37.49,0.2324,7.07,True,True
Wayfair US,38830,Costway,David Liu,CSWY5255,Blankets And Throws,Bedding,0.49,30.4,117.57,2.8672000000000004,87.16999999999999,True,True
Wayfair US,19319,I Enjoy Bedding Company,Madison Carvalho,JLYI1201,Bedding Sets,Bedding,0.2,30.33,115.74,2.8164,85.41,True,True
Wayfair US,16941,Sunham Home Fashions,Benjamin Hannigan,LCST1304,Bedding Sets,Bedding,0.18,30.29,24.85,-0.1795,-5.439999999999998,True,False
Wayfair US,291,Surya,Alex Melius,YA64451,Accent Pillows,Bedding,0.1,30.2,4.15,-0.8623999999999999,-26.049999999999997,True,False
Wayfair US,72667,"Jiangsu Meideni Textile CO.,LTD",lance Zhou,ALDL1223,Blankets And Throws,Bedding,0.26,30.15,11.36,-0.6232,-18.79,True,False
Wayfair US,17662,Sanders Collection,Benjamin Hannigan,GSTL1161,Accent Pillows,Bedding,0.07,30.13,43.77,0.45299999999999996,13.640000000000004,True,True
Wayfair US,1748,Revman International,Missy Paragamian,MBVB1317,Bedding Sets,Bedding,0.26940000000000003,30.11,0.0,-1.0,-30.11,False,False
Wayfair US,1987,JLA Home,Missy Paragamian,NCWA2546,Sheets & Pillowcases,Bedding,0.02,30.09,63.47,1.1093000000000002,33.379999999999995,True,True
Wayfair US,2554,Pem America,Benjamin Hannigan,BCMH3037,Bedding Sets,Bedding,0.1,29.96,32.52,0.08539999999999999,2.5600000000000023,True,True
Wayfair US,76195,Ulli Home,Jaiden Lawlor,ULIH3038,Accent Pillows,Bedding,0.07,29.95,0.0,-1.0,-29.95,False,False
Wayfair US,1987,JLA Home,Missy Paragamian,WLR1254,Bedding Sets,Bedding,0.15,29.92,37.69,0.2595,7.769999999999996,True,True
Wayfair US,19319,I Enjoy Bedding Company,Madison Carvalho,JLYI1244,Accent Pillows,Bedding,0.2,29.89,42.1,0.40840000000000004,12.21,True,True
Wayfair US,25843,"Bedshe International Co.,LTD",Rainbow Wu,BDUR1689,Bedding Sets,Bedding,0.1,29.87,13.78,-0.5386,-16.090000000000003,True,False
Wayfair US,25843,"Bedshe International Co.,LTD",Rainbow Wu,BDUR1495,Sheets & Pillowcases,Bedding,0.05,29.82,14.31,-0.5202,-15.51,True,False
Wayfair US,5148,CGG Home Fashions,Supplier Service Desk,ONAW4591,Sheets & Pillowcases,Bedding,0.3,29.81,61.44,1.0608,31.63,True,True
Wayfair US,23665,"Cozy Line Home Fashions, Inc.",Jaiden Lawlor,CLHF1171,Bedding Sets,Bedding,0.05,29.81,44.11,0.4796,14.3,True,True
Wayfair US,1748,Revman International,Missy Paragamian,TMBH1232,Bedding Sets,Bedding,0.17920000000000003,29.8,14.87,-0.5011,-14.930000000000001,True,False
Wayfair US,1987,JLA Home,Missy Paragamian,NCWA1910,Sheets & Pillowcases,Bedding,0.02,29.77,24.06,-0.1918,-5.710000000000001,True,False
Wayfair US,76195,Ulli Home,Jaiden Lawlor,ULIH3045,Accent Pillows,Bedding,0.07,29.72,7.44,-0.7497,-22.279999999999998,True,False
Wayfair US,1748,Revman International,Missy Paragamian,SBQY1046,Bedding Sets,Bedding,0.2531,29.67,64.63,1.1783,34.959999999999994,True,True
Wayfair US,358408,"Xinyun Keji (Shanghai) Trading Co., Ltd.",Jessica Gu,FNYU1000,Bedding Sets,Bedding,0.3,29.62,61.95,1.0914,32.33,True,True
Wayfair US,43431,ocean home fashion inc,Asia Supplier Service Desk,MRCL1124,Bedding Sets,Bedding,0.11,29.58,29.8,0.0075,0.22000000000000242,True,True
Wayfair US,291,Surya,Alex Melius,YA73975,Accent Pillows,Bedding,0.1,29.28,21.96,-0.25,-7.32,True,False
Wayfair US,63138,"Changshu Youthsky Import Export Co.,Ltd",Jessica Gu,SEPL1072,Sheets & Pillowcases,Bedding,0.05,29.25,9.75,-0.6667000000000001,-19.5,True,False
Wayfair US,120032,Oveesha L.L.C.,Supplier Service Desk,OEES1018,Accent Pillows,Bedding,0.2,29.24,68.34,1.3369,39.10000000000001,True,True
Wayfair US,231459,Fabdivine LLC,Benjamin Hannigan,DBDI1520,Accent Pillows,Bedding,0.18,29.24,48.42,0.6559,19.180000000000003,True,True
Wayfair US,1987,JLA Home,Missy Paragamian,NCWB1272,Bedding Sets,Bedding,0.12,29.17,169.33,4.805400000000001,140.16000000000003,True,True
Wayfair US,17539,BNF Home,lance Zhou,SOFH1155,Bedding Sets,Bedding,0.1,29.15,16.47,-0.4351,-12.68,True,False
Wayfair US,24282,"Nanshing America, Inc.",Jaiden Lawlor,ORNE3204,Bedding Sets,Bedding,0.1,29.05,35.63,0.2267,6.580000000000002,True,True
Wayfair US,25843,"Bedshe International Co.,LTD",Rainbow Wu,BDUR1272,Blankets And Throws,Bedding,0.05,28.93,19.47,-0.3268,-9.46,True,False
Wayfair US,23665,"Cozy Line Home Fashions, Inc.",Jaiden Lawlor,CLHF1448,Bed Skirts,Bedding,0.05,28.89,13.51,-0.5322,-15.38,True,False
Wayfair US,65656,Topfinel,Elvira Tang,TPFI1173,Accent Pillows,Bedding,0.45,28.88,37.85,0.3104,8.970000000000002,True,True
Wayfair US,214227,"Caluha Company, LLC",Supplier Service Desk,UBAD1012,Accent Pillows,Bedding,0.15,28.82,48.92,0.6970999999999999,20.1,True,True
Wayfair US,381,Safavieh,Alex Resnick,FV78985,Accent Pillows,Bedding,0.1035,28.77,9.28,-0.6774,-19.490000000000002,True,False
Wayfair US,1748,Revman International,Missy Paragamian,ERB1759,Blankets And Throws,Bedding,0.3533,28.75,20.94,-0.2717,-7.809999999999999,True,False
Wayfair US,124631,Xiamen Fengheruili Huwaiyongpin Youxiangongsi,Asia Supplier Service Desk,ITIO1018,Accent Pillows,Bedding,0.32,28.7,36.6,0.2752,7.900000000000002,True,True
Wayfair US,1748,Revman International,Missy Paragamian,QO10380,Bedding Sets,Bedding,0.1616,28.69,124.49,3.3394999999999997,95.8,True,True
Wayfair US,1987,JLA Home,Missy Paragamian,NGIN1247,Blankets And Throws,Bedding,0.02,28.65,97.03,2.3872999999999998,68.38,True,True
Wayfair US,19319,I Enjoy Bedding Company,Madison Carvalho,BCCY1024,Sheets & Pillowcases,Bedding,0.2,28.63,20.03,-0.3003,-8.599999999999998,True,False
Wayfair US,76195,Ulli Home,Jaiden Lawlor,ULIH2965,Accent Pillows,Bedding,0.07,28.63,27.07,-0.054299999999999994,-1.5599999999999987,True,False
Wayfair US,1748,Revman International,Missy Paragamian,WRG10068,Blankets And Throws,Bedding,0.2717,28.61,0.0,-1.0,-28.61,False,False
Wayfair US,25843,"Bedshe International Co.,LTD",Rainbow Wu,BDUR1177,Bedding Sets,Bedding,0.5,28.45,32.8,0.1527,4.349999999999998,True,True
Wayfair US,24282,"Nanshing America, Inc.",Jaiden Lawlor,MBSR1512,Bedding Sets,Bedding,0.1,28.33,36.53,0.2894,8.200000000000003,True,True
Wayfair US,24282,"Nanshing America, Inc.",Jaiden Lawlor,MBSR1315,Bedding Sets,Bedding,0.1,28.32,35.54,0.2552,7.219999999999999,True,True
Wayfair US,1987,JLA Home,Missy Paragamian,VBDN1042,Kids Bedding Sets,Bedding,0.02,28.29,0.0,-1.0,-28.29,False,False
Wayfair US,1748,Revman International,Missy Paragamian,MBVB1604,Bedding Sets,Bedding,0.2408,28.26,0.0,-1.0,-28.26,False,False
Wayfair US,24282,"Nanshing America, Inc.",Jaiden Lawlor,MBSR1449,Bedding Sets,Bedding,0.11,28.21,30.72,0.0891,2.509999999999998,True,True
Wayfair US,1748,Revman International,Missy Paragamian,ERB10929,Bedding Sets,Bedding,0.20600000000000002,28.13,9.12,-0.6758,-19.009999999999998,True,False
Wayfair US,67551,"Suzhou lanqinglv Trading co,. ltd",lance Zhou,OELA1536,Bedding Sets,Bedding,0.4164,28.04,45.45,0.6207,17.410000000000004,True,True
Wayfair US,67551,"Suzhou lanqinglv Trading co,. ltd",lance Zhou,OELA1450,Bedding Sets,Bedding,0.4249,28.04,0.0,-1.0,-28.04,False,False
Wayfair US,381,Safavieh,Alex Resnick,FV77787,Accent Pillows,Bedding,0.1333,28.02,6.36,-0.7731,-21.66,True,False
Wayfair US,1748,Revman International,Missy Paragamian,DRQH1957,Bedding Sets,Bedding,0.25730000000000003,27.97,58.16,1.0794,30.189999999999998,True,True
Wayfair US,19319,I Enjoy Bedding Company,Madison Carvalho,SHOH1008,Bedding Sets,Bedding,0.2,27.96,26.31,-0.0592,-1.6500000000000021,True,False
Wayfair US,1987,JLA Home,Missy Paragamian,CEAH1007,Bedding Sets,Bedding,0.12,27.93,0.0,-1.0,-27.93,False,False
Wayfair US,82119,11243098 Canada Inc,Kyle Pascale,QLR10993,Accent Pillows,Bedding,0.05,27.85,21.49,-0.2285,-6.360000000000003,True,False
Wayfair US,1987,JLA Home,Missy Paragamian,BADI1226,Bedding Sets,Bedding,0.07,27.82,4.42,-0.8412999999999999,-23.4,True,False
Wayfair US,1987,JLA Home,Missy Paragamian,NDHA1001,Kids Bedding Sets,Bedding,0.12,27.69,30.2,0.0907,2.509999999999998,True,True
Wayfair US,1748,Revman International,Missy Paragamian,BCTS1364,Bedding Sets,Bedding,0.20929999999999999,27.69,37.61,0.3583,9.919999999999998,True,True
Wayfair US,1987,JLA Home,Missy Paragamian,CRLM1550,Sheets & Pillowcases,Bedding,0.02,27.65,9.82,-0.6446999999999999,-17.83,True,False
Wayfair US,1748,Revman International,Missy Paragamian,KCN10168,Bedding Sets,Bedding,0.2615,27.62,0.0,-1.0,-27.62,False,False
Wayfair US,36405,Colcha Linens,Jaiden Lawlor,AXBT1212,Bedding Sets,Bedding,0.2,27.57,0.0,-1.0,-27.57,False,False
Wayfair US,291,Surya,Alex Melius,YA81043,Accent Pillows,Bedding,0.1,27.55,82.19,1.983,54.64,True,True
Wayfair US,2554,Pem America,Benjamin Hannigan,BCMH3042,Bedding Sets,Bedding,0.1741,27.51,11.86,-0.5689,-15.650000000000002,True,False
Wayfair US,1748,Revman International,Missy Paragamian,ERB1847,Bedding Sets,Bedding,0.33,27.49,38.92,0.4158,11.430000000000003,True,True
Wayfair US,72667,"Jiangsu Meideni Textile CO.,LTD",lance Zhou,ALDL1088,Bedding Sets,Bedding,0.26,27.47,0.0,-1.0,-27.47,False,False
Wayfair US,19319,I Enjoy Bedding Company,Madison Carvalho,JLYI1198,Bedding Sets,Bedding,0.2,27.43,30.55,0.114,3.120000000000001,True,True
Wayfair US,1748,Revman International,Missy Paragamian,ERB10400,Bedding Sets,Bedding,0.161,27.41,0.0,-1.0,-27.41,False,False
Wayfair US,291,Surya,Alex Melius,YA83888,Accent Pillows,Bedding,0.1,27.36,24.57,-0.1017,-2.789999999999999,True,False
Wayfair US,1748,Revman International,Missy Paragamian,TBL10898,Bedding Sets,Bedding,0.3212,27.35,20.12,-0.2643,-7.23,True,False
Wayfair US,1987,JLA Home,Missy Paragamian,WLR1315,Bedding Sets,Bedding,0.02,27.3,21.66,-0.20629999999999998,-5.640000000000001,True,False
Wayfair US,348967,nanyangdingjiayueshangmaoyouxiangongsi,Jessica Gu,WAGS1116,Bedding Sets,Bedding,0.1,27.27,58.37,1.1406999999999998,31.099999999999998,True,True
Wayfair US,23665,"Cozy Line Home Fashions, Inc.",Jaiden Lawlor,CLHF1325,Kids Bedding Sets,Bedding,0.05,27.25,0.0,-1.0,-27.25,False,False
Wayfair US,1987,JLA Home,Missy Paragamian,NGIN1260,Bedding Sets,Bedding,0.1,27.16,11.38,-0.5811,-15.78,True,False
Wayfair US,291,Surya,Alex Melius,GAXL1032,Accent Pillows,Bedding,0.1886,27.12,0.0,-1.0,-27.12,False,False
Wayfair US,1748,Revman International,Missy Paragamian,BCTS1293,Bedding Sets,Bedding,0.2509,27.12,55.73,1.0552,28.609999999999996,True,True
Wayfair US,1748,Revman International,Missy Paragamian,TBB2003,Bedding Sets,Bedding,0.1989,27.05,25.86,-0.044199999999999996,-1.1900000000000013,True,False
Wayfair US,1748,Revman International,Missy Paragamian,MBVB1213,Bedding Sets,Bedding,0.31379999999999997,27.02,0.0,-1.0,-27.02,False,False
Wayfair US,306600,hangzhousanchunjiafangyouxiangongsi,lance Zhou,HNAZ1014,Accent Pillows,Bedding,0.01,27.0,82.08,2.0401,55.08,True,True
Wayfair US,23665,"Cozy Line Home Fashions, Inc.",Jaiden Lawlor,CLHF1477,Bedding Sets,Bedding,0.05,26.99,14.53,-0.46149999999999997,-12.459999999999999,True,False
Wayfair US,1987,JLA Home,Missy Paragamian,BTY1244,Blankets And Throws,Bedding,0.02,26.97,0.0,-1.0,-26.97,False,False
Wayfair US,67551,"Suzhou lanqinglv Trading co,. ltd",lance Zhou,OELA1497,Bedding Sets,Bedding,0.3,26.97,-0.48,-1.0177,-27.45,False,False
Wayfair US,2554,Pem America,Benjamin Hannigan,MXO10086,Bedding Sets,Bedding,0.1,26.94,39.11,0.452,12.169999999999998,True,True
Wayfair US,25843,"Bedshe International Co.,LTD",Rainbow Wu,BDUR3325,Bedding Sets,Bedding,0.4,26.74,0.0,-1.0,-26.74,False,False
Wayfair US,36405,Colcha Linens,Jaiden Lawlor,CETA4706,Bedding Sets,Bedding,0.2,26.7,0.0,-1.0,-26.7,False,False
Wayfair US,1748,Revman International,Missy Paragamian,NAL1374,Bedding Sets,Bedding,0.1407,26.65,35.01,0.31370000000000003,8.36,True,True
Wayfair US,291,Surya,Alex Melius,YA79175,Blankets And Throws,Bedding,0.1,26.45,30.31,0.1458,3.8599999999999994,True,True
Wayfair US,24613,Puredown,Sylvia Ding,MACE1357,Blankets And Throws,Bedding,0.15,26.42,36.66,0.3876,10.239999999999995,True,True
Wayfair US,19567,Mytex,Supplier Service Desk,NDWB1105,Kids Bedding Sets,Bedding,0.2,26.39,20.7,-0.2159,-5.690000000000001,True,False
Wayfair US,291,Surya,Alex Melius,YA83837,Accent Pillows,Bedding,0.1,26.38,16.97,-0.3567,-9.41,True,False
Wayfair US,231459,Fabdivine LLC,Benjamin Hannigan,DBDI1634,Accent Pillows,Bedding,0.19,26.37,39.04,0.4807,12.669999999999998,True,True
Wayfair US,1987,JLA Home,Missy Paragamian,MBSA1018,Bedding Sets,Bedding,0.1,26.29,0.0,-1.0,-26.29,False,False
Wayfair US,147802,Shenzhen Meiyuan Keji Youxiangongsi,Regan Zou,NGSO2322,Bedding Accessories,Bedding,0.45,26.28,16.19,-0.38380000000000003,-10.09,True,False
Wayfair US,22180,DesignArt Inc.,Maxwell Threlkeld,CBXL6707,Accent Pillows,Bedding,0.22,26.2,4.85,-0.8149,-21.35,True,False
Wayfair US,76195,Ulli Home,Jaiden Lawlor,ULIH6063,Blankets And Throws,Bedding,0.07,26.18,15.77,-0.3975,-10.41,True,False
Wayfair US,2554,Pem America,Benjamin Hannigan,BCMH3068,Bedding Sets,Bedding,0.1,26.16,25.34,-0.0313,-0.8200000000000003,True,False
Wayfair US,17102,Trade-Linker,Jaiden Lawlor,IRAD1019,Sheets & Pillowcases,Bedding,0.12,26.13,46.98,0.7979999999999999,20.849999999999998,True,True
Wayfair US,17539,BNF Home,lance Zhou,DBYH8467,Bedding Sets,Bedding,0.1,26.12,41.9,0.6038,15.779999999999998,True,True
Wayfair US,432549,Etiwanda Originals LLC,Supplier Service Desk,EIWA1000,Bedding Sets,Bedding,0.35,26.1,0.0,-1.0,-26.1,False,False
Wayfair US,36405,Colcha Linens,Jaiden Lawlor,CHLN3651,Bed Skirts,Bedding,0.2,26.1,0.0,-1.0,-26.1,False,False
Wayfair US,291,Surya,Alex Melius,YA83835,Accent Pillows,Bedding,0.1,25.92,0.0,-1.0,-25.92,False,False
Wayfair US,291,Surya,Alex Melius,YA69740,Blankets And Throws,Bedding,0.1,25.92,0.0,-1.0,-25.92,False,False
Wayfair US,19319,I Enjoy Bedding Company,Madison Carvalho,JLYI1193,Sheets & Pillowcases,Bedding,0.2,25.89,0.0,-1.0,-25.89,False,False
Wayfair US,19371,Better Trends,Jaiden Lawlor,AAMM1139,Bedding Sets,Bedding,0.1,25.85,0.0,-1.0,-25.85,False,False
Wayfair US,1987,JLA Home,Missy Paragamian,VVRE3609,Kids Bedding Sets,Bedding,0.1,25.81,11.95,-0.5372,-13.86,True,False
Wayfair US,36405,Colcha Linens,Jaiden Lawlor,AXBT1892,Bedding Sets,Bedding,0.2,25.77,0.0,-1.0,-25.77,False,False
Wayfair US,19567,Mytex,Supplier Service Desk,CBLN1009,Bedding Sets,Bedding,0.2,25.77,27.17,0.0545,1.4000000000000021,True,True
Wayfair US,76195,Ulli Home,Jaiden Lawlor,ULIH3080,Accent Pillows,Bedding,0.07,25.67,15.48,-0.3971,-10.190000000000001,True,False
Wayfair US,1748,Revman International,Missy Paragamian,ERB1774,Bedding Sets,Bedding,0.25329999999999997,25.66,17.65,-0.3121,-8.010000000000002,True,False
Wayfair US,22724,Home Choice International,Rainbow Wu,HCIG1868,Accent Pillows,Bedding,0.1,25.65,67.13,1.6172,41.48,True,True
Wayfair US,2554,Pem America,Benjamin Hannigan,CANN1195,Blankets And Throws,Bedding,0.1718,25.64,62.59,1.4413,36.95,True,True
Wayfair US,1987,JLA Home,Missy Paragamian,HSHM1794,Bedding Sets,Bedding,0.07,25.47,42.18,0.6563,16.71,True,True
Wayfair US,1748,Revman International,Missy Paragamian,MBVB1799,Bedding Sets,Bedding,0.0698,25.46,0.0,-1.0,-25.46,False,False
Wayfair US,231459,Fabdivine LLC,Benjamin Hannigan,DBDI1170,Accent Pillows,Bedding,0.18,25.43,26.76,0.052199999999999996,1.3300000000000018,True,True
Wayfair US,59132,South Point Home Fashions Inc.,Jessica Gu,SLPE1126,Bedding Sets,Bedding,0.15,25.34,27.11,0.0696,1.7699999999999996,True,True
Wayfair US,231459,Fabdivine LLC,Benjamin Hannigan,DBDI3768,Accent Pillows,Bedding,0.1,25.33,28.39,0.1208,3.0600000000000023,True,True
Wayfair US,1748,Revman International,Missy Paragamian,ERB1687,Bedding Sets,Bedding,0.3005,25.31,25.34,0.0013,0.030000000000001137,True,True
Wayfair US,22724,Home Choice International,Rainbow Wu,HCIG1867,Accent Pillows,Bedding,0.1,25.3,21.3,-0.158,-4.0,True,False
Wayfair US,1748,Revman International,Missy Paragamian,MBVB1704,Bedding Sets,Bedding,0.2253,25.2,48.76,0.935,23.56,True,True
Wayfair US,1748,Revman International,Missy Paragamian,MBVB1972,Bedding Sets,Bedding,0.2,25.16,11.86,-0.5288,-13.3,True,False
Wayfair US,1748,Revman International,Missy Paragamian,TBL10761,Bedding Sets,Bedding,0.2915,25.12,14.0,-0.4426,-11.120000000000001,True,False
Wayfair US,1748,Revman International,Missy Paragamian,DRQH1911,Bedding Sets,Bedding,0.28850000000000003,25.05,4.55,-0.8184999999999999,-20.5,True,False
Wayfair US,1987,JLA Home,Missy Paragamian,NCWA1472,Bedding Sets,Bedding,0.02,25.03,0.0,-1.0,-25.03,False,False
Wayfair US,1748,Revman International,Missy Paragamian,MBVB1816,Bedding Sets,Bedding,0.17,25.01,17.34,-0.30670000000000003,-7.670000000000002,True,False
Wayfair US,24282,"Nanshing America, Inc.",Jaiden Lawlor,MBSR1410,Bedding Sets,Bedding,0.1,24.94,21.0,-0.15789999999999998,-3.9400000000000013,True,False
Wayfair US,7920,Riztex USA,Brianna Barrett,RZY11374,Accent Pillows,Bedding,0.25,24.92,13.33,-0.46509999999999996,-11.590000000000002,True,False
Wayfair US,1748,Revman International,Missy Paragamian,ERB10402,Bedding Sets,Bedding,0.25329999999999997,24.85,10.44,-0.5798,-14.410000000000002,True,False
Wayfair US,7224,Greendale Home Fashions,Kate Schryver,GNF10268,Accent Pillows,Bedding,0.05,24.83,60.63,1.4416,35.800000000000004,True,True
Wayfair US,1987,JLA Home,Missy Paragamian,NGIN1126,Bedding Sets,Bedding,0.02,24.79,0.0,-1.0,-24.79,False,False
Wayfair US,19319,I Enjoy Bedding Company,Madison Carvalho,ANDV2989,Bed Skirts,Bedding,0.2,24.74,22.52,-0.0898,-2.219999999999999,True,False
Wayfair US,19319,I Enjoy Bedding Company,Madison Carvalho,ANEW1412,Bedding Sets,Bedding,0.2,24.74,33.5,0.35409999999999997,8.760000000000002,True,True
Wayfair US,1748,Revman International,Missy Paragamian,TBL10625,Bedding Sets,Bedding,0.2895,24.7,0.0,-1.0,-24.7,False,False
Wayfair US,291,Surya,Alex Melius,YA76664,Accent Pillows,Bedding,0.1,24.69,13.35,-0.4594,-11.340000000000002,True,False
Wayfair US,1987,JLA Home,Missy Paragamian,TRPT6313,Bedding Sets,Bedding,0.12,24.69,3.32,-0.8656999999999999,-21.37,True,False
Wayfair US,1987,JLA Home,Missy Paragamian,VBDN1033,Kids Bedding Sets,Bedding,0.02,24.68,15.01,-0.3918,-9.67,True,False
Wayfair US,1748,Revman International,Missy Paragamian,KBFC1896,Bedding Sets,Bedding,0.2075,24.65,26.8,0.087,2.150000000000002,True,True
Wayfair US,10545,Americanflat Corp,Waverly Winterer,EBID6614,Accent Pillows,Bedding,0.2,24.58,12.89,-0.4758,-11.689999999999998,True,False
Wayfair US,1748,Revman International,Missy Paragamian,ERB10735,Blankets And Throws,Bedding,0.2396,24.57,11.27,-0.5414,-13.3,True,False
Wayfair US,1748,Revman International,Missy Paragamian,MSTT6657,Bedding Sets,Bedding,0.2493,24.56,0.0,-1.0,-24.56,False,False
Wayfair US,298823,shandongbeilienjiajukejiyouxiangongsi,Jessica Gu,SOFH1443,Blankets And Throws,Bedding,0.5,24.46,14.4,-0.41119999999999995,-10.06,True,False
Wayfair US,14925,Lichtenberg,Missy Paragamian,GDIG1129,Bedding Sets,Bedding,0.2,24.41,0.0,-1.0,-24.41,False,False
Wayfair US,67551,"Suzhou lanqinglv Trading co,. ltd",lance Zhou,OELA1535,Bedding Sets,Bedding,0.4152,24.41,0.0,-1.0,-24.41,False,False
Wayfair US,214227,"Caluha Company, LLC",Supplier Service Desk,UBAD1046,Accent Pillows,Bedding,0.15,24.38,21.52,-0.11720000000000001,-2.8599999999999994,True,False
Wayfair US,23665,"Cozy Line Home Fashions, Inc.",Jaiden Lawlor,CLHF1239,Bedding Sets,Bedding,0.05,24.37,11.44,-0.5305,-12.930000000000001,True,False
Wayfair US,19371,Better Trends,Jaiden Lawlor,AAMM1162,Bedding Sets,Bedding,0.1,24.33,0.0,-1.0,-24.33,False,False
Wayfair US,14556,Cathay Home Inc.,Benjamin Hannigan,DRVU1188,Bedding Sets,Bedding,0.08,24.31,30.01,0.2347,5.700000000000003,True,True
Wayfair US,1987,JLA Home,Missy Paragamian,HUH1554,Bedding Sets,Bedding,0.02,24.29,86.23,2.5493,61.940000000000005,True,True
Wayfair US,25843,"Bedshe International Co.,LTD",Rainbow Wu,BDUR3324,Bedding Sets,Bedding,0.15,24.16,8.09,-0.6652,-16.07,True,False
Wayfair US,2740,Home City Inc.,Jaiden Lawlor,CHMB1525,Sheets & Pillowcases,Bedding,0.07,24.11,14.21,-0.4108,-9.899999999999999,True,False
Wayfair US,39458,Thomas Collection LLC,Supplier Service Desk,TCNN6955,Blankets And Throws,Bedding,0.3361,24.1,0.0,-1.0,-24.1,False,False
Wayfair US,1987,JLA Home,Missy Paragamian,HUH1351,Bedding Sets,Bedding,0.02,24.08,46.85,0.9459000000000001,22.770000000000003,True,True
Wayfair US,58537,Covers And All,Kate Schryver,OALL2569,Accent Pillows,Bedding,0.16,24.05,21.7,-0.09759999999999999,-2.3500000000000014,True,False
Wayfair US,23665,"Cozy Line Home Fashions, Inc.",Jaiden Lawlor,ZMKD2069,Kids Bedding Sets,Bedding,0.05,24.04,0.0,-1.0,-24.04,False,False
Wayfair US,25843,"Bedshe International Co.,LTD",Rainbow Wu,BDUR1745,Sheets & Pillowcases,Bedding,0.15,23.85,24.48,0.0263,0.629999999999999,True,True
Wayfair US,36405,Colcha Linens,Jaiden Lawlor,CETA2522,Bedding Sets,Bedding,0.2,23.85,0.0,-1.0,-23.85,False,False
Wayfair US,19567,Mytex,Supplier Service Desk,NDWB1005,Kids Bedding Sets,Bedding,0.2,23.73,10.37,-0.5632,-13.360000000000001,True,False
Wayfair US,1987,JLA Home,Missy Paragamian,LATT2566,Bedding Sets,Bedding,0.02,23.72,24.62,0.0378,0.9000000000000021,True,True
Wayfair US,1987,JLA Home,Missy Paragamian,HUH1736,Bedding Sets,Bedding,0.02,23.7,0.0,-1.0,-23.7,False,False
Wayfair US,291,Surya,Alex Melius,YA78724,Accent Pillows,Bedding,0.1,23.64,16.02,-0.3222,-7.620000000000001,True,False
Wayfair US,2554,Pem America,Benjamin Hannigan,PHBC1038,Bedding Sets,Bedding,0.1,23.63,43.65,0.8472,20.02,True,True
Wayfair US,1748,Revman International,Missy Paragamian,MKK10118,Bedding Sets,Bedding,0.1881,23.63,0.0,-1.0,-23.63,False,False
Wayfair US,35160,Lava Garden Inc.,Supplier Service Desk,ACRY2777,Accent Pillows,Bedding,0.1,23.59,17.47,-0.2594,-6.120000000000001,True,False
Wayfair US,23665,"Cozy Line Home Fashions, Inc.",Jaiden Lawlor,CLHF1039,Bedding Sets,Bedding,0.05,23.56,0.0,-1.0,-23.56,False,False
Wayfair US,19319,I Enjoy Bedding Company,Madison Carvalho,JLYI1182,Bedding Sets,Bedding,0.2,23.56,0.0,-1.0,-23.56,False,False
Wayfair US,2740,Home City Inc.,Jaiden Lawlor,TCKP2088,Blankets And Throws,Bedding,0.07,23.53,52.28,1.2218,28.75,True,True
Wayfair US,24282,"Nanshing America, Inc.",Jaiden Lawlor,MBSR1282,Bedding Sets,Bedding,0.1,23.51,0.0,-1.0,-23.51,False,False
Wayfair US,1987,JLA Home,Missy Paragamian,BGLS1280,Bedding Sets,Bedding,0.1,23.49,35.72,0.5207999999999999,12.23,True,True
Wayfair US,37327,Instyle Products Corp,Rikki Sartor,KBST1035,Bedding Sets,Bedding,0.25,23.48,89.02,2.7917,65.53999999999999,True,True
Wayfair US,1748,Revman International,Missy Paragamian,KCR10011,Blankets And Throws,Bedding,0.33,23.44,14.78,-0.36920000000000003,-8.660000000000002,True,False
Wayfair US,1748,Revman International,Missy Paragamian,ERB10774,Bedding Sets,Bedding,0.2915,23.41,14.0,-0.402,-9.41,True,False
Wayfair US,291,Surya,Alex Melius,BGLS8663,Accent Pillows,Bedding,0.1,23.41,0.0,-1.0,-23.41,False,False
Wayfair US,35552,CAN_DesignArt Inc.,Paige Beattie,CBZG2404,Accent Pillows,Bedding,0.22,23.38,83.67,2.5792,60.290000000000006,True,True
Wayfair US,1748,Revman International,Missy Paragamian,ERB10807,Blankets And Throws,Bedding,0.3845,23.37,14.19,-0.39289999999999997,-9.180000000000001,True,False
Wayfair US,2554,Pem America,Benjamin Hannigan,SDCM1129,Bedding Sets,Bedding,0.16949999999999998,23.35,1.38,-0.9408,-21.970000000000002,True,False
Wayfair US,1748,Revman International,Missy Paragamian,DRQH2044,Bedding Sets,Bedding,0.3156,23.34,29.5,0.2642,6.16,True,True
Wayfair US,59132,South Point Home Fashions Inc.,Jessica Gu,SLPE1071,Accent Pillows,Bedding,0.15,23.32,8.98,-0.6149,-14.34,True,False
Wayfair US,291,Surya,Alex Melius,YA83506,Accent Pillows,Bedding,0.1,23.27,0.0,-1.0,-23.27,False,False
Wayfair US,25843,"Bedshe International Co.,LTD",Rainbow Wu,BDUR3149,Bedding Sets,Bedding,0.15,23.26,0.0,-1.0,-23.26,False,False
Wayfair US,29398,CAN_HUI Resource,Supplier Service Desk,PBHM3475,Accent Pillows,Bedding,0.35,23.26,0.0,-1.0,-23.26,False,False
Wayfair US,156771,Noori Home LLC,Carly Baker,MLDW6792,Accent Pillows,Bedding,0.22,23.23,13.2,-0.4315,-10.030000000000001,True,False
Wayfair US,291,Surya,Alex Melius,YA76798,Accent Pillows,Bedding,0.1,23.2,37.28,0.607,14.080000000000002,True,True
Wayfair US,1987,JLA Home,Missy Paragamian,ALTL3370,Bedding Sets,Bedding,0.07,23.14,43.15,0.8645999999999999,20.009999999999998,True,True
Wayfair US,1748,Revman International,Missy Paragamian,KBFC1931,Accent Pillows,Bedding,0.2384,23.09,21.95,-0.0495,-1.1400000000000006,True,False
Wayfair US,25843,"Bedshe International Co.,LTD",Rainbow Wu,BDUR2338,Bedding Sets,Bedding,0.12,23.08,14.87,-0.3557,-8.209999999999999,True,False
Wayfair US,1987,JLA Home,Missy Paragamian,NGIN1150,Bedding Sets,Bedding,0.1,22.94,11.74,-0.48810000000000003,-11.200000000000001,True,False
Wayfair US,25843,"Bedshe International Co.,LTD",Rainbow Wu,BDUR1947,Bedding Sets,Bedding,0.5,22.93,0.0,-1.0,-22.93,False,False
Wayfair US,22180,DesignArt Inc.,Maxwell Threlkeld,CBUF9917,Bedding Sets,Bedding,0.22,22.91,32.01,0.397,9.099999999999998,True,True
Wayfair US,1987,JLA Home,Missy Paragamian,NCWA1655,Blankets And Throws,Bedding,0.02,22.9,41.25,0.8014,18.35,True,True
Wayfair US,25843,"Bedshe International Co.,LTD",Rainbow Wu,BDUR1202,Bedding Sets,Bedding,0.27,22.85,17.29,-0.2433,-5.560000000000002,True,False
Wayfair US,19567,Mytex,Supplier Service Desk,ACXB1047,Kids Bedding Sets,Bedding,0.2,22.81,0.0,-1.0,-22.81,False,False
Wayfair US,23665,"Cozy Line Home Fashions, Inc.",Jaiden Lawlor,CLHF1423,Bedding Sets,Bedding,0.05,22.8,0.0,-1.0,-22.8,False,False
Wayfair US,1748,Revman International,Missy Paragamian,DRQH1909,Bedding Sets,Bedding,0.2858,22.79,22.34,-0.020099999999999996,-0.4499999999999993,True,False
Wayfair US,55893,WonderfulCo,lance Zhou,WNTX1042,Bedding Sets,Bedding,0.1,22.76,0.99,-0.9565,-21.770000000000003,True,False
Wayfair US,343564,HIGH CHOICE INC,Asia Supplier Service Desk,EIJA1464,Accent Pillows,Bedding,0.2,22.75,30.33,0.3333,7.579999999999998,True,True
Wayfair US,23665,"Cozy Line Home Fashions, Inc.",Jaiden Lawlor,CLHF1101,Kids Bedding Sets,Bedding,0.05,22.72,0.0,-1.0,-22.72,False,False
Wayfair US,2554,Pem America,Benjamin Hannigan,BDOK1309,Bedding Sets,Bedding,0.1,22.7,22.7,0.0001,0.0,True,False
Wayfair US,23665,"Cozy Line Home Fashions, Inc.",Jaiden Lawlor,CLHF1378,Bedding Sets,Bedding,0.05,22.64,0.0,-1.0,-22.64,False,False
Wayfair US,25843,"Bedshe International Co.,LTD",Rainbow Wu,BDUR3326,Bedding Sets,Bedding,0.15,22.62,19.61,-0.1331,-3.0100000000000016,True,False
Wayfair US,286791,"Boxer Home, LLC dba BOKSER HOME",Benjamin Hannigan,BKIE1029,Sheets & Pillowcases,Bedding,0.2,22.61,0.0,-1.0,-22.61,False,False
Wayfair US,1748,Revman International,Missy Paragamian,ERB1657,Blankets And Throws,Bedding,0.26530000000000004,22.58,19.86,-0.1206,-2.719999999999999,True,False
Wayfair US,1748,Revman International,Missy Paragamian,MBVB1769,Bedding Sets,Bedding,0.3624,22.57,0.0,-1.0,-22.57,False,False
Wayfair US,1987,JLA Home,Missy Paragamian,RDBS7495,Bedding Sets,Bedding,0.02,22.57,36.39,0.6125,13.82,True,True
Wayfair US,1748,Revman International,Missy Paragamian,KBFC1911,Accent Pillows,Bedding,0.2945,22.51,36.6,0.626,14.09,True,True
Wayfair US,16941,Sunham Home Fashions,Benjamin Hannigan,LCST1305,Bedding Sets,Bedding,0.12,22.49,83.34,2.7058,60.85000000000001,True,True
Wayfair US,1748,Revman International,Missy Paragamian,QO10451,Bedding Sets,Bedding,0.33,22.46,19.86,-0.1158,-2.6000000000000014,True,False
Wayfair US,291,Surya,Alex Melius,YA83917,Accent Pillows,Bedding,0.1,22.45,15.19,-0.3234,-7.26,True,False
Wayfair US,17539,BNF Home,lance Zhou,HREN1377,Accent Pillows,Bedding,0.1,22.44,11.21,-0.5006,-11.23,True,False
Wayfair US,19319,I Enjoy Bedding Company,Madison Carvalho,JLYI1276,Bedding Sets,Bedding,0.2,22.4,0.0,-1.0,-22.4,False,False
Wayfair US,1987,JLA Home,Missy Paragamian,WRLO1680,Blankets And Throws,Bedding,0.02,22.31,20.56,-0.0787,-1.75,True,False
Wayfair US,22180,DesignArt Inc.,Maxwell Threlkeld,CBZE7738,Bedding Sets,Bedding,0.22,22.31,16.0,-0.2826,-6.309999999999999,True,False
Wayfair US,1748,Revman International,Missy Paragamian,MKK10123,Sheets & Pillowcases,Bedding,0.2,22.3,20.66,-0.0737,-1.6400000000000006,True,False
Wayfair US,381,Safavieh,Alex Resnick,WRLO5871,Blankets And Throws,Bedding,0.10339999999999999,22.29,36.64,0.6436,14.350000000000001,True,True
Wayfair US,291,Surya,Alex Melius,BGLS8621,Accent Pillows,Bedding,0.1,22.21,0.0,-1.0,-22.21,False,False
Wayfair US,67551,"Suzhou lanqinglv Trading co,. ltd",lance Zhou,OELA1449,Bedding Sets,Bedding,0.4879,22.16,11.75,-0.4696,-10.41,True,False
Wayfair US,63138,"Changshu Youthsky Import Export Co.,Ltd",Jessica Gu,SEPL1048,Sheets & Pillowcases,Bedding,0.05,22.15,30.65,0.3837,8.5,True,True
Wayfair US,22724,Home Choice International,Rainbow Wu,HCIG1865,Accent Pillows,Bedding,0.1,22.05,0.0,-1.0,-22.05,False,False
Wayfair US,306600,hangzhousanchunjiafangyouxiangongsi,lance Zhou,HNAZ1012,Accent Pillows,Bedding,0.4,22.03,18.7,-0.1512,-3.330000000000002,True,False
Wayfair US,64269,Smithy Home Couture,Supplier Service Desk,XXIA1116,Accent Pillows,Bedding,0.18,21.91,0.0,-1.0,-21.91,False,False
Wayfair US,7920,Riztex USA,Brianna Barrett,RZY10914,Accent Pillows,Bedding,0.25,21.91,40.27,0.8382,18.360000000000003,True,True
Wayfair US,22724,Home Choice International,Rainbow Wu,HCIG1863,Accent Pillows,Bedding,0.1,21.89,12.46,-0.43079999999999996,-9.43,True,False
Wayfair US,2554,Pem America,Benjamin Hannigan,SDCM1258,Bedding Sets,Bedding,0.1,21.85,22.89,0.0479,1.0399999999999991,True,True
Wayfair US,16941,Sunham Home Fashions,Benjamin Hannigan,LCST1132,Sheets & Pillowcases,Bedding,0.08,21.82,0.0,-1.0,-21.82,False,False
Wayfair US,1987,JLA Home,Missy Paragamian,VVRE3611,Kids Bedding Sets,Bedding,0.07,21.82,0.0,-1.0,-21.82,False,False
Wayfair US,348967,nanyangdingjiayueshangmaoyouxiangongsi,Jessica Gu,WAGS1108,Bedding Sets,Bedding,0.1,21.79,30.4,0.395,8.61,True,True
Wayfair US,1748,Revman International,Missy Paragamian,DRQH1915,Bedding Sets,Bedding,0.22010000000000002,21.77,59.93,1.7525,38.16,True,True
Wayfair US,241365,"CGK HOLDINGS, INC.",Jaiden Lawlor,CKAI1016,Sheets & Pillowcases,Bedding,0.2,21.77,83.57,2.8396,61.8,True,True
Wayfair US,80197,CENTRADE INC.,Jessica Gu,WWMA1063,Accent Pillows,Bedding,0.17,21.75,31.3,0.4389,9.55,True,True
Wayfair US,1748,Revman International,Missy Paragamian,KBFC2119,Bed Skirts,Bedding,0.33,21.74,0.0,-1.0,-21.74,False,False
Wayfair US,1748,Revman International,Missy Paragamian,TBB1907,Bedding Sets,Bedding,0.1975,21.66,31.71,0.46399999999999997,10.05,True,True
Wayfair US,1748,Revman International,Missy Paragamian,ERB10890,Blankets And Throws,Bedding,0.205,21.63,6.38,-0.7051999999999999,-15.25,True,False
Wayfair US,1987,JLA Home,Missy Paragamian,VBDN1057,Kids Bedding Sets,Bedding,0.02,21.56,17.48,-0.1893,-4.079999999999998,True,False
Wayfair US,291,Surya,Alex Melius,YA68034,Accent Pillows,Bedding,0.1,21.52,10.05,-0.5329,-11.469999999999999,True,False
Wayfair US,2740,Home City Inc.,Jaiden Lawlor,ANEW1164,Bedding Sets,Bedding,0.07,21.47,51.23,1.3865,29.759999999999998,True,True
Wayfair US,1987,JLA Home,Missy Paragamian,HUH1246,Bedding Sets,Bedding,0.02,21.33,0.0,-1.0,-21.33,False,False
Wayfair US,24282,"Nanshing America, Inc.",Jaiden Lawlor,NAAM1065,Bedding Sets,Bedding,0.1,21.28,23.51,0.10460000000000001,2.2300000000000004,True,True
Wayfair US,7920,Riztex USA,Brianna Barrett,RZY10456,Accent Pillows,Bedding,0.25,21.27,35.79,0.6829999999999999,14.52,True,True
Wayfair US,23665,"Cozy Line Home Fashions, Inc.",Jaiden Lawlor,AGTG5203,Bedding Sets,Bedding,0.05,21.27,27.83,0.3086,6.559999999999999,True,True
Wayfair US,19319,I Enjoy Bedding Company,Madison Carvalho,JLYI1163,Sheets & Pillowcases,Bedding,0.2,21.11,21.35,0.0116,0.240000000000002,True,True
Wayfair US,291,Surya,Alex Melius,YA75017,Accent Pillows,Bedding,0.1,21.11,57.8,1.7386000000000001,36.69,True,True
Wayfair US,1748,Revman International,Missy Paragamian,VRWG2022,Sheets & Pillowcases,Bedding,0.0964,21.08,0.0,-1.0,-21.08,False,False
Wayfair US,1748,Revman International,Missy Paragamian,KBFC2817,Bedding Sets,Bedding,0.21359999999999998,21.06,0.0,-1.0,-21.06,False,False
Wayfair US,80197,CENTRADE INC.,Jessica Gu,WWMA1222,Accent Pillows,Bedding,0.33,21.06,0.0,-1.0,-21.06,False,False
Wayfair US,25843,"Bedshe International Co.,LTD",Rainbow Wu,BDUR2922,Bedding Sets,Bedding,0.15,21.03,0.0,-1.0,-21.03,False,False
Wayfair US,1987,JLA Home,Missy Paragamian,IKIY1016,Bedding Sets,Bedding,0.07,21.02,0.0,-1.0,-21.02,False,False
Wayfair US,35160,Lava Garden Inc.,Supplier Service Desk,ACRY2701,Accent Pillows,Bedding,0.2,21.02,29.73,0.41450000000000004,8.71,True,True
Wayfair US,1748,Revman International,Missy Paragamian,TBL10938,Bedding Sets,Bedding,0.0489,21.0,66.86,2.1830000000000003,45.86,True,True
Wayfair US,1987,JLA Home,Missy Paragamian,AGRV3902,Bedding Sets,Bedding,0.12,20.99,31.31,0.4917,10.32,True,True
Wayfair US,120032,Oveesha L.L.C.,Supplier Service Desk,OEES1015,Accent Pillows,Bedding,0.3,20.91,51.95,1.4844,31.040000000000003,True,True
Wayfair US,2740,Home City Inc.,Jaiden Lawlor,LATD7176,Bedding Sets,Bedding,0.07,20.76,0.0,-1.0,-20.76,False,False
Wayfair US,1987,JLA Home,Missy Paragamian,ALTL4910,Bedding Sets,Bedding,0.1,20.74,0.0,-1.0,-20.74,False,False
Wayfair US,24282,"Nanshing America, Inc.",Jaiden Lawlor,MBSR1298,Bedding Sets,Bedding,0.1,20.66,40.78,0.9743999999999999,20.12,True,True
Wayfair US,7920,Riztex USA,Brianna Barrett,RZY10675,Accent Pillows,Bedding,0.25,20.64,32.24,0.5618,11.600000000000001,True,True
Wayfair US,1748,Revman International,Missy Paragamian,KCN10130,Bedding Sets,Bedding,0.2852,20.62,0.0,-1.0,-20.62,False,False
Wayfair US,231459,Fabdivine LLC,Benjamin Hannigan,DBDI3788,Blankets And Throws,Bedding,0.18,20.56,0.0,-1.0,-20.56,False,False
Wayfair US,231356,"SHENZHENMENGMI TEXTILE CO.,LTD",lance Zhou,SEDZ1027,Bedding Sets,Bedding,0.15,20.55,15.23,-0.2587,-5.32,True,False
Wayfair US,19319,I Enjoy Bedding Company,Madison Carvalho,JLYI1247,Accent Pillows,Bedding,0.2,20.5,57.99,1.8291,37.49,True,True
Wayfair US,7920,Riztex USA,Brianna Barrett,EDIV1085,Accent Pillows,Bedding,0.25,20.48,0.0,-1.0,-20.48,False,False
Wayfair US,17662,Sanders Collection,Benjamin Hannigan,DFHO1076,Bedding Sets,Bedding,0.08,20.42,5.61,-0.7254,-14.810000000000002,True,False
Wayfair US,1748,Revman International,Missy Paragamian,MBVB1951,Bedding Sets,Bedding,0.3318,20.39,21.14,0.036699999999999997,0.75,True,True
Wayfair US,73596,Fresh Linen Collection Inc,Supplier Service Desk,CESH1038,Sheets & Pillowcases,Bedding,0.02,20.24,61.64,2.0456,41.400000000000006,True,True
Wayfair US,1748,Revman International,Missy Paragamian,ERB10737,Blankets And Throws,Bedding,0.3496,20.23,21.31,0.0533,1.0799999999999983,True,True
Wayfair US,24282,"Nanshing America, Inc.",Jaiden Lawlor,MBSR1256,Bedding Sets,Bedding,0.1,20.2,18.52,-0.08289999999999999,-1.6799999999999997,True,False
Wayfair US,8586,Stupell Industries,Alex Sarkisian,VYHA5097,Accent Pillows,Bedding,0.2,20.16,0.0,-1.0,-20.16,False,False
Wayfair US,29262,Ann Gish Inc,Shannon Walker,BBNL3524,Bedding Sets,Bedding,0.2,20.09,0.0,-1.0,-20.09,False,False
Wayfair US,23665,"Cozy Line Home Fashions, Inc.",Jaiden Lawlor,CLHF1169,Bedding Sets,Bedding,0.05,20.04,0.0,-1.0,-20.04,False,False
Wayfair US,25843,"Bedshe International Co.,LTD",Rainbow Wu,BDUR2234,Bedding Sets,Bedding,0.3325,19.91,39.09,0.9628,19.180000000000003,True,True
Wayfair US,17662,Sanders Collection,Benjamin Hannigan,EMPG1000,Sheets & Pillowcases,Bedding,0.095,19.89,2.53,-0.873,-17.36,True,False
Wayfair US,1987,JLA Home,Missy Paragamian,NDHB1047,Kids Bedding Sets,Bedding,0.02,19.89,0.0,-1.0,-19.89,False,False
Wayfair US,25843,"Bedshe International Co.,LTD",Rainbow Wu,BDUR3248,Bedding Sets,Bedding,0.5,19.88,2.82,-0.858,-17.06,True,False
Wayfair US,23665,"Cozy Line Home Fashions, Inc.",Jaiden Lawlor,CLHF1306,Bedding Sets,Bedding,0.05,19.85,40.82,1.0571,20.97,True,True
Wayfair US,1987,JLA Home,Missy Paragamian,NCWA2192,Bedding Sets,Bedding,0.02,19.83,19.35,-0.024300000000000002,-0.4799999999999969,True,False
Wayfair US,85516,Sunny yard LLC,Asia Supplier Service Desk,ENNY1278,Accent Pillows,Bedding,0.16670000000000001,19.78,0.0,-1.0,-19.78,False,False
Wayfair US,32808,CAN_Cathay Home Inc.,Paige Beattie,RBSD3317,Bedding Sets,Bedding,0.25,19.69,7.14,-0.6373,-12.55,True,False
Wayfair US,107502,QKXB INC,Asia Supplier Service Desk,JHAA1115,Accent Pillows,Bedding,0.2667,19.62,11.28,-0.4251,-8.340000000000002,True,False
Wayfair US,25843,"Bedshe International Co.,LTD",Rainbow Wu,BDUR2673,Bedding Sets,Bedding,0.15,19.6,64.33,2.283,44.73,True,True
Wayfair US,306600,hangzhousanchunjiafangyouxiangongsi,lance Zhou,HNAZ1024,Bedding Sets,Bedding,0.01,19.57,30.71,0.5690999999999999,11.14,True,True
Wayfair US,291,Surya,Alex Melius,MTNA3056,Accent Pillows,Bedding,0.1,19.55,0.0,-1.0,-19.55,False,False
Wayfair US,1987,JLA Home,Missy Paragamian,NDHB1011,Kids Bedding Sets,Bedding,0.1,19.54,59.27,2.0339,39.730000000000004,True,True
Wayfair US,1987,JLA Home,Missy Paragamian,NGIN1256,Bedding Sets,Bedding,0.07,19.53,27.49,0.4072,7.959999999999997,True,True
Wayfair US,1987,JLA Home,Missy Paragamian,SEHO8981,Bedding Sets,Bedding,0.02,19.52,0.0,-1.0,-19.52,False,False
Wayfair US,107502,QKXB INC,Asia Supplier Service Desk,JHAA1022,Accent Pillows,Bedding,0.1765,19.52,13.16,-0.3256,-6.359999999999999,True,False
Wayfair US,22724,Home Choice International,Rainbow Wu,HCIG1507,Bedding Sets,Bedding,0.1,19.51,11.44,-0.41369999999999996,-8.070000000000002,True,False
Wayfair US,381,Safavieh,Alex Resnick,FVAD2518,Accent Pillows,Bedding,0.10339999999999999,19.5,0.0,-1.0,-19.5,False,False
Wayfair US,1748,Revman International,Missy Paragamian,MBVB1330,Bedding Sets,Bedding,0.2014,19.48,30.15,0.5477000000000001,10.669999999999998,True,True
Wayfair US,1987,JLA Home,Missy Paragamian,HUH10117,Bedding Sets,Bedding,0.02,19.47,0.0,-1.0,-19.47,False,False
Wayfair US,1748,Revman International,Missy Paragamian,VRWG2253,Bedding Sets,Bedding,0.3273,19.46,0.0,-1.0,-19.46,False,False
Wayfair US,67551,"Suzhou lanqinglv Trading co,. ltd",lance Zhou,OELA1321,Bedding Sets,Bedding,0.3,19.46,8.22,-0.5772999999999999,-11.24,True,False
Wayfair US,291,Surya,Alex Melius,YA69824,Blankets And Throws,Bedding,0.1,19.45,5.35,-0.725,-14.1,True,False
Wayfair US,2554,Pem America,Benjamin Hannigan,FEFA1017,Bedding Sets,Bedding,0.20809999999999998,19.38,25.03,0.2914,5.650000000000002,True,True
Wayfair US,381,Safavieh,Alex Resnick,MCRF5163,Accent Pillows,Bedding,0.10339999999999999,19.27,7.09,-0.632,-12.18,True,False
Wayfair US,282391,Homechoice International Group,Rainbow Wu,HCIG1597,Bedding Sets,Bedding,0.25,19.25,12.41,-0.3556,-6.84,True,False
Wayfair US,63138,"Changshu Youthsky Import Export Co.,Ltd",Jessica Gu,SEPL1080,Bedding Sets,Bedding,0.05,19.23,0.0,-1.0,-19.23,False,False
Wayfair US,1987,JLA Home,Missy Paragamian,NCWA2706,Bedding Sets,Bedding,0.02,19.19,0.0,-1.0,-19.19,False,False
Wayfair US,1748,Revman International,Missy Paragamian,QO10431,Bedding Sets,Bedding,0.4534,19.19,12.45,-0.3514,-6.740000000000002,True,False
Wayfair US,1748,Revman International,Missy Paragamian,MKK10011,Bedding Sets,Bedding,0.2,19.19,0.0,-1.0,-19.19,False,False
Wayfair US,19319,I Enjoy Bedding Company,Madison Carvalho,BCCY1023,Sheets & Pillowcases,Bedding,0.2,19.18,15.3,-0.2023,-3.879999999999999,True,False
Wayfair US,1748,Revman International,Missy Paragamian,MBVB1152,Bedding Sets,Bedding,0.33,19.17,33.07,0.7254999999999999,13.899999999999999,True,True
Wayfair US,7920,Riztex USA,Brianna Barrett,RZY10608,Accent Pillows,Bedding,0.25,19.09,18.79,-0.015600000000000001,-0.3000000000000007,True,False
Wayfair US,80197,CENTRADE INC.,Jessica Gu,WWMA1253,Accent Pillows,Bedding,0.23,19.09,27.59,0.4456,8.5,True,True
Wayfair US,2740,Home City Inc.,Jaiden Lawlor,EDIV2432,Sheets & Pillowcases,Bedding,0.07,19.09,4.49,-0.7646999999999999,-14.6,True,False
Wayfair US,1987,JLA Home,Missy Paragamian,VBDN1018,Kids Bedding Sets,Bedding,0.05,19.03,47.75,1.51,28.72,True,True
Wayfair US,1987,JLA Home,Missy Paragamian,XS10549,Blankets And Throws,Bedding,0.02,19.01,24.64,0.2965,5.629999999999999,True,True
Wayfair US,231459,Fabdivine LLC,Benjamin Hannigan,DBDI1374,Accent Pillows,Bedding,0.18,18.96,0.0,-1.0,-18.96,False,False
Wayfair US,2554,Pem America,Benjamin Hannigan,DSGZ1009,Bedding Sets,Bedding,0.1,18.91,0.0,-1.0,-18.91,False,False
Wayfair US,2740,Home City Inc.,Jaiden Lawlor,TRPT1858,Sheets & Pillowcases,Bedding,0.07,18.91,128.26,5.7837,109.35,True,True
Wayfair US,22724,Home Choice International,Rainbow Wu,HCIG1386,Bedding Sets,Bedding,0.23,18.89,15.16,-0.1972,-3.7300000000000004,True,False
Wayfair US,1748,Revman International,Missy Paragamian,NAL1680,Bedding Sets,Bedding,0.1374,18.85,20.88,0.10779999999999999,2.0299999999999976,True,True
Wayfair US,1987,JLA Home,Missy Paragamian,HUH1556,Bedding Sets,Bedding,0.02,18.79,33.99,0.8084,15.200000000000003,True,True
Wayfair US,291,Surya,Alex Melius,YA76809,Accent Pillows,Bedding,0.1,18.77,17.47,-0.0694,-1.3000000000000007,True,False
Wayfair US,2554,Pem America,Benjamin Hannigan,FEFA1014,Bedding Sets,Bedding,0.1,18.74,17.61,-0.060700000000000004,-1.129999999999999,True,False
Wayfair US,23665,"Cozy Line Home Fashions, Inc.",Jaiden Lawlor,CLHF1454,Bedding Sets,Bedding,0.05,18.71,19.2,0.026099999999999998,0.48999999999999844,True,True
Wayfair US,93029,SWEET NIGHT TECHNOLOGY INC.,Checky Yi,ULSA1066,Blankets And Throws,Bedding,0.4,18.7,0.0,-1.0,-18.7,False,False
Wayfair US,63138,"Changshu Youthsky Import Export Co.,Ltd",Jessica Gu,SEPL1132,Bedding Sets,Bedding,0.05,18.64,32.04,0.7189,13.399999999999999,True,True
Wayfair US,1748,Revman International,Missy Paragamian,TBL11165,Bedding Sets,Bedding,0.188,18.59,0.0,-1.0,-18.59,False,False
Wayfair US,23665,"Cozy Line Home Fashions, Inc.",Jaiden Lawlor,CLHF1211,Bedding Sets,Bedding,0.05,18.58,0.0,-1.0,-18.58,False,False
Wayfair US,1748,Revman International,Missy Paragamian,VRWG2218,Bedding Sets,Bedding,0.2316,18.57,118.72,5.391699999999999,100.15,True,True
Wayfair US,120032,Oveesha L.L.C.,Supplier Service Desk,OEES1005,Accent Pillows,Bedding,0.25,18.55,12.08,-0.3486,-6.470000000000001,True,False
Wayfair US,2740,Home City Inc.,Jaiden Lawlor,ZYWR1224,Bedding Sets,Bedding,0.07,18.54,0.0,-1.0,-18.54,False,False
Wayfair US,25843,"Bedshe International Co.,LTD",Rainbow Wu,BDUR1809,Blankets And Throws,Bedding,0.05,18.52,0.0,-1.0,-18.52,False,False
Wayfair US,2554,Pem America,Benjamin Hannigan,FYEB1026,Blankets And Throws,Bedding,0.1,18.49,0.0,-1.0,-18.49,False,False
Wayfair US,25843,"Bedshe International Co.,LTD",Rainbow Wu,BDUR2875,Sheets & Pillowcases,Bedding,0.15,18.49,38.07,1.0590000000000002,19.580000000000002,True,True
Wayfair US,1987,JLA Home,Missy Paragamian,CHLH2316,Blankets And Throws,Bedding,0.12,18.46,37.58,1.0361,19.119999999999997,True,True
Wayfair US,24696,Daniel Linen/Home Sweet Home Dreams Inc.,Supplier Service Desk,HSHD1308,Sheets & Pillowcases,Bedding,0.02,18.45,44.36,1.4038,25.91,True,True
Wayfair US,40861,Home Design Inc,Zichu Wang,HDNN2415,Accent Pillows,Bedding,0.2,18.43,29.72,0.6125,11.29,True,True
Wayfair US,1987,JLA Home,Missy Paragamian,JLZL1376,Bedding Sets,Bedding,0.02,18.43,36.44,0.977,18.009999999999998,True,True
Wayfair US,1987,JLA Home,Missy Paragamian,NCWB1239,Bedding Sets,Bedding,0.1,18.42,47.22,1.5631,28.799999999999997,True,True
Wayfair US,36405,Colcha Linens,Jaiden Lawlor,BBZE3811,Bed Skirts,Bedding,0.2,18.42,0.0,-1.0,-18.42,False,False
Wayfair US,214227,"Caluha Company, LLC",Supplier Service Desk,UBAD1049,Accent Pillows,Bedding,0.1,18.39,0.0,-1.0,-18.39,False,False
Wayfair US,19319,I Enjoy Bedding Company,Madison Carvalho,JLYI1210,Blankets And Throws,Bedding,0.2,18.37,25.32,0.37810000000000005,6.949999999999999,True,True
Wayfair US,2554,Pem America,Benjamin Hannigan,SDCM1087,Bedding Sets,Bedding,0.0725,18.35,0.0,-1.0,-18.35,False,False
Wayfair US,76195,Ulli Home,Jaiden Lawlor,ULIH2978,Accent Pillows,Bedding,0.07,18.35,0.0,-1.0,-18.35,False,False
Wayfair US,12608,Lifestyle,Paige Beattie,BBMT4817,Accent Pillows,Bedding,0.3,18.31,0.0,-1.0,-18.31,False,False
Wayfair US,7920,Riztex USA,Brianna Barrett,LFMF1177,Accent Pillows,Bedding,0.25,18.3,50.94,1.7834999999999999,32.64,True,True
Wayfair US,1987,JLA Home,Missy Paragamian,BDIS1506,Bedding Sets,Bedding,0.1,18.3,54.89,2.0000999999999998,36.59,True,True
Wayfair US,22180,DesignArt Inc.,Maxwell Threlkeld,CBZF8431,Accent Pillows,Bedding,0.22,18.29,29.49,0.6125,11.2,True,True
Wayfair US,1748,Revman International,Missy Paragamian,MSTT6672,Bedding Sets,Bedding,0.2,18.28,44.79,1.4503,26.509999999999998,True,True
Wayfair US,25843,"Bedshe International Co.,LTD",Rainbow Wu,BDUR2344,Bedding Sets,Bedding,0.12,18.26,94.65,4.1825,76.39,True,True
Wayfair US,2554,Pem America,Benjamin Hannigan,SDCM1359,Bedding Sets,Bedding,0.1,18.26,0.0,-1.0,-18.26,False,False
Wayfair US,12608,Lifestyle,Paige Beattie,HMSK1229,Accent Pillows,Bedding,0.3,18.19,0.0,-1.0,-18.19,False,False
Wayfair US,32808,CAN_Cathay Home Inc.,Paige Beattie,DRVU1281,Bedding Sets,Bedding,0.25,18.19,30.25,0.6635,12.059999999999999,True,True
Wayfair US,291,Surya,Alex Melius,LGYT1500,Accent Pillows,Bedding,0.1,18.16,0.0,-1.0,-18.16,False,False
Wayfair US,1748,Revman International,Missy Paragamian,MBVB1741,Sheets & Pillowcases,Bedding,0.1891,18.16,19.21,0.0579,1.0500000000000007,True,True
Wayfair US,2740,Home City Inc.,Jaiden Lawlor,CHMB1356,Sheets & Pillowcases,Bedding,0.07,18.15,19.75,0.08810000000000001,1.6000000000000014,True,True
Wayfair US,19319,I Enjoy Bedding Company,Madison Carvalho,BCCY1033,Accent Pillows,Bedding,0.2,18.15,0.0,-1.0,-18.15,False,False
Wayfair US,76195,Ulli Home,Jaiden Lawlor,ULIH3002,Accent Pillows,Bedding,0.07,18.14,0.0,-1.0,-18.14,False,False
Wayfair US,1748,Revman International,Missy Paragamian,ONAW2730,Bedding Sets,Bedding,0.08789999999999999,18.12,0.0,-1.0,-18.12,False,False
Wayfair US,25843,"Bedshe International Co.,LTD",Rainbow Wu,BDUR3302,Bedding Sets,Bedding,0.5,18.1,37.62,1.0778,19.519999999999996,True,True
Wayfair US,76195,Ulli Home,Jaiden Lawlor,ULIH2829,Accent Pillows,Bedding,0.07,18.08,0.0,-1.0,-18.08,False,False
Wayfair US,59132,South Point Home Fashions Inc.,Jessica Gu,SLPE1002,Sheets & Pillowcases,Bedding,0.15,18.05,0.0,-1.0,-18.05,False,False
Wayfair US,25843,"Bedshe International Co.,LTD",Rainbow Wu,BDUR2357,Bedding Sets,Bedding,0.37,18.02,0.0,-1.0,-18.02,False,False
Wayfair US,1748,Revman International,Missy Paragamian,SBD1389,Bedding Sets,Bedding,0.3062,17.96,0.0,-1.0,-17.96,False,False
Wayfair US,1748,Revman International,Missy Paragamian,ERB10873,Bedding Sets,Bedding,0.3782,17.92,14.34,-0.20010000000000003,-3.580000000000002,True,False
Wayfair US,69725,"HANGZHOU DUVET TEXTILE CO., LTD.",Sylvia Ding,KSNU1184,Sheets & Pillowcases,Bedding,0.18,17.91,42.48,1.3715000000000002,24.569999999999997,True,True
Wayfair US,1748,Revman International,Missy Paragamian,VRWG2202,Bedding Sets,Bedding,0.31370000000000003,17.89,34.98,0.9551999999999999,17.089999999999996,True,True
Wayfair US,24282,"Nanshing America, Inc.",Jaiden Lawlor,NAAM1062,Bedding Sets,Bedding,0.1,17.89,0.0,-1.0,-17.89,False,False
Wayfair US,291,Surya,Alex Melius,YA81038,Accent Pillows,Bedding,0.1,17.88,0.0,-1.0,-17.88,False,False
Wayfair US,43431,ocean home fashion inc,Asia Supplier Service Desk,MRCL1198,Bedding Sets,Bedding,0.11,17.86,0.0,-1.0,-17.86,False,False
Wayfair US,241908,"NANTONG WELL TEXTILE SCIENCE AND TECHNOLOGY CO., LTD",Jessica Gu,HNRE1097,Bedding Sets,Bedding,0.1,17.72,0.0,-1.0,-17.72,False,False
Wayfair US,12608,Lifestyle,Paige Beattie,HMRT3203,Accent Pillows,Bedding,0.3,17.71,10.95,-0.38159999999999994,-6.760000000000002,True,False
Wayfair US,23665,"Cozy Line Home Fashions, Inc.",Jaiden Lawlor,CLHF1062,Bedding Sets,Bedding,0.05,17.65,16.25,-0.07919999999999999,-1.3999999999999986,True,False
Wayfair US,1987,JLA Home,Missy Paragamian,NCWA2497,Bedding Sets,Bedding,0.02,17.58,30.32,0.7245999999999999,12.740000000000002,True,True
Wayfair US,1748,Revman International,Missy Paragamian,BCTS1335,Bedding Sets,Bedding,0.2909,17.57,16.86,-0.0404,-0.7100000000000009,True,False
Wayfair US,43431,ocean home fashion inc,Asia Supplier Service Desk,MRCL1222,Bedding Sets,Bedding,0.11,17.55,0.0,-1.0,-17.55,False,False
Wayfair US,63138,"Changshu Youthsky Import Export Co.,Ltd",Jessica Gu,SEPL1058,Blankets And Throws,Bedding,0.05,17.55,20.88,0.1902,3.3299999999999983,True,True
Wayfair US,210924,Pure Parima,Shannon Walker,ERUP1004,Sheets & Pillowcases,Bedding,0.05,17.52,0.0,-1.0,-17.52,False,False
Wayfair US,291,Surya,Alex Melius,BGLS8616,Accent Pillows,Bedding,0.1,17.42,7.83,-0.5505,-9.590000000000002,True,False
Wayfair US,80197,CENTRADE INC.,Jessica Gu,WWMA1003,Accent Pillows,Bedding,0.17,17.42,22.23,0.2767,4.809999999999999,True,True
Wayfair US,17539,BNF Home,lance Zhou,LATD5627,Blankets And Throws,Bedding,0.1,17.42,0.0,-1.0,-17.42,False,False
Wayfair US,19319,I Enjoy Bedding Company,Madison Carvalho,BCCY1043,Accent Pillows,Bedding,0.2,17.4,0.0,-1.0,-17.4,False,False
Wayfair US,14580,Amrapur Overseas Inc.,Jaiden Lawlor,MDER1075,Bedding Sets,Bedding,0.15,17.36,28.94,0.6667000000000001,11.580000000000002,True,True
Wayfair US,1987,JLA Home,Missy Paragamian,HRBE1982,Kids Bedding Sets,Bedding,0.02,17.35,0.0,-1.0,-17.35,False,False
Wayfair US,1748,Revman International,Missy Paragamian,KBFC1909,Accent Pillows,Bedding,0.276,17.34,10.51,-0.3936,-6.83,True,False
Wayfair US,1748,Revman International,Missy Paragamian,KBFC1776,Bed Skirts,Bedding,0.33,17.33,14.5,-0.16329999999999997,-2.8299999999999983,True,False
Wayfair US,7920,Riztex USA,Brianna Barrett,CHLH2601,Accent Pillows,Bedding,0.25,17.29,39.45,1.2816999999999998,22.160000000000004,True,True
Wayfair US,291,Surya,Alex Melius,YA83882,Accent Pillows,Bedding,0.1,17.28,0.0,-1.0,-17.28,False,False
Wayfair US,72667,"Jiangsu Meideni Textile CO.,LTD",lance Zhou,ALDL1183,Bedding Sets,Bedding,0.16,17.24,22.55,0.3084,5.310000000000002,True,True
Wayfair US,2554,Pem America,Benjamin Hannigan,SDCM1237,Bedding Sets,Bedding,0.1,17.24,0.0,-1.0,-17.24,False,False
Wayfair US,348967,nanyangdingjiayueshangmaoyouxiangongsi,Jessica Gu,WAGS1035,Bedding Sets,Bedding,0.1,17.23,13.82,-0.1978,-3.41,True,False
Wayfair US,1748,Revman International,Missy Paragamian,VRWG2235,Blankets And Throws,Bedding,0.058499999999999996,17.23,0.0,-1.0,-17.23,False,False
Wayfair US,291,Surya,Alex Melius,YA74599,Accent Pillows,Bedding,0.1,17.21,13.93,-0.1907,-3.280000000000001,True,False
Wayfair US,59132,South Point Home Fashions Inc.,Jessica Gu,SLPE1128,Kids Bedding Sets,Bedding,0.15,17.17,0.0,-1.0,-17.17,False,False
Wayfair US,76195,Ulli Home,Jaiden Lawlor,ULIH4095,Accent Pillows,Bedding,0.07,17.14,0.0,-1.0,-17.14,False,False
Wayfair US,291,Surya,Alex Melius,GAXL1037,Accent Pillows,Bedding,0.1,17.11,0.0,-1.0,-17.11,False,False
Wayfair US,291,Surya,Alex Melius,YA76799,Accent Pillows,Bedding,0.1,17.1,0.0,-1.0,-17.1,False,False
Wayfair US,1748,Revman International,Missy Paragamian,TMBH1190,Bedding Sets,Bedding,0.33,17.09,21.64,0.2663,4.550000000000001,True,True
Wayfair US,29262,Ann Gish Inc,Shannon Walker,BBNL3211,Bedding Sets,Bedding,0.2,17.05,0.0,-1.0,-17.05,False,False
Wayfair US,64269,Smithy Home Couture,Supplier Service Desk,XXIA1106,Accent Pillows,Bedding,0.18,16.94,0.0,-1.0,-16.94,False,False
Wayfair US,1748,Revman International,Missy Paragamian,BCTS1187,Bedding Sets,Bedding,0.3921,16.94,0.0,-1.0,-16.94,False,False
Wayfair US,1987,JLA Home,Missy Paragamian,NDHB1012,Kids Bedding Sets,Bedding,0.02,16.9,0.0,-1.0,-16.9,False,False
Wayfair US,1987,JLA Home,Missy Paragamian,LOPK4505,Bedding Sets,Bedding,0.1,16.81,18.67,0.1106,1.860000000000003,True,True
Wayfair US,7920,Riztex USA,Brianna Barrett,RZZY1209,Accent Pillows,Bedding,0.2,16.74,0.0,-1.0,-16.74,False,False
Wayfair US,2740,Home City Inc.,Jaiden Lawlor,CHMB2544,Bedding Sets,Bedding,0.07,16.72,0.0,-1.0,-16.72,False,False
Wayfair US,22180,DesignArt Inc.,Maxwell Threlkeld,CBZF8625,Accent Pillows,Bedding,0.22,16.68,23.7,0.42090000000000005,7.02,True,True
Wayfair US,64269,Smithy Home Couture,Supplier Service Desk,XXIA1090,Accent Pillows,Bedding,0.15,16.66,0.0,-1.0,-16.66,False,False
Wayfair US,19319,I Enjoy Bedding Company,Madison Carvalho,BCCY1034,Accent Pillows,Bedding,0.2,16.65,0.0,-1.0,-16.65,False,False
Wayfair US,1748,Revman International,Missy Paragamian,TBL11143,Bed Skirts,Bedding,0.4129,16.65,5.33,-0.6796,-11.319999999999999,True,False
Wayfair US,1748,Revman International,Missy Paragamian,TMBH1213,Bedding Sets,Bedding,0.22719999999999999,16.64,20.73,0.24609999999999999,4.09,True,True
Wayfair US,107502,QKXB INC,Asia Supplier Service Desk,JHAA1143,Accent Pillows,Bedding,0.17859999999999998,16.61,7.52,-0.5473,-9.09,True,False
Wayfair US,37327,Instyle Products Corp,Rikki Sartor,KBST1015,Sheets & Pillowcases,Bedding,0.14,16.6,14.36,-0.1349,-2.240000000000002,True,False
Wayfair US,76195,Ulli Home,Jaiden Lawlor,ULIH3115,Accent Pillows,Bedding,0.07,16.57,0.0,-1.0,-16.57,False,False
Wayfair US,21037,JV Textiles,Benjamin Hannigan,IOHU1067,Bedding Sets,Bedding,0.08,16.57,9.27,-0.4404,-7.300000000000001,True,False
Wayfair US,1748,Revman International,Missy Paragamian,XRT10107,Bedding Sets,Bedding,0.0721,16.55,35.64,1.153,19.09,True,True
Wayfair US,1987,JLA Home,Missy Paragamian,WLAO2619,Bedding Sets,Bedding,0.02,16.55,19.93,0.2047,3.379999999999999,True,True
Wayfair US,19319,I Enjoy Bedding Company,Madison Carvalho,JLYI1205,Bedding Sets,Bedding,0.2,16.54,0.0,-1.0,-16.54,False,False
Wayfair US,22724,Home Choice International,Rainbow Wu,HCIG1864,Bedding Sets,Bedding,0.1,16.53,14.55,-0.1197,-1.9800000000000004,True,False
Wayfair US,23665,"Cozy Line Home Fashions, Inc.",Jaiden Lawlor,CLHF1357,Accent Pillows,Bedding,0.05,16.52,22.68,0.37310000000000004,6.16,True,True
Wayfair US,2554,Pem America,Benjamin Hannigan,GYTD1011,Bedding Sets,Bedding,0.1,16.49,11.13,-0.3249,-5.359999999999998,True,False
Wayfair US,1748,Revman International,Missy Paragamian,MBVB1683,Blankets And Throws,Bedding,0.33,16.49,0.0,-1.0,-16.49,False,False
Wayfair US,1987,JLA Home,Missy Paragamian,JLZL1375,Bedding Sets,Bedding,0.07,16.46,12.93,-0.2144,-3.530000000000001,True,False
Wayfair US,286791,"Boxer Home, LLC dba BOKSER HOME",Benjamin Hannigan,BKIE1010,Accent Pillows,Bedding,0.2,16.42,69.12,3.2105,52.7,True,True
Wayfair US,1748,Revman International,Missy Paragamian,MBVB1024,Bedding Sets,Bedding,0.11689999999999999,16.29,45.77,1.8090000000000002,29.480000000000004,True,True
Wayfair US,1748,Revman International,Missy Paragamian,QO10473,Bedding Sets,Bedding,0.2677,16.29,12.02,-0.2621,-4.27,True,False
Wayfair US,19319,I Enjoy Bedding Company,Madison Carvalho,JLYI1194,Bedding Sets,Bedding,0.2,16.25,0.0,-1.0,-16.25,False,False
Wayfair US,228805,IMPERIAL HOMEWARE LONDON LIMITED,Supplier Service Desk,IPCR1080,Bedding Sets,Bedding,0.1,16.24,28.81,0.7741,12.57,True,True
Wayfair US,2740,Home City Inc.,Jaiden Lawlor,TRPT2440,Bedding Sets,Bedding,0.07,16.21,15.17,-0.0644,-1.040000000000001,True,False
Wayfair US,1748,Revman International,Missy Paragamian,MKK10152,Bedding Sets,Bedding,0.2,16.21,0.0,-1.0,-16.21,False,False
Wayfair US,80197,CENTRADE INC.,Jessica Gu,WWMA1293,Accent Pillows,Bedding,0.15,16.17,21.75,0.3454,5.579999999999998,True,True
Wayfair US,7920,Riztex USA,Brianna Barrett,BL7785,Accent Pillows,Bedding,0.25,16.16,7.92,-0.5097999999999999,-8.24,True,False
Wayfair US,19319,I Enjoy Bedding Company,Madison Carvalho,JLYI1230,Bedding Sets,Bedding,0.2,16.15,23.94,0.48200000000000004,7.790000000000003,True,True
Wayfair US,1748,Revman International,Missy Paragamian,MBVB1848,Bedding Sets,Bedding,0.39799999999999996,16.06,0.0,-1.0,-16.06,False,False
Wayfair US,25843,"Bedshe International Co.,LTD",Rainbow Wu,BDUR2282,Bedding Sets,Bedding,0.1,16.04,0.0,-1.0,-16.04,False,False
Wayfair US,291,Surya,Alex Melius,YA86746,Accent Pillows,Bedding,0.1,16.04,0.0,-1.0,-16.04,False,False
Wayfair US,17102,Trade-Linker,Jaiden Lawlor,LBHX5412,Sheets & Pillowcases,Bedding,0.15,16.02,20.2,0.2606,4.18,True,True
Wayfair US,1987,JLA Home,Missy Paragamian,BADI1247,Bedding Sets,Bedding,0.02,16.01,11.21,-0.2998,-4.800000000000001,True,False
Wayfair US,280284,"Xuzhou Jiayi Real Estate Marketing Planning Co., Ltd",Asia Supplier Service Desk,LDOL1008,Sheets & Pillowcases,Bedding,0.16,15.97,0.0,-1.0,-15.97,False,False
Wayfair US,381,Safavieh,Alex Resnick,FV99650,Accent Pillows,Bedding,0.1333,15.97,83.11,4.204,67.14,True,True
Wayfair US,1987,JLA Home,Missy Paragamian,ALTH2201,Sheets & Pillowcases,Bedding,0.02,15.97,11.13,-0.3029,-4.84,True,False
Wayfair US,76195,Ulli Home,Jaiden Lawlor,ULIH3032,Accent Pillows,Bedding,0.07,15.95,14.88,-0.0673,-1.0699999999999985,True,False
Wayfair US,291,Surya,Alex Melius,LRFY7742,Blankets And Throws,Bedding,0.1,15.95,33.23,1.0836,17.279999999999998,True,True
Wayfair US,67551,"Suzhou lanqinglv Trading co,. ltd",lance Zhou,OELA1455,Bedding Sets,Bedding,0.40990000000000004,15.95,7.88,-0.5056,-8.07,True,False
Wayfair US,7920,Riztex USA,Brianna Barrett,RZY11377,Accent Pillows,Bedding,0.25,15.93,26.66,0.6735,10.73,True,True
Wayfair US,1987,JLA Home,Missy Paragamian,CHMB2081,Blankets And Throws,Bedding,0.02,15.89,23.29,0.466,7.399999999999999,True,True
Wayfair US,291,Surya,Alex Melius,YA76796,Accent Pillows,Bedding,0.1,15.87,4.85,-0.6943,-11.02,True,False
Wayfair US,1748,Revman International,Missy Paragamian,MBVB1536,Bedding Sets,Bedding,0.26940000000000003,15.86,0.0,-1.0,-15.86,False,False
Wayfair US,214227,"Caluha Company, LLC",Supplier Service Desk,UBAD1052,Accent Pillows,Bedding,0.1,15.85,30.24,0.9081999999999999,14.389999999999999,True,True
Wayfair US,1987,JLA Home,Missy Paragamian,NDHB1030,Kids Bedding Sets,Bedding,0.02,15.81,12.03,-0.23929999999999998,-3.780000000000001,True,False
Wayfair US,23665,"Cozy Line Home Fashions, Inc.",Jaiden Lawlor,LRKM3953,Bedding Sets,Bedding,0.05,15.76,0.0,-1.0,-15.76,False,False
Wayfair US,1748,Revman International,Missy Paragamian,KCN10161,Bedding Sets,Bedding,0.321,15.76,21.73,0.3791,5.970000000000001,True,True
Wayfair US,2554,Pem America,Benjamin Hannigan,CANN1221,Bedding Sets,Bedding,0.1,15.73,30.55,0.9429000000000001,14.82,True,True
Wayfair US,1093,Trademark Global,Karolina Coulter,TCWJ1030,Blankets And Throws,Bedding,0.2,15.64,0.0,-1.0,-15.64,False,False
Wayfair US,1987,JLA Home,Missy Paragamian,SEHO8203,Blankets And Throws,Bedding,0.02,15.6,2.38,-0.8473,-13.219999999999999,True,False
Wayfair US,1987,JLA Home,Missy Paragamian,JLZF1207,Bedding Sets,Bedding,0.12,15.6,0.0,-1.0,-15.6,False,False
Wayfair US,29262,Ann Gish Inc,Shannon Walker,BBNL3554,Bedding Sets,Bedding,0.2027,15.58,94.77,5.0822,79.19,True,True
Wayfair US,291,Surya,Alex Melius,WNPO6752,Accent Pillows,Bedding,0.1,15.56,65.56,3.2141,50.0,True,True
Wayfair US,1987,JLA Home,Missy Paragamian,WLR1163,Bedding Sets,Bedding,0.02,15.54,43.85,1.8225,28.310000000000002,True,True
Wayfair US,1748,Revman International,Missy Paragamian,MKK10066,Bedding Sets,Bedding,0.2,15.52,16.39,0.056299999999999996,0.870000000000001,True,True
Wayfair US,291,Surya,Alex Melius,YA76818,Accent Pillows,Bedding,0.1,15.49,6.53,-0.5782,-8.96,True,False
Wayfair US,58537,Covers And All,Kate Schryver,OALL3148,Accent Pillows,Bedding,0.1,15.43,25.38,0.645,9.95,True,True
Wayfair US,1748,Revman International,Missy Paragamian,TBL11065,Accent Pillows,Bedding,0.2832,15.43,31.87,1.0662,16.44,True,True
Wayfair US,22695,ELEGANCE LINEN,Benjamin Hannigan,EEGA1482,Sheets & Pillowcases,Bedding,0.25,15.39,7.28,-0.5267000000000001,-8.11,True,False
Wayfair US,1748,Revman International,Missy Paragamian,MKK10148,Bedding Sets,Bedding,0.2,15.39,0.0,-1.0,-15.39,False,False
Wayfair US,1987,JLA Home,Missy Paragamian,NDHB1010,Kids Bedding Sets,Bedding,0.02,15.38,11.07,-0.2805,-4.3100000000000005,True,False
Wayfair US,291,Surya,Alex Melius,GAXL1117,Accent Pillows,Bedding,0.1,15.38,28.48,0.8521,13.1,True,True
Wayfair US,286791,"Boxer Home, LLC dba BOKSER HOME",Benjamin Hannigan,BKIE1025,Bedding Sets,Bedding,0.2,15.36,0.0,-1.0,-15.36,False,False
Wayfair US,19319,I Enjoy Bedding Company,Madison Carvalho,BCCY1009,Bedding Sets,Bedding,0.2,15.33,29.68,0.9357,14.35,True,True
Wayfair US,112418,SAF IJAZ,Supplier Service Desk,ABEJ1120,Bedding Sets,Bedding,0.05,15.32,0.0,-1.0,-15.32,False,False
Wayfair US,23665,"Cozy Line Home Fashions, Inc.",Jaiden Lawlor,CLHF1296,Kids Bedding Sets,Bedding,0.05,15.3,0.0,-1.0,-15.3,False,False
Wayfair US,67551,"Suzhou lanqinglv Trading co,. ltd",lance Zhou,OELA1538,Bedding Sets,Bedding,0.5254,15.25,40.71,1.67,25.46,True,True
Wayfair US,2554,Pem America,Benjamin Hannigan,CTGC1073,Bedding Sets,Bedding,0.1,15.19,30.55,1.0112,15.360000000000001,True,True
Wayfair US,1748,Revman International,Missy Paragamian,VRWG1937,Bedding Sets,Bedding,0.1549,15.18,0.0,-1.0,-15.18,False,False
Wayfair US,81153,Delmar Decor,Supplier Service Desk,DBMA1003,Accent Pillows,Bedding,0.14730000000000001,15.17,11.28,-0.2568,-3.8900000000000006,True,False
Wayfair US,1987,JLA Home,Missy Paragamian,ATGR7044,Bedding Sets,Bedding,0.1,15.15,27.14,0.7914,11.99,True,True
Wayfair US,298823,shandongbeilienjiajukejiyouxiangongsi,Jessica Gu,SOFH1444,Blankets And Throws,Bedding,0.5,15.13,3.6,-0.762,-11.530000000000001,True,False
Wayfair US,1987,JLA Home,Missy Paragamian,UBHB1215,Bedding Sets,Bedding,0.12,15.08,0.0,-1.0,-15.08,False,False
Wayfair US,1748,Revman International,Missy Paragamian,VRWG2211,Blankets And Throws,Bedding,0.19440000000000002,15.07,0.0,-1.0,-15.07,False,False
Wayfair US,35552,CAN_DesignArt Inc.,Paige Beattie,CBZF9723,Accent Pillows,Bedding,0.22,15.04,14.81,-0.015300000000000001,-0.22999999999999865,True,False
Wayfair US,1748,Revman International,Missy Paragamian,XRT10091,Sheets & Pillowcases,Bedding,0.0748,15.03,0.0,-1.0,-15.03,False,False
Wayfair US,80197,CENTRADE INC.,Jessica Gu,WWMA1086,Accent Pillows,Bedding,0.17,15.01,35.07,1.3362,20.060000000000002,True,True
Wayfair US,2554,Pem America,Benjamin Hannigan,DSGZ1088,Sheets & Pillowcases,Bedding,0.0204,15.01,7.69,-0.4879,-7.319999999999999,True,False
Wayfair US,25843,"Bedshe International Co.,LTD",Rainbow Wu,BDUR1714,Bedding Sets,Bedding,0.15,14.98,0.0,-1.0,-14.98,False,False
Wayfair US,49958,Spectrum Rugs,Supplier Service Desk,PCRS1103,Blankets And Throws,Bedding,0.2,14.98,0.0,-1.0,-14.98,False,False
Wayfair US,24282,"Nanshing America, Inc.",Jaiden Lawlor,NAAM1085,Bedding Sets,Bedding,0.1,14.9,22.35,0.5,7.450000000000001,True,True
Wayfair US,11526,Modway Inc.,Kate Schryver,IVBX2300,Accent Pillows,Bedding,0.5501,14.81,14.84,0.0018,0.02999999999999936,True,True
Wayfair US,1748,Revman International,Missy Paragamian,BCTS1241,Bed Skirts,Bedding,0.2954,14.78,15.31,0.0359,0.5300000000000011,True,True
Wayfair US,1748,Revman International,Missy Paragamian,ERB1747,Bedding Sets,Bedding,0.1963,14.78,0.0,-1.0,-14.78,False,False
Wayfair US,63138,"Changshu Youthsky Import Export Co.,Ltd",Jessica Gu,SEPL1090,Bedding Sets,Bedding,0.05,14.76,16.72,0.1331,1.959999999999999,True,True
Wayfair US,1748,Revman International,Missy Paragamian,TBB1734,Bedding Sets,Bedding,0.38780000000000003,14.75,61.58,3.1751,46.83,True,True
Wayfair US,7920,Riztex USA,Brianna Barrett,RZY11350,Accent Pillows,Bedding,0.25,14.72,16.39,0.1134,1.67,True,True
Wayfair US,214227,"Caluha Company, LLC",Supplier Service Desk,UBAD1003,Accent Pillows,Bedding,0.15,14.7,31.82,1.1645999999999999,17.12,True,True
Wayfair US,1748,Revman International,Missy Paragamian,ERB10935,Kids Bedding Sets,Bedding,0.387,14.7,0.0,-1.0,-14.7,False,False
Wayfair US,55893,WonderfulCo,lance Zhou,WNTX1053,Bedding Sets,Bedding,0.1,14.69,19.53,0.3292,4.840000000000002,True,True
Wayfair US,19319,I Enjoy Bedding Company,Madison Carvalho,BCCY1010,Bedding Sets,Bedding,0.2,14.69,0.0,-1.0,-14.69,False,False
Wayfair US,291,Surya,Alex Melius,EDIV1320,Accent Pillows,Bedding,0.1,14.68,51.0,2.4741,36.32,True,True
Wayfair US,231459,Fabdivine LLC,Benjamin Hannigan,DBDI1515,Accent Pillows,Bedding,0.18,14.62,0.0,-1.0,-14.62,False,False
Wayfair US,147802,Shenzhen Meiyuan Keji Youxiangongsi,Regan Zou,NGSO2351,Bedding Accessories,Bedding,0.3,14.62,23.52,0.6092,8.9,True,True
Wayfair US,1748,Revman International,Missy Paragamian,SBD10026,Sheets & Pillowcases,Bedding,0.1375,14.57,42.62,1.9247999999999998,28.049999999999997,True,True
Wayfair US,1987,JLA Home,Missy Paragamian,HUH1726,Bedding Sets,Bedding,0.02,14.54,0.0,-1.0,-14.54,False,False
Wayfair US,381,Safavieh,Alex Resnick,MCRF5165,Accent Pillows,Bedding,0.1035,14.54,9.29,-0.36119999999999997,-5.25,True,False
Wayfair US,76195,Ulli Home,Jaiden Lawlor,ULIH2994,Accent Pillows,Bedding,0.07,14.52,23.81,0.6401,9.29,True,True
Wayfair US,19567,Mytex,Supplier Service Desk,ACXB1044,Kids Bedding Sets,Bedding,0.0286,14.52,0.0,-1.0,-14.52,False,False
Wayfair US,76195,Ulli Home,Jaiden Lawlor,ULIH2955,Accent Pillows,Bedding,0.07,14.5,0.0,-1.0,-14.5,False,False
Wayfair US,24282,"Nanshing America, Inc.",Jaiden Lawlor,MBSR1491,Bedding Sets,Bedding,0.1,14.45,19.89,0.3768,5.440000000000001,True,True
Wayfair US,231459,Fabdivine LLC,Benjamin Hannigan,DBDI1143,Accent Pillows,Bedding,0.18,14.45,0.0,-1.0,-14.45,False,False
Wayfair US,1748,Revman International,Missy Paragamian,VRWG1996,Sheets & Pillowcases,Bedding,0.10289999999999999,14.44,40.94,1.8348,26.5,True,True
Wayfair US,35552,CAN_DesignArt Inc.,Paige Beattie,CBZG1722,Accent Pillows,Bedding,0.22,14.42,0.0,-1.0,-14.42,False,False
Wayfair US,1748,Revman International,Missy Paragamian,MBVB1838,Bedding Sets,Bedding,0.26940000000000003,14.41,3.7,-0.743,-10.71,True,False
Wayfair US,72667,"Jiangsu Meideni Textile CO.,LTD",lance Zhou,ALDL1051,Bedding Sets,Bedding,0.1,14.39,45.63,2.1705,31.240000000000002,True,True
Wayfair US,2554,Pem America,Benjamin Hannigan,CHSI1074,Blankets And Throws,Bedding,0.1,14.39,0.0,-1.0,-14.39,False,False
Wayfair US,1748,Revman International,Missy Paragamian,TBL10602,Bedding Sets,Bedding,0.2723,14.38,22.4,0.5573,8.019999999999998,True,True
Wayfair US,76195,Ulli Home,Jaiden Lawlor,ULIH2820,Accent Pillows,Bedding,0.07,14.37,23.42,0.6301,9.050000000000002,True,True
Wayfair US,19371,Better Trends,Jaiden Lawlor,AAMM2241,Bedding Sets,Bedding,0.1,14.35,0.0,-1.0,-14.35,False,False
Wayfair US,1748,Revman International,Missy Paragamian,XRT10030,Bedding Sets,Bedding,0.0638,14.32,0.0,-1.0,-14.32,False,False
Wayfair US,7920,Riztex USA,Brianna Barrett,RZY10074,Accent Pillows,Bedding,0.25,14.27,31.95,1.239,17.68,True,True
Wayfair US,7224,Greendale Home Fashions,Kate Schryver,DBYC4256,Accent Pillows,Bedding,0.05,14.26,0.0,-1.0,-14.26,False,False
Wayfair US,1987,JLA Home,Missy Paragamian,HBEE2890,Bedding Sets,Bedding,0.07,14.22,15.24,0.0719,1.0199999999999996,True,True
Wayfair US,1987,JLA Home,Missy Paragamian,ANDV4795,Bedding Sets,Bedding,0.02,14.21,25.3,0.7804000000000001,11.09,True,True
Wayfair US,67551,"Suzhou lanqinglv Trading co,. ltd",lance Zhou,OELA1041,Bedding Sets,Bedding,0.3,14.19,0.0,-1.0,-14.19,False,False
Wayfair US,1748,Revman International,Missy Paragamian,BCHH6443,Bedding Sets,Bedding,0.1445,14.19,0.0,-1.0,-14.19,False,False
Wayfair US,80197,CENTRADE INC.,Jessica Gu,WWMA1221,Accent Pillows,Bedding,0.33,14.18,93.14,5.5675,78.96000000000001,True,True
Wayfair US,17539,BNF Home,lance Zhou,BDNT1176,Accent Pillows,Bedding,0.15,14.15,33.18,1.345,19.03,True,True
Wayfair US,7920,Riztex USA,Brianna Barrett,CST33555,Accent Pillows,Bedding,0.25,14.11,17.47,0.2382,3.3599999999999994,True,True
Wayfair US,19319,I Enjoy Bedding Company,Madison Carvalho,JLYI1186,Bedding Sets,Bedding,0.2,14.07,13.54,-0.037599999999999995,-0.5300000000000011,True,False
Wayfair US,1987,JLA Home,Missy Paragamian,DBYC3044,Sheets & Pillowcases,Bedding,0.02,14.07,39.69,1.8209,25.619999999999997,True,True
Wayfair US,23665,"Cozy Line Home Fashions, Inc.",Jaiden Lawlor,CLHF1293,Kids Bedding Sets,Bedding,0.05,14.04,15.6,0.11109999999999999,1.5600000000000005,True,True
Wayfair US,214227,"Caluha Company, LLC",Supplier Service Desk,UBAD1103,Accent Pillows,Bedding,0.15,14.03,0.0,-1.0,-14.03,False,False
Wayfair US,6890,ACG Green,Alaina Phelan,XJT10571,Accent Pillows,Bedding,0.19,14.02,0.0,-1.0,-14.02,False,False
Wayfair US,1748,Revman International,Missy Paragamian,TBL10943,Blankets And Throws,Bedding,0.1718,13.99,0.0,-1.0,-13.99,False,False
Wayfair US,22180,DesignArt Inc.,Maxwell Threlkeld,CBZK3885,Accent Pillows,Bedding,0.22,13.97,5.39,-0.614,-8.580000000000002,True,False
Wayfair US,19319,I Enjoy Bedding Company,Madison Carvalho,BCCY1035,Accent Pillows,Bedding,0.2,13.93,40.7,1.9224,26.770000000000003,True,True
Wayfair US,10545,Americanflat Corp,Waverly Winterer,EFW58882,Accent Pillows,Bedding,0.2,13.9,1.65,-0.8815000000000001,-12.25,True,False
Wayfair US,49868,moonfairyco,Supplier Service Desk,MOFC1324,Accent Pillows,Bedding,0.2,13.89,14.97,0.0783,1.08,True,True
Wayfair US,22724,Home Choice International,Rainbow Wu,HCIG1852,Bedding Sets,Bedding,0.05,13.88,23.13,0.6667000000000001,9.249999999999998,True,True
Wayfair US,1748,Revman International,Missy Paragamian,TBB1661,Bedding Sets,Bedding,0.17,13.83,38.27,1.7665,24.440000000000005,True,True
Wayfair US,1748,Revman International,Missy Paragamian,TMBH1241,Bedding Sets,Bedding,0.2,13.83,36.89,1.6668,23.060000000000002,True,True
Wayfair US,25843,"Bedshe International Co.,LTD",Rainbow Wu,BDUR2343,Bedding Sets,Bedding,0.37,13.8,11.99,-0.1313,-1.8100000000000005,True,False
Wayfair US,1093,Trademark Global,Karolina Coulter,AGTG1741,Bedding Sets,Bedding,0.38,13.8,0.0,-1.0,-13.8,False,False
Wayfair US,12608,Lifestyle,Paige Beattie,NTRL2949,Accent Pillows,Bedding,0.22,13.79,0.0,-1.0,-13.79,False,False
Wayfair US,25843,"Bedshe International Co.,LTD",Rainbow Wu,BDUR1329,Bedding Sets,Bedding,0.5,13.77,32.32,1.3474000000000002,18.55,True,True
Wayfair US,23665,"Cozy Line Home Fashions, Inc.",Jaiden Lawlor,CLHF1170,Bedding Sets,Bedding,0.05,13.76,13.32,-0.0319,-0.4399999999999995,True,False
Wayfair US,1748,Revman International,Missy Paragamian,KCN10080,Blankets And Throws,Bedding,0.2818,13.73,31.92,1.3256999999999999,18.19,True,True
Wayfair US,6890,ACG Green,Alaina Phelan,XJT10666,Accent Pillows,Bedding,0.19,13.7,31.2,1.278,17.5,True,True
Wayfair US,1748,Revman International,Missy Paragamian,MBVB1258,Bedding Sets,Bedding,0.2836,13.62,0.0,-1.0,-13.62,False,False
Wayfair US,1748,Revman International,Missy Paragamian,ERB10924,Bedding Sets,Bedding,0.2348,13.61,18.13,0.3319,4.52,True,True
Wayfair US,36405,Colcha Linens,Jaiden Lawlor,AXBT1001,Bed Skirts,Bedding,0.2,13.58,0.0,-1.0,-13.58,False,False
Wayfair US,30354,IYS Enterprises Inc.,Charlie O'Brien,IYSE1120,Blankets And Throws,Bedding,0.18,13.58,0.0,-1.0,-13.58,False,False
Wayfair US,291,Surya,Alex Melius,YA85140,Accent Pillows,Bedding,0.1,13.57,0.0,-1.0,-13.57,False,False
Wayfair US,291,Surya,Alex Melius,YA78119,Accent Pillows,Bedding,0.1,13.56,0.0,-1.0,-13.56,False,False
Wayfair US,1748,Revman International,Missy Paragamian,VRWG2162,Blankets And Throws,Bedding,0.16920000000000002,13.56,10.34,-0.23739999999999997,-3.2200000000000006,True,False
Wayfair US,1987,JLA Home,Missy Paragamian,TRNT2914,Bedding Sets,Bedding,0.02,13.54,21.26,0.5698,7.720000000000002,True,True
Wayfair US,67551,"Suzhou lanqinglv Trading co,. ltd",lance Zhou,OELA1179,Bedding Sets,Bedding,0.2639,13.52,17.95,0.3271,4.43,True,True
Wayfair US,35552,CAN_DesignArt Inc.,Paige Beattie,CBZF7194,Accent Pillows,Bedding,0.22,13.52,11.85,-0.12369999999999999,-1.67,True,False
Wayfair US,1987,JLA Home,Missy Paragamian,JLZF1168,Bedding Sets,Bedding,0.12,13.5,0.0,-1.0,-13.5,False,False
Wayfair US,22724,Home Choice International,Rainbow Wu,HCIG1858,Bedding Sets,Bedding,0.1,13.49,42.59,2.1574,29.1,True,True
Wayfair US,1748,Revman International,Missy Paragamian,MBVB1154,Bedding Sets,Bedding,0.18109999999999998,13.44,0.0,-1.0,-13.44,False,False
Wayfair US,1748,Revman International,Missy Paragamian,TBL10441,Bedding Sets,Bedding,0.2439,13.42,53.55,2.9913,40.129999999999995,True,True
Wayfair US,207670,FAVICLA CORP,Asia Supplier Service Desk,CHBM1528,Bedding Accessories,Bedding,0.05,13.38,52.21,2.9021,38.83,True,True
Wayfair US,7920,Riztex USA,Brianna Barrett,RZY10450,Accent Pillows,Bedding,0.25,13.34,27.03,1.0270000000000001,13.690000000000001,True,True
Wayfair US,1987,JLA Home,Missy Paragamian,TRPT6302,Bedding Sets,Bedding,0.02,13.32,69.74,4.2342,56.419999999999995,True,True
Wayfair US,214227,"Caluha Company, LLC",Supplier Service Desk,UBAD1004,Accent Pillows,Bedding,0.15,13.32,11.74,-0.1191,-1.58,True,False
Wayfair US,1748,Revman International,Missy Paragamian,MPPY1006,Sheets & Pillowcases,Bedding,0.2788,13.31,4.71,-0.6456999999999999,-8.600000000000001,True,False
Wayfair US,2740,Home City Inc.,Jaiden Lawlor,CHMB2410,Blankets And Throws,Bedding,0.07,13.29,33.34,1.5081,20.050000000000004,True,True
Wayfair US,1748,Revman International,Missy Paragamian,MSTT6706,Blankets And Throws,Bedding,0.2,13.25,19.76,0.4915,6.510000000000002,True,True
Wayfair US,67551,"Suzhou lanqinglv Trading co,. ltd",lance Zhou,OELA1537,Bedding Sets,Bedding,0.33,13.22,10.7,-0.1905,-2.5200000000000014,True,False
Wayfair US,107502,QKXB INC,Asia Supplier Service Desk,JHAA1009,Accent Pillows,Bedding,0.2708,13.22,29.41,1.2254,16.189999999999998,True,True
Wayfair US,17539,BNF Home,lance Zhou,SOFH1353,Blankets And Throws,Bedding,0.1,13.2,8.64,-0.3458,-4.559999999999999,True,False
Wayfair US,24282,"Nanshing America, Inc.",Jaiden Lawlor,MBSR1146,Bedding Sets,Bedding,0.1,13.2,0.0,-1.0,-13.2,False,False
Wayfair US,1748,Revman International,Missy Paragamian,TBL10924,Bedding Sets,Bedding,0.156,13.15,14.74,0.1213,1.5899999999999999,True,True
Wayfair US,19319,I Enjoy Bedding Company,Madison Carvalho,JLYI1232,Bedding Sets,Bedding,0.2,13.14,0.0,-1.0,-13.14,False,False
Wayfair US,23665,"Cozy Line Home Fashions, Inc.",Jaiden Lawlor,CLHF1435,Bedding Sets,Bedding,0.05,13.14,14.74,0.1222,1.5999999999999996,True,True
Wayfair US,1987,JLA Home,Missy Paragamian,CEAH1009,Bedding Sets,Bedding,0.15,13.13,0.0,-1.0,-13.13,False,False
Wayfair US,231459,Fabdivine LLC,Benjamin Hannigan,DBDI1467,Accent Pillows,Bedding,0.13,13.12,0.0,-1.0,-13.12,False,False
Wayfair US,24282,"Nanshing America, Inc.",Jaiden Lawlor,MBSR1505,Bedding Sets,Bedding,0.2,13.1,91.93,6.0192,78.83000000000001,True,True
Wayfair US,214227,"Caluha Company, LLC",Supplier Service Desk,UBAD1183,Accent Pillows,Bedding,0.15,13.08,42.43,2.2444,29.35,True,True
Wayfair US,59132,South Point Home Fashions Inc.,Jessica Gu,SLPE1021,Kids Bedding Sets,Bedding,0.15,13.08,38.17,1.9186,25.090000000000003,True,True
Wayfair US,1748,Revman International,Missy Paragamian,QO10376,Sheets & Pillowcases,Bedding,0.1,13.05,11.86,-0.0917,-1.1900000000000013,True,False
Wayfair US,8586,Stupell Industries,Alex Sarkisian,VYHK1595,Accent Pillows,Bedding,0.2,13.02,21.36,0.6408,8.34,True,True
Wayfair US,1987,JLA Home,Missy Paragamian,ASGA2217,Bedding Sets,Bedding,0.02,12.99,0.0,-1.0,-12.99,False,False
Wayfair US,76195,Ulli Home,Jaiden Lawlor,ULIH1358,Accent Pillows,Bedding,0.07,12.96,0.0,-1.0,-12.96,False,False
Wayfair US,1748,Revman International,Missy Paragamian,ERB10861,Bedding Sets,Bedding,0.31679999999999997,12.93,0.0,-1.0,-12.93,False,False
Wayfair US,25843,"Bedshe International Co.,LTD",Rainbow Wu,BDUR1517,Sheets & Pillowcases,Bedding,0.05,12.89,28.46,1.2086,15.57,True,True
Wayfair US,24282,"Nanshing America, Inc.",Jaiden Lawlor,MBSR1293,Bedding Sets,Bedding,0.1,12.88,17.82,0.3829,4.9399999999999995,True,True
Wayfair US,1987,JLA Home,Missy Paragamian,JLZL1378,Bedding Sets,Bedding,0.02,12.88,41.95,2.2562,29.07,True,True
Wayfair US,25843,"Bedshe International Co.,LTD",Rainbow Wu,BDUR2359,Bedding Sets,Bedding,0.12,12.87,0.0,-1.0,-12.87,False,False
Wayfair US,2740,Home City Inc.,Jaiden Lawlor,ZYWR2169,Sheets & Pillowcases,Bedding,0.07,12.86,87.84,5.8302,74.98,True,True
Wayfair US,1748,Revman International,Missy Paragamian,KBFC2109,Bedding Sets,Bedding,0.26780000000000004,12.84,0.0,-1.0,-12.84,False,False
Wayfair US,1748,Revman International,Missy Paragamian,TRPT6288,Bedding Sets,Bedding,0.2482,12.84,17.95,0.3978,5.109999999999999,True,True
Wayfair US,214227,"Caluha Company, LLC",Supplier Service Desk,UBAD1006,Accent Pillows,Bedding,0.15,12.84,0.0,-1.0,-12.84,False,False
Wayfair US,214227,"Caluha Company, LLC",Supplier Service Desk,UBAD1025,Accent Pillows,Bedding,0.15,12.84,39.08,2.0441,26.24,True,True
Wayfair US,1987,JLA Home,Missy Paragamian,EBRD5209,Sheets & Pillowcases,Bedding,0.02,12.78,7.42,-0.4193,-5.359999999999999,True,False
Wayfair US,1987,JLA Home,Missy Paragamian,NDHB1037,Kids Bedding Sets,Bedding,0.12,12.7,0.0,-1.0,-12.7,False,False
Wayfair US,16941,Sunham Home Fashions,Benjamin Hannigan,LCST1292,Sheets & Pillowcases,Bedding,0.08,12.7,17.03,0.3414,4.330000000000002,True,True
Wayfair US,35552,CAN_DesignArt Inc.,Paige Beattie,CBXL6849,Accent Pillows,Bedding,0.22,12.7,20.82,0.64,8.120000000000001,True,True
Wayfair US,23665,"Cozy Line Home Fashions, Inc.",Jaiden Lawlor,CLHF1010,Bedding Sets,Bedding,0.05,12.68,0.0,-1.0,-12.68,False,False
Wayfair US,291,Surya,Alex Melius,GAXL1119,Accent Pillows,Bedding,0.1,12.66,0.0,-1.0,-12.66,False,False
Wayfair US,19319,I Enjoy Bedding Company,Madison Carvalho,BCCY1029,Sheets & Pillowcases,Bedding,0.2,12.66,43.57,2.4421,30.91,True,True
Wayfair US,228805,IMPERIAL HOMEWARE LONDON LIMITED,Supplier Service Desk,IPCR1003,Blankets And Throws,Bedding,0.1,12.66,14.0,0.1058,1.3399999999999999,True,True
Wayfair US,25843,"Bedshe International Co.,LTD",Rainbow Wu,BDUR3390,Sheets & Pillowcases,Bedding,0.15,12.65,20.4,0.6128,7.749999999999998,True,True
Wayfair US,23665,"Cozy Line Home Fashions, Inc.",Jaiden Lawlor,CLHF1340,Bedding Sets,Bedding,0.05,12.63,0.0,-1.0,-12.63,False,False
Wayfair US,23665,"Cozy Line Home Fashions, Inc.",Jaiden Lawlor,CLHF1305,Bedding Sets,Bedding,0.05,12.62,0.0,-1.0,-12.62,False,False
Wayfair US,40097,jml trading llc,Asia Supplier Service Desk,JMLT1905,Bedding Sets,Bedding,0.05,12.62,13.57,0.0754,0.9500000000000011,True,True
Wayfair US,24282,"Nanshing America, Inc.",Jaiden Lawlor,MBSR1478,Bedding Sets,Bedding,0.1,12.59,0.0,-1.0,-12.59,False,False
Wayfair US,1748,Revman International,Missy Paragamian,MBVB1761,Bedding Sets,Bedding,0.2826,12.53,0.0,-1.0,-12.53,False,False
Wayfair US,291,Surya,Alex Melius,YA83873,Accent Pillows,Bedding,0.1,12.52,36.49,1.9146,23.970000000000002,True,True
Wayfair US,13106,Plutus Partners LLC,Supplier Service Desk,PPTS3617,Blankets And Throws,Bedding,0.22,12.5,0.0,-1.0,-12.5,False,False
Wayfair US,2554,Pem America,Benjamin Hannigan,SDCM1342,Sheets & Pillowcases,Bedding,0.1,12.49,7.42,-0.4058,-5.07,True,False
Wayfair US,12608,Lifestyle,Paige Beattie,HMRT2992,Accent Pillows,Bedding,0.22,12.48,41.66,2.3373,29.179999999999996,True,True
Wayfair US,1748,Revman International,Missy Paragamian,KBFC2107,Bedding Sets,Bedding,0.2565,12.45,0.0,-1.0,-12.45,False,False
Wayfair US,2740,Home City Inc.,Jaiden Lawlor,SPES1346,Sheets & Pillowcases,Bedding,0.07,12.39,12.74,0.027999999999999997,0.34999999999999964,True,True
Wayfair US,291,Surya,Alex Melius,YA71849,Accent Pillows,Bedding,0.1,12.39,24.28,0.96,11.89,True,True
Wayfair US,214424,ZhejiangNanFengJinChukouYouXianGongSi,Elvira Tang,BPOS1256,Accent Pillows,Bedding,0.3,12.36,9.36,-0.2425,-3.0,True,False
Wayfair US,15611,"All Strong Industry USA, Inc.",Madison Carvalho,DELN1001,Blankets And Throws,Bedding,0.29,12.31,34.79,1.8269,22.479999999999997,True,True
Wayfair US,280284,"Xuzhou Jiayi Real Estate Marketing Planning Co., Ltd",Asia Supplier Service Desk,LDOL1007,Sheets & Pillowcases,Bedding,0.4,12.3,0.0,-1.0,-12.3,False,False
Wayfair US,63138,"Changshu Youthsky Import Export Co.,Ltd",Jessica Gu,SEPL1032,Blankets And Throws,Bedding,0.05,12.29,15.05,0.22460000000000002,2.7600000000000016,True,True
Wayfair US,1987,JLA Home,Missy Paragamian,BCHH6087,Bedding Sets,Bedding,0.07,12.28,2.12,-0.8276,-10.16,True,False
Wayfair US,35552,CAN_DesignArt Inc.,Paige Beattie,CBZG1500,Accent Pillows,Bedding,0.22,12.27,19.74,0.6092,7.469999999999999,True,True
Wayfair US,291,Surya,Alex Melius,YA64398,Accent Pillows,Bedding,0.1,12.26,30.86,1.5165,18.6,True,True
Wayfair US,2554,Pem America,Benjamin Hannigan,FEFA1009,Bedding Sets,Bedding,0.11960000000000001,12.24,0.0,-1.0,-12.24,False,False
Wayfair US,1748,Revman International,Missy Paragamian,ERB10883,Bedding Sets,Bedding,0.2412,12.22,0.0,-1.0,-12.22,False,False
Wayfair US,1987,JLA Home,Missy Paragamian,JLZL1039,Accent Pillows,Bedding,0.1,12.2,0.0,-1.0,-12.2,False,False
Wayfair US,32808,CAN_Cathay Home Inc.,Paige Beattie,DRVU1317,Bedding Sets,Bedding,0.2,12.2,0.0,-1.0,-12.2,False,False
Wayfair US,309776,UNITEMAN TECHNOLOGY (HK) LIMITED,Ricky Yu,XDHO1370,Bedding Accessories,Bedding,0.15,12.2,5.33,-0.5632,-6.869999999999999,True,False
Wayfair US,1748,Revman International,Missy Paragamian,MBVB1784,Bedding Sets,Bedding,0.33659999999999995,12.19,0.0,-1.0,-12.19,False,False
Wayfair US,7920,Riztex USA,Brianna Barrett,RZY11482,Accent Pillows,Bedding,0.25,12.18,14.19,0.165,2.01,True,True
Wayfair US,17662,Sanders Collection,Benjamin Hannigan,MBWI1007,Sheets & Pillowcases,Bedding,0.12,12.17,9.14,-0.2491,-3.0299999999999994,True,False
Wayfair US,107502,QKXB INC,Asia Supplier Service Desk,JHAA1002,Accent Pillows,Bedding,0.29410000000000003,12.15,23.01,0.8934000000000001,10.860000000000001,True,True
Wayfair US,35160,Lava Garden Inc.,Supplier Service Desk,ACRY2435,Accent Pillows,Bedding,0.2,12.13,38.8,2.1978999999999997,26.669999999999995,True,True
Wayfair US,2554,Pem America,Benjamin Hannigan,EDIV1290,Bedding Sets,Bedding,0.1721,12.13,36.37,1.9999,24.239999999999995,True,True
Wayfair US,72667,"Jiangsu Meideni Textile CO.,LTD",lance Zhou,ABAE1385,Bedding Sets,Bedding,0.31,12.09,21.49,0.7770999999999999,9.399999999999999,True,True
Wayfair US,1987,JLA Home,Missy Paragamian,WLAO2844,Blankets And Throws,Bedding,0.02,12.07,35.68,1.9553,23.61,True,True
Wayfair US,1748,Revman International,Missy Paragamian,VRWG2234,Bedding Sets,Bedding,0.23190000000000002,12.03,0.0,-1.0,-12.03,False,False
Wayfair US,342847,"Shanxi Qianna Jiafan Network Technology Co., Ltd",Asia Supplier Service Desk,IANX3497,Bedding Accessories,Bedding,0.05,12.02,0.0,-1.0,-12.02,False,False
Wayfair US,2554,Pem America,Benjamin Hannigan,FYEB1016,Bedding Sets,Bedding,0.1,12.02,18.19,0.5138,6.170000000000002,True,True
Wayfair US,291,Surya,Alex Melius,GAXL1051,Accent Pillows,Bedding,0.1,11.99,73.58,5.1365,61.589999999999996,True,True
Wayfair US,67551,"Suzhou lanqinglv Trading co,. ltd",lance Zhou,OELA1665,Bedding Sets,Bedding,0.25,11.95,53.71,3.4967,41.760000000000005,True,True
Wayfair US,1987,JLA Home,Missy Paragamian,NCWA2774,Bedding Sets,Bedding,0.02,11.93,66.92,4.6099,54.99,True,True
Wayfair US,1987,JLA Home,Missy Paragamian,NDHA1034,Bedding Sets,Bedding,0.15,11.9,0.0,-1.0,-11.9,False,False
Wayfair US,7920,Riztex USA,Brianna Barrett,RZY11198,Blankets And Throws,Bedding,0.25,11.9,0.0,-1.0,-11.9,False,False
Wayfair US,30354,IYS Enterprises Inc.,Charlie O'Brien,IYSE1179,Sheets & Pillowcases,Bedding,0.18,11.9,0.0,-1.0,-11.9,False,False
Wayfair US,1987,JLA Home,Missy Paragamian,RBSD9463,Bedding Sets,Bedding,0.02,11.9,0.0,-1.0,-11.9,False,False
Wayfair US,63138,"Changshu Youthsky Import Export Co.,Ltd",Jessica Gu,SEPL1071,Sheets & Pillowcases,Bedding,0.05,11.9,0.0,-1.0,-11.9,False,False
Wayfair US,23665,"Cozy Line Home Fashions, Inc.",Jaiden Lawlor,CLHF1192,Kids Bedding Sets,Bedding,0.05,11.89,0.0,-1.0,-11.89,False,False
Wayfair US,1748,Revman International,Missy Paragamian,KCN10178,Bedding Sets,Bedding,0.2527,11.86,0.0,-1.0,-11.86,False,False
Wayfair US,2554,Pem America,Benjamin Hannigan,CTGC1065,Bedding Sets,Bedding,0.1,11.84,9.89,-0.1641,-1.9499999999999993,True,False
Wayfair US,2554,Pem America,Benjamin Hannigan,SDCM1065,Bedding Sets,Bedding,0.2006,11.81,56.74,3.8035,44.93,True,True
Wayfair US,17539,BNF Home,lance Zhou,HREN1277,Bedding Sets,Bedding,0.1,11.8,0.0,-1.0,-11.8,False,False
Wayfair US,5148,CGG Home Fashions,Supplier Service Desk,BPQ10255,Bedding Sets,Bedding,0.2,11.74,46.3,2.9448000000000003,34.559999999999995,True,True
Wayfair US,36405,Colcha Linens,Jaiden Lawlor,AXBT1220,Bedding Sets,Bedding,0.2,11.74,0.0,-1.0,-11.74,False,False
Wayfair US,1748,Revman International,Missy Paragamian,LRFY4333,Bedding Sets,Bedding,0.0636,11.74,10.44,-0.1104,-1.3000000000000007,True,False
Wayfair US,41493,HUI Resource,Supplier Service Desk,PBHM2053,Accent Pillows,Bedding,0.3,11.72,15.31,0.3068,3.59,True,True
Wayfair US,24282,"Nanshing America, Inc.",Jaiden Lawlor,MBSR1500,Bedding Sets,Bedding,0.11,11.71,34.75,1.9671,23.04,True,True
Wayfair US,19319,I Enjoy Bedding Company,Madison Carvalho,JLYI1245,Accent Pillows,Bedding,0.2,11.71,20.91,0.7861,9.2,True,True
Wayfair US,7920,Riztex USA,Brianna Barrett,RZY10723,Accent Pillows,Bedding,0.25,11.7,24.57,1.1003,12.870000000000001,True,True
Wayfair US,19319,I Enjoy Bedding Company,Madison Carvalho,JLYI1240,Accent Pillows,Bedding,0.2,11.7,77.75,5.6479,66.05,True,True
Wayfair US,24613,Puredown,Sylvia Ding,MACE1353,Bedding Sets,Bedding,0.3,11.66,8.0,-0.31370000000000003,-3.66,True,False
Wayfair US,29398,CAN_HUI Resource,Supplier Service Desk,PBHM2011,Accent Pillows,Bedding,0.25,11.6,7.29,-0.37170000000000003,-4.31,True,False
Wayfair US,1748,Revman International,Missy Paragamian,KCN10053,Accent Pillows,Bedding,0.3371,11.59,19.64,0.6951,8.05,True,True
Wayfair US,41493,HUI Resource,Supplier Service Desk,PBHM3344,Accent Pillows,Bedding,0.35,11.57,12.09,0.0446,0.5199999999999996,True,True
Wayfair US,1987,JLA Home,Missy Paragamian,NDHA1008,Kids Bedding Sets,Bedding,0.07,11.56,0.0,-1.0,-11.56,False,False
Wayfair US,82119,11243098 Canada Inc,Kyle Pascale,QLR10711,Accent Pillows,Bedding,0.05,11.55,20.57,0.7805,9.02,True,True
Wayfair US,22695,ELEGANCE LINEN,Benjamin Hannigan,CHMB1695,Sheets & Pillowcases,Bedding,0.25,11.53,2.62,-0.773,-8.91,True,False
Wayfair US,2554,Pem America,Benjamin Hannigan,CTGC1033,Bedding Sets,Bedding,0.1,11.48,0.0,-1.0,-11.48,False,False
Wayfair US,32808,CAN_Cathay Home Inc.,Paige Beattie,DRVU1004,Bedding Sets,Bedding,0.35,11.47,22.19,0.9345,10.72,True,True
Wayfair US,1987,JLA Home,Missy Paragamian,HRBE1981,Kids Bedding Sets,Bedding,0.02,11.44,0.0,-1.0,-11.44,False,False
Wayfair US,1093,Trademark Global,Karolina Coulter,OSBL1010,Blankets And Throws,Bedding,0.24,11.36,111.78,8.8369,100.42,True,True
Wayfair US,1748,Revman International,Missy Paragamian,MBVB1680,Bedding Sets,Bedding,0.2014,11.36,17.1,0.5047,5.740000000000002,True,True
Wayfair US,24282,"Nanshing America, Inc.",Jaiden Lawlor,MBSR1244,Bedding Sets,Bedding,0.27,11.36,0.0,-1.0,-11.36,False,False
Wayfair US,35552,CAN_DesignArt Inc.,Paige Beattie,CBZG1291,Accent Pillows,Bedding,0.22,11.34,0.0,-1.0,-11.34,False,False
Wayfair US,76195,Ulli Home,Jaiden Lawlor,ULIH4092,Accent Pillows,Bedding,0.07,11.32,0.0,-1.0,-11.32,False,False
Wayfair US,2554,Pem America,Benjamin Hannigan,FEFA1040,Bedding Sets,Bedding,0.1,11.31,17.46,0.5444,6.15,True,True
Wayfair US,1987,JLA Home,Missy Paragamian,WLR1256,Bedding Sets,Bedding,0.12,11.3,16.58,0.4667,5.279999999999998,True,True
Wayfair US,156771,Noori Home LLC,Carly Baker,MLDW9475,Accent Pillows,Bedding,0.25,11.29,20.16,0.7857,8.870000000000001,True,True
Wayfair US,63138,"Changshu Youthsky Import Export Co.,Ltd",Jessica Gu,SEPL1081,Bedding Sets,Bedding,0.05,11.29,0.0,-1.0,-11.29,False,False
Wayfair US,16941,Sunham Home Fashions,Benjamin Hannigan,LCST1282,Bedding Sets,Bedding,0.08,11.28,0.0,-1.0,-11.28,False,False
Wayfair US,19319,I Enjoy Bedding Company,Madison Carvalho,JLYI1234,Bedding Sets,Bedding,0.2,11.26,16.85,0.4962,5.590000000000002,True,True
Wayfair US,291,Surya,Alex Melius,YA83822,Accent Pillows,Bedding,0.1,11.22,0.0,-1.0,-11.22,False,False
Wayfair US,241908,"NANTONG WELL TEXTILE SCIENCE AND TECHNOLOGY CO., LTD",Jessica Gu,HNRE1076,Sheets & Pillowcases,Bedding,0.1,11.19,53.23,3.7579000000000002,42.04,True,True
Wayfair US,80197,CENTRADE INC.,Jessica Gu,WWMA1058,Accent Pillows,Bedding,0.17,11.19,0.0,-1.0,-11.19,False,False
Wayfair US,1748,Revman International,Missy Paragamian,TBB1901,Accent Pillows,Bedding,0.3576,11.14,0.0,-1.0,-11.14,False,False
Wayfair US,19319,I Enjoy Bedding Company,Madison Carvalho,BCCY1020,Bedding Sets,Bedding,0.2,11.13,6.79,-0.3898,-4.340000000000001,True,False
Wayfair US,1987,JLA Home,Missy Paragamian,WLR1161,Bedding Sets,Bedding,0.02,11.11,0.0,-1.0,-11.11,False,False
Wayfair US,381,Safavieh,Alex Resnick,FV77674,Accent Pillows,Bedding,0.1954,11.04,7.68,-0.3045,-3.3599999999999994,True,False
Wayfair US,1748,Revman International,Missy Paragamian,VRWG2161,Bedding Sets,Bedding,0.17579999999999998,11.02,61.86,4.6152999999999995,50.84,True,True
Wayfair US,1748,Revman International,Missy Paragamian,KBFC2031,Bedding Sets,Bedding,0.4531,11.02,37.87,2.4377,26.849999999999998,True,True
Wayfair US,1748,Revman International,Missy Paragamian,TBL10961,Bedding Sets,Bedding,0.4188,11.02,0.0,-1.0,-11.02,False,False
Wayfair US,25843,"Bedshe International Co.,LTD",Rainbow Wu,BDUR1566,Blankets And Throws,Bedding,0.05,10.97,16.87,0.5372,5.9,True,True
Wayfair US,291,Surya,Alex Melius,YA75047,Accent Pillows,Bedding,0.1,10.97,8.98,-0.18100000000000002,-1.9900000000000002,True,False
Wayfair US,1987,JLA Home,Missy Paragamian,WLAO3751,Bedding Sets,Bedding,0.12,10.96,12.35,0.1263,1.3899999999999988,True,True
Wayfair US,17539,BNF Home,lance Zhou,ANDV1665,Blankets And Throws,Bedding,0.15,10.94,18.14,0.6575,7.200000000000001,True,True
Wayfair US,36405,Colcha Linens,Jaiden Lawlor,CETA2521,Bed Skirts,Bedding,0.2,10.92,0.0,-1.0,-10.92,False,False
Wayfair US,76195,Ulli Home,Jaiden Lawlor,ULIH2822,Accent Pillows,Bedding,0.07,10.85,0.0,-1.0,-10.85,False,False
Wayfair US,43431,ocean home fashion inc,Asia Supplier Service Desk,MRCL1004,Bedding Sets,Bedding,0.11,10.79,32.56,2.0179,21.770000000000003,True,True
Wayfair US,19319,I Enjoy Bedding Company,Madison Carvalho,JLYI1196,Bedding Sets,Bedding,0.2,10.77,0.0,-1.0,-10.77,False,False
Wayfair US,2554,Pem America,Benjamin Hannigan,PHBC1035,Bedding Sets,Bedding,0.1,10.76,0.0,-1.0,-10.76,False,False
Wayfair US,291,Surya,Alex Melius,BL25829,Accent Pillows,Bedding,0.1,10.76,63.15,4.8713999999999995,52.39,True,True
Wayfair US,35552,CAN_DesignArt Inc.,Paige Beattie,CBZF9035,Accent Pillows,Bedding,0.22,10.75,9.87,-0.08130000000000001,-0.8800000000000008,True,False
Wayfair US,1748,Revman International,Missy Paragamian,DRQH1905,Sheets & Pillowcases,Bedding,0.19030000000000002,10.69,83.25,6.7890999999999995,72.56,True,True
Wayfair US,41493,HUI Resource,Supplier Service Desk,PBHM3618,Accent Pillows,Bedding,0.45,10.68,0.0,-1.0,-10.68,False,False
Wayfair US,12608,Lifestyle,Paige Beattie,UNOR3010,Accent Pillows,Bedding,0.22,10.62,24.18,1.276,13.56,True,True
Wayfair US,25843,"Bedshe International Co.,LTD",Rainbow Wu,BDUR1708,Bedding Sets,Bedding,0.1,10.61,11.79,0.11109999999999999,1.1799999999999997,True,True
Wayfair US,291,Surya,Alex Melius,YA74612,Accent Pillows,Bedding,0.1,10.58,0.0,-1.0,-10.58,False,False
Wayfair US,291,Surya,Alex Melius,MCRR4449,Blankets And Throws,Bedding,0.1,10.57,3.05,-0.7115,-7.5200000000000005,True,False
Wayfair US,25843,"Bedshe International Co.,LTD",Rainbow Wu,BDUR1376,Bedding Sets,Bedding,0.15,10.57,0.0,-1.0,-10.57,False,False
Wayfair US,2554,Pem America,Benjamin Hannigan,BDOK1124,Bedding Sets,Bedding,0.054299999999999994,10.55,0.0,-1.0,-10.55,False,False
Wayfair US,112418,SAF IJAZ,Supplier Service Desk,ABEJ1125,Bedding Sets,Bedding,0.05,10.55,0.0,-1.0,-10.55,False,False
Wayfair US,23665,"Cozy Line Home Fashions, Inc.",Jaiden Lawlor,HRBE2352,Kids Bedding Sets,Bedding,0.05,10.54,9.92,-0.0587,-0.6199999999999992,True,False
Wayfair US,7920,Riztex USA,Brianna Barrett,RZZY1180,Accent Pillows,Bedding,0.2,10.53,0.0,-1.0,-10.53,False,False
Wayfair US,2740,Home City Inc.,Jaiden Lawlor,HCY2697,Bedding Sets,Bedding,0.07,10.52,0.0,-1.0,-10.52,False,False
Wayfair US,36405,Colcha Linens,Jaiden Lawlor,CETA1144,Bed Skirts,Bedding,0.2,10.5,64.72,5.163200000000001,54.22,True,True
Wayfair US,67551,"Suzhou lanqinglv Trading co,. ltd",lance Zhou,OELA1424,Bedding Sets,Bedding,0.33,10.5,0.0,-1.0,-10.5,False,False
Wayfair US,43431,ocean home fashion inc,Asia Supplier Service Desk,MRCL1180,Bedding Sets,Bedding,0.11,10.48,10.76,0.0265,0.27999999999999936,True,True
Wayfair US,19319,I Enjoy Bedding Company,Madison Carvalho,JLYI1156,Bedding Sets,Bedding,0.2,10.44,39.81,2.8124000000000002,29.370000000000005,True,True
Wayfair US,43431,ocean home fashion inc,Asia Supplier Service Desk,MRCL1209,Bedding Sets,Bedding,0.11,10.42,64.56,5.198200000000001,54.14,True,True
Wayfair US,1987,JLA Home,Missy Paragamian,NCWA1671,Bedding Sets,Bedding,0.07,10.41,0.0,-1.0,-10.41,False,False
Wayfair US,1987,JLA Home,Missy Paragamian,HUH10113,Bedding Sets,Bedding,0.02,10.4,30.7,1.9525,20.299999999999997,True,True
Wayfair US,17539,BNF Home,lance Zhou,SOFH1448,Bedding Sets,Bedding,0.1,10.4,0.0,-1.0,-10.4,False,False
Wayfair US,17539,BNF Home,lance Zhou,SOFH1449,Bedding Sets,Bedding,0.15,10.4,0.0,-1.0,-10.4,False,False
Wayfair US,35552,CAN_DesignArt Inc.,Paige Beattie,CBZF9668,Accent Pillows,Bedding,0.22,10.39,14.8,0.4251,4.41,True,True
Wayfair US,19567,Mytex,Supplier Service Desk,CBLN1041,Bedding Sets,Bedding,0.1,10.38,35.48,2.4194,25.099999999999994,True,True
Wayfair US,17539,BNF Home,lance Zhou,MECY2551,Blankets And Throws,Bedding,0.1,10.36,34.08,2.2893,23.72,True,True
Wayfair US,35552,CAN_DesignArt Inc.,Paige Beattie,CBZG1726,Accent Pillows,Bedding,0.22,10.36,0.0,-1.0,-10.36,False,False
Wayfair US,1748,Revman International,Missy Paragamian,KBFC1898,Accent Pillows,Bedding,0.3321,10.33,30.18,1.921,19.85,True,True
Wayfair US,1987,JLA Home,Missy Paragamian,WNPO9194,Bedding Sets,Bedding,0.1,10.33,0.0,-1.0,-10.33,False,False
Wayfair US,37327,Instyle Products Corp,Rikki Sartor,CHRL8271,Sheets & Pillowcases,Bedding,0.12,10.33,15.58,0.5085999999999999,5.25,True,True
Wayfair US,291,Surya,Alex Melius,UNOR1719,Accent Pillows,Bedding,0.1,10.27,0.0,-1.0,-10.27,False,False
Wayfair US,1748,Revman International,Missy Paragamian,MBVB1286,Bed Skirts,Bedding,0.3865,10.27,0.0,-1.0,-10.27,False,False
Wayfair US,63138,"Changshu Youthsky Import Export Co.,Ltd",Jessica Gu,SEPL1076,Sheets & Pillowcases,Bedding,0.05,10.25,29.26,1.8554,19.01,True,True
Wayfair US,25843,"Bedshe International Co.,LTD",Rainbow Wu,BDUR1391,Bedding Sets,Bedding,0.15,10.25,19.8,0.9327,9.55,True,True
Wayfair US,1748,Revman International,Missy Paragamian,ERB10973,Bedding Sets,Bedding,0.2915,10.24,70.98,5.9326,60.74,True,True
Wayfair US,1748,Revman International,Missy Paragamian,MSTT6697,Bedding Sets,Bedding,0.2,10.24,0.38,-0.9626,-9.86,True,False
Wayfair US,291,Surya,Alex Melius,YA64387,Accent Pillows,Bedding,0.1,10.23,7.43,-0.2738,-2.8000000000000007,True,False
Wayfair US,25843,"Bedshe International Co.,LTD",Rainbow Wu,BDUR3308,Bedding Sets,Bedding,0.5,10.23,8.96,-0.1241,-1.2699999999999996,True,False
Wayfair US,1748,Revman International,Missy Paragamian,NAL1820,Bed Skirts,Bedding,0.33,10.23,13.04,0.2751,2.8099999999999987,True,True
Wayfair US,1987,JLA Home,Missy Paragamian,TCKF1624,Blankets And Throws,Bedding,0.02,10.19,32.63,2.2037,22.440000000000005,True,True
Wayfair US,279921,Maxaya LLC,Prisha Mark,MXAY6600,Accent Pillows,Bedding,0.22,10.18,0.0,-1.0,-10.18,False,False
Wayfair US,36405,Colcha Linens,Jaiden Lawlor,CHLN6382,Bed Skirts,Bedding,0.2,10.15,0.0,-1.0,-10.15,False,False
Wayfair US,45285,Eazeemats,,KNWL2998,Accent Pillows,Bedding,0.4,10.14,30.01,1.9584000000000001,19.87,True,True
Wayfair US,291,Surya,Alex Melius,GAXL1036,Accent Pillows,Bedding,0.1,10.14,0.0,-1.0,-10.14,False,False
Wayfair US,231459,Fabdivine LLC,Benjamin Hannigan,DBDI3769,Accent Pillows,Bedding,0.13,10.1,17.79,0.7612000000000001,7.6899999999999995,True,True
Wayfair US,7920,Riztex USA,Brianna Barrett,RZY10859,Blankets And Throws,Bedding,0.25,10.1,8.56,-0.1525,-1.5399999999999991,True,False
Wayfair US,10545,Americanflat Corp,Waverly Winterer,EBID5898,Accent Pillows,Bedding,0.2,10.08,13.81,0.3697,3.7300000000000004,True,True
Wayfair US,14580,Amrapur Overseas Inc.,Jaiden Lawlor,AMRA2555,Bedding Sets,Bedding,0.15,10.08,0.0,-1.0,-10.08,False,False
Wayfair US,1748,Revman International,Missy Paragamian,MKK10149,Bedding Sets,Bedding,0.17190000000000003,10.06,7.74,-0.2302,-2.3200000000000003,True,False
Wayfair US,7224,Greendale Home Fashions,Kate Schryver,GNF10048,Accent Pillows,Bedding,0.25,10.06,3.07,-0.6947,-6.99,True,False
Wayfair US,1987,JLA Home,Missy Paragamian,BADI1275,Bedding Sets,Bedding,0.02,10.05,11.78,0.1722,1.7299999999999986,True,True
Wayfair US,1748,Revman International,Missy Paragamian,ERB10954,Bedding Sets,Bedding,0.27449999999999997,10.05,0.0,-1.0,-10.05,False,False
Wayfair US,291,Surya,Alex Melius,YA76797,Accent Pillows,Bedding,0.1,10.05,36.43,2.6260000000000003,26.38,True,True
Wayfair US,1093,Trademark Global,Karolina Coulter,PLYH1015,Sheets & Pillowcases,Bedding,0.56,10.02,4.6,-0.5411,-5.42,True,False
Wayfair US,14580,Amrapur Overseas Inc.,Jaiden Lawlor,MITN3053,Sheets & Pillowcases,Bedding,0.15,9.98,4.08,-0.5915,-5.9,True,False
Wayfair US,1093,Trademark Global,Karolina Coulter,LVRG2012,Bedding Sets,Bedding,0.27,9.98,0.0,-1.0,-9.98,False,False
Wayfair US,7920,Riztex USA,Brianna Barrett,RZY11184,Accent Pillows,Bedding,0.25,9.94,0.0,-1.0,-9.94,False,False
Wayfair US,80197,CENTRADE INC.,Jessica Gu,WWMA1297,Accent Pillows,Bedding,0.15,9.91,0.0,-1.0,-9.91,False,False
Wayfair US,29398,CAN_HUI Resource,Supplier Service Desk,PBHM3408,Accent Pillows,Bedding,0.4,9.89,0.0,-1.0,-9.89,False,False
Wayfair US,1748,Revman International,Missy Paragamian,TMBH1188,Bedding Sets,Bedding,0.2205,9.88,0.0,-1.0,-9.88,False,False
Wayfair US,1748,Revman International,Missy Paragamian,TBL11155,Bedding Sets,Bedding,0.3064,9.88,0.0,-1.0,-9.88,False,False
Wayfair US,22180,DesignArt Inc.,Maxwell Threlkeld,CBXL6737,Accent Pillows,Bedding,0.22,9.87,0.0,-1.0,-9.87,False,False
Wayfair US,58537,Covers And All,Kate Schryver,OALL2248,Accent Pillows,Bedding,0.25,9.81,0.0,-1.0,-9.81,False,False
Wayfair US,214227,"Caluha Company, LLC",Supplier Service Desk,UBAD1005,Accent Pillows,Bedding,0.15,9.79,13.71,0.4011,3.9200000000000017,True,True
Wayfair US,2740,Home City Inc.,Jaiden Lawlor,ZYWR1798,Sheets & Pillowcases,Bedding,0.07,9.78,32.25,2.2979,22.47,True,True
Wayfair US,147802,Shenzhen Meiyuan Keji Youxiangongsi,Regan Zou,NGSO2153,Bedding Accessories,Bedding,0.42,9.77,11.88,0.2161,2.110000000000001,True,True
Wayfair US,2554,Pem America,Benjamin Hannigan,FEFA1021,Bedding Sets,Bedding,0.1,9.75,42.55,3.3642000000000003,32.8,True,True
Wayfair US,69162,Kusnug,Rikki Sartor,KSNU1172,Accent Pillows,Bedding,0.15,9.73,4.28,-0.5605,-5.45,True,False
Wayfair US,1748,Revman International,Missy Paragamian,ERB10966,Blankets And Throws,Bedding,0.2622,9.73,12.15,0.2487,2.42,True,True
Wayfair US,23665,"Cozy Line Home Fashions, Inc.",Jaiden Lawlor,CLHF1154,Bedding Sets,Bedding,0.05,9.71,0.0,-1.0,-9.71,False,False
Wayfair US,25843,"Bedshe International Co.,LTD",Rainbow Wu,BDUR2363,Bedding Sets,Bedding,0.12,9.7,16.55,0.7055,6.850000000000001,True,True
Wayfair US,228805,IMPERIAL HOMEWARE LONDON LIMITED,Supplier Service Desk,IPCR1002,Blankets And Throws,Bedding,0.1,9.68,18.92,0.9540000000000001,9.240000000000002,True,True
Wayfair US,23665,"Cozy Line Home Fashions, Inc.",Jaiden Lawlor,CLHF1153,Bedding Sets,Bedding,0.05,9.66,0.0,-1.0,-9.66,False,False
Wayfair US,7920,Riztex USA,Brianna Barrett,RZZY1210,Accent Pillows,Bedding,0.2,9.65,15.13,0.5682,5.48,True,True
Wayfair US,1987,JLA Home,Missy Paragamian,XBYB1093,Bedding Sets,Bedding,0.1,9.6,0.0,-1.0,-9.6,False,False
Wayfair US,7920,Riztex USA,Brianna Barrett,RZY11367,Accent Pillows,Bedding,0.25,9.6,0.0,-1.0,-9.6,False,False
Wayfair US,1748,Revman International,Missy Paragamian,TBL10876,Bedding Sets,Bedding,0.1675,9.58,27.42,1.8618999999999999,17.840000000000003,True,True
Wayfair US,214227,"Caluha Company, LLC",Supplier Service Desk,UBAD1181,Accent Pillows,Bedding,0.15,9.58,15.64,0.6332,6.0600000000000005,True,True
Wayfair US,21028,EasyWay,Kate Schryver,CST55411,Accent Pillows,Bedding,0.2,9.57,0.0,-1.0,-9.57,False,False
Wayfair US,29398,CAN_HUI Resource,Supplier Service Desk,PBHM2398,Accent Pillows,Bedding,0.35,9.57,0.0,-1.0,-9.57,False,False
Wayfair US,291,Surya,Alex Melius,ALMN1677,Accent Pillows,Bedding,0.1,9.57,18.1,0.8919,8.530000000000001,True,True
Wayfair US,23665,"Cozy Line Home Fashions, Inc.",Jaiden Lawlor,CLHF1344,Bedding Sets,Bedding,0.05,9.55,13.93,0.45909999999999995,4.379999999999999,True,True
Wayfair US,25843,"Bedshe International Co.,LTD",Rainbow Wu,BDUR1472,Bedding Sets,Bedding,0.03,9.53,17.01,0.7853,7.480000000000002,True,True
Wayfair US,17662,Sanders Collection,Benjamin Hannigan,GSTL1099,Accent Pillows,Bedding,0.08,9.52,0.0,-1.0,-9.52,False,False
Wayfair US,333115,Topfinel CAN,Vivian Peng,TPFI1208,Accent Pillows,Bedding,0.2,9.49,0.0,-1.0,-9.49,False,False
Wayfair US,10545,Americanflat Corp,Waverly Winterer,EBJR5113,Accent Pillows,Bedding,0.2,9.48,0.0,-1.0,-9.48,False,False
Wayfair US,24282,"Nanshing America, Inc.",Jaiden Lawlor,MBSR1426,Bedding Sets,Bedding,0.11,9.47,85.99,8.079600000000001,76.52,True,True
Wayfair US,23665,"Cozy Line Home Fashions, Inc.",Jaiden Lawlor,CLHF1182,Bedding Sets,Bedding,0.05,9.47,28.21,1.9791999999999998,18.740000000000002,True,True
Wayfair US,291,Surya,Alex Melius,YA74571,Accent Pillows,Bedding,0.1,9.41,3.36,-0.643,-6.050000000000001,True,False
Wayfair US,2554,Pem America,Benjamin Hannigan,TDBR1028,Bedding Sets,Bedding,0.11960000000000001,9.41,25.61,1.7209,16.2,True,True
Wayfair US,231459,Fabdivine LLC,Benjamin Hannigan,DBDI3762,Accent Pillows,Bedding,0.1,9.4,0.0,-1.0,-9.4,False,False
Wayfair US,1748,Revman International,Missy Paragamian,TMBH1246,Bedding Sets,Bedding,0.2,9.39,0.0,-1.0,-9.39,False,False
Wayfair US,1748,Revman International,Missy Paragamian,QO10450,Bedding Sets,Bedding,0.2612,9.39,0.0,-1.0,-9.39,False,False
Wayfair US,2740,Home City Inc.,Jaiden Lawlor,HCY4315,Sheets & Pillowcases,Bedding,0.07,9.38,15.98,0.7036,6.6,True,True
Wayfair US,7920,Riztex USA,Brianna Barrett,RZY10880,Blankets And Throws,Bedding,0.25,9.33,12.84,0.3764,3.51,True,True
Wayfair US,19319,I Enjoy Bedding Company,Madison Carvalho,JLYI1146,Sheets & Pillowcases,Bedding,0.2,9.28,4.66,-0.4978,-4.619999999999999,True,False
Wayfair US,1987,JLA Home,Missy Paragamian,WLR1132,Bedding Sets,Bedding,0.1,9.27,0.0,-1.0,-9.27,False,False
Wayfair US,19567,Mytex,Supplier Service Desk,ACXB1048,Kids Bedding Sets,Bedding,0.1,9.26,0.0,-1.0,-9.26,False,False
Wayfair US,22180,DesignArt Inc.,Maxwell Threlkeld,CBZF7447,Accent Pillows,Bedding,0.22,9.23,0.0,-1.0,-9.23,False,False
Wayfair US,2554,Pem America,Benjamin Hannigan,SDCM1128,Bedding Sets,Bedding,0.1,9.22,9.28,0.0058,0.05999999999999872,True,True
Wayfair US,35552,CAN_DesignArt Inc.,Paige Beattie,CBXM6168,Bedding Sets,Bedding,0.22,9.19,0.0,-1.0,-9.19,False,False
Wayfair US,279921,Maxaya LLC,Prisha Mark,MXAY4379,Accent Pillows,Bedding,0.4999,9.19,0.0,-1.0,-9.19,False,False
Wayfair US,381,Safavieh,Alex Resnick,FV77891,Accent Pillows,Bedding,0.10339999999999999,9.14,5.62,-0.3849,-3.5200000000000005,True,False
Wayfair US,291,Surya,Alex Melius,YA81060,Accent Pillows,Bedding,0.1,9.13,5.04,-0.4475,-4.090000000000001,True,False
Wayfair US,25843,"Bedshe International Co.,LTD",Rainbow Wu,BDUR2330,Bedding Sets,Bedding,0.12,9.13,16.32,0.7879,7.1899999999999995,True,True
Wayfair US,76195,Ulli Home,Jaiden Lawlor,ULIH1306,Accent Pillows,Bedding,0.07,9.12,14.88,0.6315999999999999,5.760000000000002,True,True
Wayfair US,67551,"Suzhou lanqinglv Trading co,. ltd",lance Zhou,OELA1482,Bedding Sets,Bedding,0.33,9.11,10.17,0.11560000000000001,1.0600000000000005,True,True
Wayfair US,1987,JLA Home,Missy Paragamian,EBDG5396,Bedding Sets,Bedding,0.02,9.11,12.55,0.3782,3.4400000000000013,True,True
Wayfair US,1748,Revman International,Missy Paragamian,DRQH2080,Bedding Sets,Bedding,0.2591,9.1,23.18,1.547,14.08,True,True
Wayfair US,228805,IMPERIAL HOMEWARE LONDON LIMITED,Supplier Service Desk,IPCR1014,Blankets And Throws,Bedding,0.1,9.1,13.27,0.4582,4.17,True,True
Wayfair US,65656,Topfinel,Elvira Tang,TPFI1047,Accent Pillows,Bedding,0.45,9.09,4.31,-0.5255,-4.78,True,False
Wayfair US,16941,Sunham Home Fashions,Benjamin Hannigan,LCST1308,Bedding Sets,Bedding,0.12,9.08,0.0,-1.0,-9.08,False,False
Wayfair US,231459,Fabdivine LLC,Benjamin Hannigan,DBDI1484,Accent Pillows,Bedding,0.18,9.05,0.0,-1.0,-9.05,False,False
Wayfair US,381,Safavieh,Alex Resnick,FV99655,Accent Pillows,Bedding,0.1333,9.04,5.13,-0.4326,-3.9099999999999993,True,False
Wayfair US,1987,JLA Home,Missy Paragamian,SLPH1158,Sheets & Pillowcases,Bedding,0.02,9.04,4.95,-0.4522,-4.089999999999999,True,False
Wayfair US,35552,CAN_DesignArt Inc.,Paige Beattie,CBXM5485,Bedding Sets,Bedding,0.22,9.02,0.0,-1.0,-9.02,False,False
Wayfair US,291,Surya,Alex Melius,YA73542,Bedding Sets,Bedding,0.1,9.01,0.0,-1.0,-9.01,False,False
Wayfair US,291,Surya,Alex Melius,YA72000,Accent Pillows,Bedding,0.1,8.99,0.0,-1.0,-8.99,False,False
Wayfair US,1987,JLA Home,Missy Paragamian,WLR1284,Blankets And Throws,Bedding,0.02,8.99,0.0,-1.0,-8.99,False,False
Wayfair US,76195,Ulli Home,Jaiden Lawlor,ULIH2754,Accent Pillows,Bedding,0.07,8.98,0.0,-1.0,-8.98,False,False
Wayfair US,35552,CAN_DesignArt Inc.,Paige Beattie,CBZF8844,Accent Pillows,Bedding,0.22,8.96,0.0,-1.0,-8.96,False,False
Wayfair US,13106,Plutus Partners LLC,Supplier Service Desk,PPTS4711,Accent Pillows,Bedding,0.22,8.94,29.81,2.3333,20.869999999999997,True,True
Wayfair US,29398,CAN_HUI Resource,Supplier Service Desk,PBHM2069,Accent Pillows,Bedding,0.35,8.93,0.0,-1.0,-8.93,False,False
Wayfair US,35552,CAN_DesignArt Inc.,Paige Beattie,CBZF6941,Accent Pillows,Bedding,0.22,8.92,0.0,-1.0,-8.92,False,False
Wayfair US,36405,Colcha Linens,Jaiden Lawlor,AXBT1043,Bed Skirts,Bedding,0.2,8.91,115.32,11.9384,106.41,True,True
Wayfair US,21028,EasyWay,Kate Schryver,ERB1578,Accent Pillows,Bedding,0.1,8.91,53.45,5.0005,44.540000000000006,True,True
Wayfair US,291,Surya,Alex Melius,CHMB2304,Blankets And Throws,Bedding,0.1,8.9,0.0,-1.0,-8.9,False,False
Wayfair US,1748,Revman International,Missy Paragamian,VRWG2238,Bedding Sets,Bedding,0.2945,8.89,18.08,1.0329000000000002,9.189999999999998,True,True
Wayfair US,1748,Revman International,Missy Paragamian,THRE4457,Bedding Sets,Bedding,0.2576,8.89,0.0,-1.0,-8.89,False,False
Wayfair US,1748,Revman International,Missy Paragamian,VRWG2231,Bedding Sets,Bedding,0.2764,8.89,0.0,-1.0,-8.89,False,False
Wayfair US,1748,Revman International,Missy Paragamian,MBVB1817,Bedding Sets,Bedding,0.1188,8.89,0.0,-1.0,-8.89,False,False
Wayfair US,1748,Revman International,Missy Paragamian,BCTS1298,Bedding Sets,Bedding,0.2738,8.89,25.41,1.8572,16.52,True,True
Wayfair US,291,Surya,Alex Melius,WRME4058,Accent Pillows,Bedding,0.1,8.89,35.45,2.9888999999999997,26.560000000000002,True,True
Wayfair US,17539,BNF Home,lance Zhou,HREN1322,Accent Pillows,Bedding,0.1,8.88,0.0,-1.0,-8.88,False,False
Wayfair US,2740,Home City Inc.,Jaiden Lawlor,MITN2692,Sheets & Pillowcases,Bedding,0.07,8.88,7.24,-0.1839,-1.6400000000000006,True,False
Wayfair US,1987,JLA Home,Missy Paragamian,NCWA1473,Bedding Sets,Bedding,0.02,8.87,0.0,-1.0,-8.87,False,False
Wayfair US,1748,Revman International,Missy Paragamian,DRQH2043,Bedding Sets,Bedding,0.38299999999999995,8.85,0.0,-1.0,-8.85,False,False
Wayfair US,5148,CGG Home Fashions,Supplier Service Desk,XRZ10000,Sheets & Pillowcases,Bedding,0.15,8.83,0.0,-1.0,-8.83,False,False
Wayfair US,6890,ACG Green,Alaina Phelan,XJT10722,Accent Pillows,Bedding,0.19,8.79,7.66,-0.12890000000000001,-1.129999999999999,True,False
Wayfair US,13106,Plutus Partners LLC,Supplier Service Desk,PPTS3630,Blankets And Throws,Bedding,0.22,8.78,0.0,-1.0,-8.78,False,False
Wayfair US,1748,Revman International,Missy Paragamian,ERB10919,Blankets And Throws,Bedding,0.275,8.77,9.55,0.08869999999999999,0.7800000000000011,True,True
Wayfair US,43431,ocean home fashion inc,Asia Supplier Service Desk,MRCL1090,Bedding Sets,Bedding,0.11,8.77,13.52,0.542,4.75,True,True
Wayfair US,1987,JLA Home,Missy Paragamian,NCWA2513,Bedding Sets,Bedding,0.02,8.76,58.15,5.6362,49.39,True,True
Wayfair US,1748,Revman International,Missy Paragamian,MBVB1850,Bedding Sets,Bedding,0.2644,8.76,0.0,-1.0,-8.76,False,False
Wayfair US,1748,Revman International,Missy Paragamian,ERB10937,Kids Bedding Sets,Bedding,0.387,8.76,0.0,-1.0,-8.76,False,False
Wayfair US,19319,I Enjoy Bedding Company,Madison Carvalho,OPCO5050,Bedding Sets,Bedding,0.2,8.75,0.0,-1.0,-8.75,False,False
Wayfair US,1987,JLA Home,Missy Paragamian,NCWA1240,Bedding Sets,Bedding,0.02,8.75,0.0,-1.0,-8.75,False,False
Wayfair US,1987,JLA Home,Missy Paragamian,HUH10088,Bedding Sets,Bedding,0.02,8.75,28.57,2.267,19.82,True,True
Wayfair US,19319,I Enjoy Bedding Company,Madison Carvalho,JLYI1236,Bedding Sets,Bedding,0.2,8.74,24.48,1.8009,15.74,True,True
Wayfair US,291,Surya,Alex Melius,YA83831,Accent Pillows,Bedding,0.1,8.7,58.53,5.7249,49.83,True,True
Wayfair US,291,Surya,Alex Melius,ANDV5138,Accent Pillows,Bedding,0.1,8.7,2.27,-0.7395,-6.43,True,False
Wayfair US,1748,Revman International,Missy Paragamian,TBL11070,Bedding Sets,Bedding,0.4056,8.69,0.0,-1.0,-8.69,False,False
Wayfair US,2554,Pem America,Benjamin Hannigan,BDOK1151,Bedding Sets,Bedding,0.1,8.65,0.0,-1.0,-8.65,False,False
Wayfair US,67551,"Suzhou lanqinglv Trading co,. ltd",lance Zhou,OELA1440,Bedding Sets,Bedding,0.41659999999999997,8.64,33.3,2.8528,24.659999999999997,True,True
Wayfair US,19319,I Enjoy Bedding Company,Madison Carvalho,JLYI1132,Bedding Sets,Bedding,0.2,8.63,0.0,-1.0,-8.63,False,False
Wayfair US,1748,Revman International,Missy Paragamian,DRQH2066,Bedding Sets,Bedding,0.225,8.62,0.0,-1.0,-8.62,False,False
Wayfair US,291,Surya,Alex Melius,GAXL1033,Accent Pillows,Bedding,0.1,8.59,0.0,-1.0,-8.59,False,False
Wayfair US,23665,"Cozy Line Home Fashions, Inc.",Jaiden Lawlor,VVRE3753,Sheets & Pillowcases,Bedding,0.05,8.59,6.92,-0.19390000000000002,-1.67,True,False
Wayfair US,35552,CAN_DesignArt Inc.,Paige Beattie,CBZK2854,Accent Pillows,Bedding,0.22,8.58,15.73,0.8341,7.15,True,True
Wayfair US,231459,Fabdivine LLC,Benjamin Hannigan,DBDI1129,Accent Pillows,Bedding,0.18,8.56,0.0,-1.0,-8.56,False,False
Wayfair US,23665,"Cozy Line Home Fashions, Inc.",Jaiden Lawlor,CLHF1194,Bedding Sets,Bedding,0.05,8.52,0.0,-1.0,-8.52,False,False
Wayfair US,24613,Puredown,Sylvia Ding,MACE1354,Bedding Sets,Bedding,0.2,8.49,16.72,0.9703,8.229999999999999,True,True
Wayfair US,29398,CAN_HUI Resource,Supplier Service Desk,PBHM3409,Accent Pillows,Bedding,0.35,8.48,9.86,0.1618,1.379999999999999,True,True
Wayfair US,291,Surya,Alex Melius,YA69697,Accent Pillows,Bedding,0.1,8.46,35.97,3.2512,27.509999999999998,True,True
Wayfair US,2740,Home City Inc.,Jaiden Lawlor,CHMB2413,Sheets & Pillowcases,Bedding,0.07,8.44,0.0,-1.0,-8.44,False,False
Wayfair US,2554,Pem America,Benjamin Hannigan,PHBC1017,Bedding Sets,Bedding,0.1,8.44,0.0,-1.0,-8.44,False,False
Wayfair US,14580,Amrapur Overseas Inc.,Jaiden Lawlor,LURR1334,Blankets And Throws,Bedding,0.15,8.42,0.0,-1.0,-8.42,False,False
Wayfair US,59132,South Point Home Fashions Inc.,Jessica Gu,SLPE1207,Blankets And Throws,Bedding,0.15,8.42,0.0,-1.0,-8.42,False,False
Wayfair US,1748,Revman International,Missy Paragamian,TMBH1223,Bedding Sets,Bedding,0.17600000000000002,8.4,0.0,-1.0,-8.4,False,False
Wayfair US,22180,DesignArt Inc.,Maxwell Threlkeld,CBZF7048,Accent Pillows,Bedding,0.22,8.38,0.0,-1.0,-8.38,False,False
Wayfair US,291,Surya,Alex Melius,GAXL1038,Accent Pillows,Bedding,0.1,8.37,58.41,5.981,50.04,True,True
Wayfair US,23665,"Cozy Line Home Fashions, Inc.",Jaiden Lawlor,CLHF1341,Bedding Sets,Bedding,0.05,8.35,10.43,0.2486,2.08,True,True
Wayfair US,291,Surya,Alex Melius,YA81080,Accent Pillows,Bedding,0.1,8.35,0.0,-1.0,-8.35,False,False
Wayfair US,291,Surya,Alex Melius,MIPN2359,Accent Pillows,Bedding,0.1,8.33,18.78,1.253,10.450000000000001,True,True
Wayfair US,1748,Revman International,Missy Paragamian,BCHH6458,Bedding Sets,Bedding,0.12869999999999998,8.32,9.88,0.18710000000000002,1.5600000000000005,True,True
Wayfair US,291,Surya,Alex Melius,BYIL3073,Accent Pillows,Bedding,0.1,8.32,0.0,-1.0,-8.32,False,False
Wayfair US,29398,CAN_HUI Resource,Supplier Service Desk,PBHM3410,Accent Pillows,Bedding,0.35,8.31,10.08,0.21230000000000002,1.7699999999999996,True,True
Wayfair US,1987,JLA Home,Missy Paragamian,NCWA2525,Blankets And Throws,Bedding,0.02,8.29,9.21,0.11109999999999999,0.9200000000000017,True,True
Wayfair US,2740,Home City Inc.,Jaiden Lawlor,ALTH4714,Sheets & Pillowcases,Bedding,0.07,8.26,0.0,-1.0,-8.26,False,False
Wayfair US,28700,CAN_B2C International,Demi Wang,IVBX2616,Accent Pillows,Bedding,0.34090000000000004,8.26,13.76,0.6667000000000001,5.5,True,True
Wayfair US,1748,Revman International,Missy Paragamian,KBFC1900,Accent Pillows,Bedding,0.35609999999999997,8.25,20.16,1.4425999999999999,11.91,True,True
Wayfair US,413571,ENSHINES INC,Asia Supplier Service Desk,QCTE5843,Bedding Sets,Bedding,0.2,8.22,11.26,0.3693,3.039999999999999,True,True
Wayfair US,24282,"Nanshing America, Inc.",Jaiden Lawlor,MBSR1147,Bedding Sets,Bedding,0.12,8.21,0.0,-1.0,-8.21,False,False
Wayfair US,1987,JLA Home,Missy Paragamian,ONAW6770,Bedding Sets,Bedding,0.07,8.21,21.87,1.665,13.66,True,True
Wayfair US,2554,Pem America,Benjamin Hannigan,FEFA1015,Bedding Sets,Bedding,0.1967,8.2,0.0,-1.0,-8.2,False,False
Wayfair US,23665,"Cozy Line Home Fashions, Inc.",Jaiden Lawlor,CLHF1313,Bedding Sets,Bedding,0.05,8.2,0.0,-1.0,-8.2,False,False
Wayfair US,1987,JLA Home,Missy Paragamian,NCWA1436,Bedding Sets,Bedding,0.07,8.17,23.26,1.8488,15.090000000000002,True,True
Wayfair US,1987,JLA Home,Missy Paragamian,JLZL1203,Accent Pillows,Bedding,0.1,8.15,46.24,4.675,38.09,True,True
Wayfair US,150802,TONGXIANG ZHONGXIANG TEXTILES CO LTD,Sylvia Ding,SLKO1012,Accent Pillows,Bedding,0.5,8.14,14.5,0.7807,6.359999999999999,True,True
Wayfair US,1748,Revman International,Missy Paragamian,VRWG2193,Bedding Sets,Bedding,0.24600000000000002,8.14,0.0,-1.0,-8.14,False,False
Wayfair US,1748,Revman International,Missy Paragamian,BCTS1283,Bedding Sets,Bedding,0.33,8.14,6.62,-0.1868,-1.5200000000000005,True,False
Wayfair US,231459,Fabdivine LLC,Benjamin Hannigan,DBDI3766,Accent Pillows,Bedding,0.1,8.14,0.0,-1.0,-8.14,False,False
Wayfair US,23665,"Cozy Line Home Fashions, Inc.",Jaiden Lawlor,CLHF1356,Accent Pillows,Bedding,0.05,8.12,8.23,0.0138,0.11000000000000121,True,True
Wayfair US,24120,JABA USA,Supplier Service Desk,SCAE1564,Bedding Sets,Bedding,0.2161,8.09,11.88,0.4683,3.790000000000001,True,True
Wayfair US,1748,Revman International,Missy Paragamian,NHB1210,Bedding Sets,Bedding,0.3605,8.09,8.26,0.0213,0.16999999999999993,True,True
Wayfair US,107502,QKXB INC,Asia Supplier Service Desk,JHAA1424,Accent Pillows,Bedding,0.34299999999999997,8.08,31.33,2.8760000000000003,23.25,True,True
Wayfair US,291,Surya,Alex Melius,YA62824,Bedding Sets,Bedding,0.1,8.08,0.0,-1.0,-8.08,False,False
Wayfair US,1987,JLA Home,Missy Paragamian,BTY1116,Blankets And Throws,Bedding,0.02,8.07,27.73,2.4379,19.66,True,True
Wayfair US,35160,Lava Garden Inc.,Supplier Service Desk,ACRY2518,Accent Pillows,Bedding,0.1,8.05,12.28,0.5249,4.229999999999999,True,True
Wayfair US,214227,"Caluha Company, LLC",Supplier Service Desk,UBAD1007,Accent Pillows,Bedding,0.15,8.04,8.84,0.09960000000000001,0.8000000000000007,True,True
Wayfair US,22180,DesignArt Inc.,Maxwell Threlkeld,CBZG1453,Accent Pillows,Bedding,0.22,8.04,6.91,-0.14,-1.129999999999999,True,False
Wayfair US,19319,I Enjoy Bedding Company,Madison Carvalho,JLYI1179,Bedding Sets,Bedding,0.2,8.04,16.85,1.0964,8.810000000000002,True,True
Wayfair US,1987,JLA Home,Missy Paragamian,VBDN1020,Kids Bedding Sets,Bedding,0.07,8.03,0.0,-1.0,-8.03,False,False
Wayfair US,231459,Fabdivine LLC,Benjamin Hannigan,DBDI1123,Accent Pillows,Bedding,0.18,8.02,18.19,1.2676,10.170000000000002,True,True
Wayfair US,1987,JLA Home,Missy Paragamian,DRBH4423,Bedding Sets,Bedding,0.1,8.01,24.22,2.0221999999999998,16.21,True,True
Wayfair US,32808,CAN_Cathay Home Inc.,Paige Beattie,WFBS2110,Bedding Sets,Bedding,0.45,8.0,17.61,1.2008,9.61,True,True
Wayfair US,24282,"Nanshing America, Inc.",Jaiden Lawlor,MBSR1551,Bedding Sets,Bedding,0.1,8.0,24.0,2.0,16.0,True,True
Wayfair US,291,Surya,Alex Melius,YA71710,Blankets And Throws,Bedding,0.1,8.0,8.33,0.0415,0.33000000000000007,True,True
Wayfair US,43431,ocean home fashion inc,Asia Supplier Service Desk,MRCL1006,Kids Bedding Sets,Bedding,0.11,7.96,0.0,-1.0,-7.96,False,False
Wayfair US,291,Surya,Alex Melius,YA85213,Accent Pillows,Bedding,0.1,7.95,0.0,-1.0,-7.95,False,False
Wayfair US,1748,Revman International,Missy Paragamian,ERB1198,Blankets And Throws,Bedding,0.33,7.93,0.0,-1.0,-7.93,False,False
Wayfair US,1748,Revman International,Missy Paragamian,KCN10061,Bedding Sets,Bedding,0.1636,7.9,22.04,1.788,14.139999999999999,True,True
Wayfair US,1748,Revman International,Missy Paragamian,KBFC2847,Bedding Sets,Bedding,0.2414,7.9,0.0,-1.0,-7.9,False,False
Wayfair US,35552,CAN_DesignArt Inc.,Paige Beattie,CBXL6852,Accent Pillows,Bedding,0.22,7.9,0.0,-1.0,-7.9,False,False
Wayfair US,1987,JLA Home,Missy Paragamian,SEHO5189,Bedding Sets,Bedding,0.02,7.87,22.29,1.8308000000000002,14.419999999999998,True,True
Wayfair US,1748,Revman International,Missy Paragamian,KCN10140,Sheets & Pillowcases,Bedding,0.2792,7.87,0.0,-1.0,-7.87,False,False
Wayfair US,17539,BNF Home,lance Zhou,HREN1270,Bedding Sets,Bedding,0.1,7.86,0.0,-1.0,-7.86,False,False
Wayfair US,29398,CAN_HUI Resource,Supplier Service Desk,PBHM3084,Accent Pillows,Bedding,0.45,7.86,10.08,0.2823,2.2199999999999998,True,True
Wayfair US,120032,Oveesha L.L.C.,Supplier Service Desk,OEES1055,Accent Pillows,Bedding,0.2,7.85,8.92,0.1363,1.0700000000000003,True,True
Wayfair US,1748,Revman International,Missy Paragamian,TBL10417,Bedding Sets,Bedding,0.2681,7.85,57.71,6.353,49.86,True,True
Wayfair US,1748,Revman International,Missy Paragamian,BCTS1186,Blankets And Throws,Bedding,0.33,7.8,0.0,-1.0,-7.8,False,False
Wayfair US,35160,Lava Garden Inc.,Supplier Service Desk,ACRY2105,Accent Pillows,Bedding,0.15,7.78,30.93,2.9760000000000004,23.15,True,True
Wayfair US,24613,Puredown,Sylvia Ding,MACE1186,Bedding Sets,Bedding,0.1,7.76,0.0,-1.0,-7.76,False,False
Wayfair US,22180,DesignArt Inc.,Maxwell Threlkeld,CBXL6841,Accent Pillows,Bedding,0.22,7.76,5.56,-0.2838,-2.2,True,False
Wayfair US,72667,"Jiangsu Meideni Textile CO.,LTD",lance Zhou,ALDL1028,Bedding Sets,Bedding,0.21,7.74,22.62,1.9213,14.88,True,True
Wayfair US,1987,JLA Home,Missy Paragamian,HUH10129,Bedding Sets,Bedding,0.02,7.74,0.0,-1.0,-7.74,False,False
Wayfair US,1748,Revman International,Missy Paragamian,VRWG2251,Bedding Sets,Bedding,0.21789999999999998,7.74,0.0,-1.0,-7.74,False,False
Wayfair US,231459,Fabdivine LLC,Benjamin Hannigan,DBDI1285,Accent Pillows,Bedding,0.18,7.71,0.0,-1.0,-7.71,False,False
Wayfair US,1748,Revman International,Missy Paragamian,NAL1432,Bedding Sets,Bedding,0.33,7.71,4.43,-0.42590000000000006,-3.2800000000000002,True,False
Wayfair US,1987,JLA Home,Missy Paragamian,JLZF1206,Bedding Sets,Bedding,0.12,7.7,6.23,-0.1905,-1.4699999999999998,True,False
Wayfair US,23665,"Cozy Line Home Fashions, Inc.",Jaiden Lawlor,CLHF1055,Bedding Sets,Bedding,0.05,7.69,0.0,-1.0,-7.69,False,False
Wayfair US,7920,Riztex USA,Brianna Barrett,RZZY1024,Accent Pillows,Bedding,0.25,7.68,0.0,-1.0,-7.68,False,False
Wayfair US,1987,JLA Home,Missy Paragamian,RDBT5051,Bedding Sets,Bedding,0.12,7.67,0.0,-1.0,-7.67,False,False
Wayfair US,1748,Revman International,Missy Paragamian,WRG10038,Bedding Sets,Bedding,0.21850000000000003,7.66,0.0,-1.0,-7.66,False,False
Wayfair US,286791,"Boxer Home, LLC dba BOKSER HOME",Benjamin Hannigan,BKIE1021,Accent Pillows,Bedding,0.2,7.66,0.0,-1.0,-7.66,False,False
Wayfair US,17539,BNF Home,lance Zhou,HREN1279,Bedding Sets,Bedding,0.1,7.66,12.42,0.6218,4.76,True,True
Wayfair US,1987,JLA Home,Missy Paragamian,HUH1801,Accent Pillows,Bedding,0.02,7.65,15.75,1.0595,8.1,True,True
Wayfair US,23665,"Cozy Line Home Fashions, Inc.",Jaiden Lawlor,CLHF1022,Bedding Sets,Bedding,0.05,7.64,0.0,-1.0,-7.64,False,False
Wayfair US,1987,JLA Home,Missy Paragamian,SLPH1154,Sheets & Pillowcases,Bedding,0.02,7.63,0.0,-1.0,-7.63,False,False
Wayfair US,313243,"SHANGHAI DAYA IMPORT & EXPORT CO., LTD.",Asia Supplier Service Desk,TSMO1002,Bedding Sets,Bedding,0.12,7.6,0.0,-1.0,-7.6,False,False
Wayfair US,76195,Ulli Home,Jaiden Lawlor,ULIH2828,Accent Pillows,Bedding,0.07,7.57,0.0,-1.0,-7.57,False,False
Wayfair US,8531,Art Remedy LLC,Kate Poletynski,XBZC2971,Accent Pillows,Bedding,0.2,7.56,0.0,-1.0,-7.56,False,False
Wayfair US,22180,DesignArt Inc.,Maxwell Threlkeld,CBXL6851,Accent Pillows,Bedding,0.22,7.55,0.0,-1.0,-7.55,False,False
Wayfair US,19319,I Enjoy Bedding Company,Madison Carvalho,JLYI1123,Bedding Sets,Bedding,0.2,7.54,6.71,-0.11,-0.8300000000000001,True,False
Wayfair US,76195,Ulli Home,Jaiden Lawlor,ULIH4093,Accent Pillows,Bedding,0.07,7.53,7.44,-0.0116,-0.08999999999999986,True,False
Wayfair US,279921,Maxaya LLC,Prisha Mark,MXAY2502,Bedding Sets,Bedding,0.4999,7.52,0.0,-1.0,-7.52,False,False
Wayfair US,35552,CAN_DesignArt Inc.,Paige Beattie,CBZG1268,Accent Pillows,Bedding,0.22,7.5,0.0,-1.0,-7.5,False,False
Wayfair US,19319,I Enjoy Bedding Company,Madison Carvalho,GRKS8445,Sheets & Pillowcases,Bedding,0.2,7.48,4.96,-0.3367,-2.5200000000000005,True,False
Wayfair US,1987,JLA Home,Missy Paragamian,HUH10125,Bedding Sets,Bedding,0.02,7.48,0.0,-1.0,-7.48,False,False
Wayfair US,381,Safavieh,Alex Resnick,DKFS1227,Accent Pillows,Bedding,0.10339999999999999,7.48,16.14,1.1576,8.66,True,True
Wayfair US,2554,Pem America,Benjamin Hannigan,MXO10090,Bedding Sets,Bedding,0.1,7.48,0.0,-1.0,-7.48,False,False
Wayfair US,35552,CAN_DesignArt Inc.,Paige Beattie,CBZF8993,Accent Pillows,Bedding,0.22,7.46,4.93,-0.33880000000000005,-2.5300000000000002,True,False
Wayfair US,1748,Revman International,Missy Paragamian,ERB10768,Bedding Sets,Bedding,0.4768,7.43,8.04,0.0821,0.6099999999999994,True,True
Wayfair US,7920,Riztex USA,Brianna Barrett,RZY11351,Accent Pillows,Bedding,0.25,7.43,5.46,-0.2645,-1.9699999999999998,True,False
Wayfair US,67551,"Suzhou lanqinglv Trading co,. ltd",lance Zhou,OELA1461,Bedding Sets,Bedding,0.33,7.42,8.19,0.1038,0.7699999999999996,True,True
Wayfair US,1987,JLA Home,Missy Paragamian,JLZF1166,Bedding Sets,Bedding,0.12,7.41,0.0,-1.0,-7.41,False,False
Wayfair US,1748,Revman International,Missy Paragamian,MBVB1912,Bedding Sets,Bedding,0.3735,7.41,15.48,1.0886,8.07,True,True
Wayfair US,10545,Americanflat Corp,Waverly Winterer,EBIC7151,Accent Pillows,Bedding,0.2,7.4,4.35,-0.4129,-3.0500000000000007,True,False
Wayfair US,291,Surya,Alex Melius,YA69625,Accent Pillows,Bedding,0.1,7.39,0.0,-1.0,-7.39,False,False
Wayfair US,76195,Ulli Home,Jaiden Lawlor,ULIH2770,Accent Pillows,Bedding,0.07,7.38,0.0,-1.0,-7.38,False,False
Wayfair US,1748,Revman International,Missy Paragamian,ERB10999,Bedding Sets,Bedding,0.1795,7.36,67.14,8.124,59.78,True,True
Wayfair US,17102,Trade-Linker,Jaiden Lawlor,LBHX5298,Sheets & Pillowcases,Bedding,0.15,7.36,21.44,1.9142,14.080000000000002,True,True
Wayfair US,1748,Revman International,Missy Paragamian,MBVB1757,Bedding Sets,Bedding,0.2059,7.33,10.46,0.4268,3.130000000000001,True,True
Wayfair US,291,Surya,Alex Melius,YA85244,Accent Pillows,Bedding,0.1,7.32,23.44,2.2022,16.12,True,True
Wayfair US,7920,Riztex USA,Brianna Barrett,RZY10613,Accent Pillows,Bedding,0.25,7.31,4.73,-0.3525,-2.579999999999999,True,False
Wayfair US,76195,Ulli Home,Jaiden Lawlor,ULIH3004,Accent Pillows,Bedding,0.07,7.3,0.0,-1.0,-7.3,False,False
Wayfair US,22180,DesignArt Inc.,Maxwell Threlkeld,CBZF7147,Accent Pillows,Bedding,0.22,7.29,34.29,3.7029,27.0,True,True
Wayfair US,1748,Revman International,Missy Paragamian,ERB10766,Blankets And Throws,Bedding,0.33,7.28,0.0,-1.0,-7.28,False,False
Wayfair US,1987,JLA Home,Missy Paragamian,NCWA2884,Bedding Sets,Bedding,0.02,7.28,0.0,-1.0,-7.28,False,False
Wayfair US,2554,Pem America,Benjamin Hannigan,BDOK1192,Accent Pillows,Bedding,0.1,7.28,13.09,0.7998000000000001,5.81,True,True
Wayfair US,2554,Pem America,Benjamin Hannigan,BDOK1408,Sheets & Pillowcases,Bedding,0.1,7.27,0.0,-1.0,-7.27,False,False
Wayfair US,291,Surya,Alex Melius,YA81089,Accent Pillows,Bedding,0.1,7.25,0.0,-1.0,-7.25,False,False
Wayfair US,1987,JLA Home,Missy Paragamian,WLGN3562,Bedding Sets,Bedding,0.02,7.25,24.62,2.3977,17.37,True,True
Wayfair US,76195,Ulli Home,Jaiden Lawlor,ULIH2985,Accent Pillows,Bedding,0.07,7.22,0.0,-1.0,-7.22,False,False
Wayfair US,262,Howard Elliott Collection,Robert Williams,RD12471,Accent Pillows,Bedding,0.1,7.22,21.53,1.9837,14.310000000000002,True,True
Wayfair US,1987,JLA Home,Missy Paragamian,SEHO8023,Blankets And Throws,Bedding,0.02,7.21,42.11,4.8393,34.9,True,True
Wayfair US,112418,SAF IJAZ,Supplier Service Desk,ABEJ1127,Bedding Sets,Bedding,0.05,7.21,27.06,2.7552999999999996,19.849999999999998,True,True
Wayfair US,282391,Homechoice International Group,Rainbow Wu,HSHM3632,Bedding Sets,Bedding,0.25,7.19,4.79,-0.3336,-2.4000000000000004,True,False
Wayfair US,24696,Daniel Linen/Home Sweet Home Dreams Inc.,Supplier Service Desk,HSHD1479,Sheets & Pillowcases,Bedding,0.02,7.19,0.0,-1.0,-7.19,False,False
Wayfair US,1748,Revman International,Missy Paragamian,MBVB1569,Bedding Sets,Bedding,0.1597,7.19,0.0,-1.0,-7.19,False,False
Wayfair US,1748,Revman International,Missy Paragamian,ERB10957,Bedding Sets,Bedding,0.2949,7.19,0.0,-1.0,-7.19,False,False
Wayfair US,1748,Revman International,Missy Paragamian,TMBH1233,Bedding Sets,Bedding,0.1821,7.19,0.0,-1.0,-7.19,False,False
Wayfair US,36405,Colcha Linens,Jaiden Lawlor,CETA2867,Accent Pillows,Bedding,0.2,7.15,0.0,-1.0,-7.15,False,False
Wayfair US,280284,"Xuzhou Jiayi Real Estate Marketing Planning Co., Ltd",Asia Supplier Service Desk,LDOL1009,Sheets & Pillowcases,Bedding,0.45,7.15,3.32,-0.5361,-3.8300000000000005,True,False
Wayfair US,25843,"Bedshe International Co.,LTD",Rainbow Wu,BDUR1341,Bedding Sets,Bedding,0.5,7.13,8.86,0.2429,1.7299999999999995,True,True
Wayfair US,17539,BNF Home,lance Zhou,HREN1431,Bedding Sets,Bedding,0.1,7.13,0.0,-1.0,-7.13,False,False
Wayfair US,231459,Fabdivine LLC,Benjamin Hannigan,DBDI4321,Accent Pillows,Bedding,0.1,7.12,0.0,-1.0,-7.12,False,False
Wayfair US,291,Surya,Alex Melius,YA69263,Accent Pillows,Bedding,0.1,7.09,5.04,-0.2882,-2.05,True,False
Wayfair US,69162,Kusnug,Rikki Sartor,KSNU1142,Sheets & Pillowcases,Bedding,0.15,7.08,12.74,0.7990999999999999,5.66,True,True
Wayfair US,291,Surya,Alex Melius,YA63045,Bedding Sets,Bedding,0.1,7.07,0.0,-1.0,-7.07,False,False
Wayfair US,2554,Pem America,Benjamin Hannigan,SDCM1214,Bedding Sets,Bedding,0.1463,7.06,11.04,0.564,3.9799999999999995,True,True
Wayfair US,25843,"Bedshe International Co.,LTD",Rainbow Wu,BDUR1476,Bedding Sets,Bedding,0.32,7.05,0.0,-1.0,-7.05,False,False
Wayfair US,1748,Revman International,Missy Paragamian,TMBH1176,Bedding Sets,Bedding,0.33130000000000004,7.04,5.41,-0.23149999999999998,-1.63,True,False
Wayfair US,291,Surya,Alex Melius,YA68186,Accent Pillows,Bedding,0.1,7.03,20.86,1.9668999999999999,13.829999999999998,True,True
Wayfair US,1987,JLA Home,Missy Paragamian,MRCR5883,Accent Pillows,Bedding,0.02,7.02,0.0,-1.0,-7.02,False,False
Wayfair US,25843,"Bedshe International Co.,LTD",Rainbow Wu,BDUR3398,Sheets & Pillowcases,Bedding,0.15,7.01,54.66,6.8012,47.65,True,True
Wayfair US,214227,"Caluha Company, LLC",Supplier Service Desk,UBAD1014,Accent Pillows,Bedding,0.15,7.0,0.0,-1.0,-7.0,False,False
Wayfair US,7920,Riztex USA,Brianna Barrett,EDIV1134,Blankets And Throws,Bedding,0.25,7.0,4.14,-0.40869999999999995,-2.8600000000000003,True,False
Wayfair US,35552,CAN_DesignArt Inc.,Paige Beattie,CBZK3159,Accent Pillows,Bedding,0.22,7.0,0.0,-1.0,-7.0,False,False
Wayfair US,7224,Greendale Home Fashions,Kate Schryver,GNF10193,Accent Pillows,Bedding,0.05,6.98,0.0,-1.0,-6.98,False,False
Wayfair US,2554,Pem America,Benjamin Hannigan,BDOK1160,Blankets And Throws,Bedding,0.1,6.96,8.0,0.1489,1.04,True,True
Wayfair US,2554,Pem America,Benjamin Hannigan,SDCM1351,Bedding Sets,Bedding,0.1,6.96,0.0,-1.0,-6.96,False,False
Wayfair US,2740,Home City Inc.,Jaiden Lawlor,EDIV1187,Sheets & Pillowcases,Bedding,0.07,6.95,51.24,6.374199999999999,44.29,True,True
Wayfair US,1748,Revman International,Missy Paragamian,SBD10047,Bed Skirts,Bedding,0.2862,6.95,20.51,1.9524000000000001,13.560000000000002,True,True
Wayfair US,400563,yiwushifengshangmaoyiyouxiangongsi,Asia Supplier Service Desk,IBOX1054,Blankets And Throws,Bedding,0.1,6.95,3.44,-0.5052,-3.5100000000000002,True,False
Wayfair US,1748,Revman International,Missy Paragamian,VRWG2219,Bedding Sets,Bedding,0.2491,6.94,0.0,-1.0,-6.94,False,False
Wayfair US,279921,Maxaya LLC,Prisha Mark,MXAY6875,Accent Pillows,Bedding,0.22010000000000002,6.93,0.0,-1.0,-6.93,False,False
Wayfair US,291,Surya,Alex Melius,YA74578,Accent Pillows,Bedding,0.1,6.91,18.9,1.7348,11.989999999999998,True,True
Wayfair US,214227,"Caluha Company, LLC",Supplier Service Desk,UBAD1028,Accent Pillows,Bedding,0.15,6.89,0.0,-1.0,-6.89,False,False
Wayfair US,69162,Kusnug,Rikki Sartor,KSNU1081,Sheets & Pillowcases,Bedding,0.15,6.89,0.0,-1.0,-6.89,False,False
Wayfair US,381,Safavieh,Alex Resnick,GRCS2653,Blankets And Throws,Bedding,0.1036,6.88,11.23,0.6332,4.3500000000000005,True,True
Wayfair US,1748,Revman International,Missy Paragamian,BCTS1360,Accent Pillows,Bedding,0.33,6.86,0.0,-1.0,-6.86,False,False
Wayfair US,23665,"Cozy Line Home Fashions, Inc.",Jaiden Lawlor,CLHF1446,Bed Skirts,Bedding,0.05,6.83,5.6,-0.1807,-1.2300000000000004,True,False
Wayfair US,35160,Lava Garden Inc.,Supplier Service Desk,ACRY1547,Accent Pillows,Bedding,0.1,6.83,4.09,-0.40020000000000006,-2.74,True,False
Wayfair US,19319,I Enjoy Bedding Company,Madison Carvalho,JLYI1241,Accent Pillows,Bedding,0.2,6.82,5.35,-0.2157,-1.4700000000000006,True,False
Wayfair US,1987,JLA Home,Missy Paragamian,RDBS6985,Bedding Sets,Bedding,0.07,6.81,26.34,2.8695,19.53,True,True
Wayfair US,12608,Lifestyle,Paige Beattie,HMRT3046,Accent Pillows,Bedding,0.3,6.79,21.86,2.218,15.07,True,True
Wayfair US,23665,"Cozy Line Home Fashions, Inc.",Jaiden Lawlor,CLHF1118,Bedding Sets,Bedding,0.05,6.76,12.88,0.9048,6.120000000000001,True,True
Wayfair US,43431,ocean home fashion inc,Asia Supplier Service Desk,MRCL1181,Bedding Sets,Bedding,0.11,6.76,10.76,0.5927,4.0,True,True
Wayfair US,35552,CAN_DesignArt Inc.,Paige Beattie,CBXL6805,Accent Pillows,Bedding,0.22,6.73,0.0,-1.0,-6.73,False,False
Wayfair US,1748,Revman International,Missy Paragamian,MBVB1840,Bedding Sets,Bedding,0.2836,6.71,0.0,-1.0,-6.71,False,False
Wayfair US,381,Safavieh,Alex Resnick,MITN2141,Blankets And Throws,Bedding,0.1035,6.68,0.0,-1.0,-6.68,False,False
Wayfair US,24696,Daniel Linen/Home Sweet Home Dreams Inc.,Supplier Service Desk,HSHD1485,Sheets & Pillowcases,Bedding,0.02,6.66,10.89,0.6336999999999999,4.23,True,True
Wayfair US,14556,Cathay Home Inc.,Benjamin Hannigan,DRVU1149,Blankets And Throws,Bedding,0.08,6.65,0.0,-1.0,-6.65,False,False
Wayfair US,19319,I Enjoy Bedding Company,Madison Carvalho,BCCY1047,Accent Pillows,Bedding,0.2,6.64,30.34,3.5713,23.7,True,True
Wayfair US,1093,Trademark Global,Karolina Coulter,PLYH1044,Bedding Sets,Bedding,0.42,6.62,0.0,-1.0,-6.62,False,False
Wayfair US,1987,JLA Home,Missy Paragamian,JLZL1058,Bedding Sets,Bedding,0.02,6.62,0.0,-1.0,-6.62,False,False
Wayfair US,1987,JLA Home,Missy Paragamian,FNDS4870,Bedding Sets,Bedding,0.02,6.62,0.0,-1.0,-6.62,False,False
Wayfair US,19567,Mytex,Supplier Service Desk,CBLN1024,Bedding Sets,Bedding,0.3,6.62,0.0,-1.0,-6.62,False,False
Wayfair US,1987,JLA Home,Missy Paragamian,JLZL1348,Bedding Sets,Bedding,0.02,6.61,28.12,3.2524,21.51,True,True
Wayfair US,39387,Kasentex Inc,Supplier Service Desk,KGKH1166,Bedding Sets,Bedding,0.1,6.58,0.0,-1.0,-6.58,False,False
Wayfair US,2740,Home City Inc.,Jaiden Lawlor,BL19166,Sheets & Pillowcases,Bedding,0.08,6.58,13.91,1.1135,7.33,True,True
Wayfair US,22180,DesignArt Inc.,Maxwell Threlkeld,CBXL6863,Accent Pillows,Bedding,0.22,6.57,0.0,-1.0,-6.57,False,False
Wayfair US,19319,I Enjoy Bedding Company,Madison Carvalho,SHOH1004,Bedding Sets,Bedding,0.2,6.55,26.27,3.0132,19.72,True,True
Wayfair US,1748,Revman International,Missy Paragamian,NAL1436,Bedding Sets,Bedding,0.1188,6.54,44.36,5.7824,37.82,True,True
Wayfair US,1748,Revman International,Missy Paragamian,ERB10982,Blankets And Throws,Bedding,0.2738,6.54,16.74,1.5605000000000002,10.2,True,True
Wayfair US,37327,Instyle Products Corp,Rikki Sartor,KBST1117,Bedding Sets,Bedding,0.22,6.51,0.0,-1.0,-6.51,False,False
Wayfair US,19319,I Enjoy Bedding Company,Madison Carvalho,VRKG6918,Sheets & Pillowcases,Bedding,0.2,6.45,0.0,-1.0,-6.45,False,False
Wayfair US,147802,Shenzhen Meiyuan Keji Youxiangongsi,Regan Zou,NGSO2353,Bedding Accessories,Bedding,0.45,6.45,9.86,0.5277000000000001,3.4099999999999993,True,True
Wayfair US,65656,Topfinel,Elvira Tang,DCNV1551,Accent Pillows,Bedding,0.2,6.44,8.41,0.30510000000000004,1.9699999999999998,True,True
Wayfair US,1987,JLA Home,Missy Paragamian,LARK7699,Bedding Sets,Bedding,0.15,6.44,36.48,4.666399999999999,30.039999999999996,True,True
Wayfair US,1987,JLA Home,Missy Paragamian,HSHM2689,Bedding Sets,Bedding,0.12,6.44,23.86,2.7066000000000003,17.419999999999998,True,True
Wayfair US,21028,EasyWay,Kate Schryver,ESWY1071,Accent Pillows,Bedding,0.1,6.44,0.0,-1.0,-6.44,False,False
Wayfair US,36405,Colcha Linens,Jaiden Lawlor,AXBT1042,Bed Skirts,Bedding,0.2,6.43,32.74,4.0889,26.310000000000002,True,True
Wayfair US,1748,Revman International,Missy Paragamian,DRQH2102,Sheets & Pillowcases,Bedding,0.2434,6.42,0.0,-1.0,-6.42,False,False
Wayfair US,1748,Revman International,Missy Paragamian,MBVB1902,Bedding Sets,Bedding,0.26940000000000003,6.42,25.05,2.9054,18.630000000000003,True,True
Wayfair US,2554,Pem America,Benjamin Hannigan,BDOK1143,Bedding Sets,Bedding,0.1,6.4,0.0,-1.0,-6.4,False,False
Wayfair US,2740,Home City Inc.,Jaiden Lawlor,SPES1204,Bedding Sets,Bedding,0.07,6.39,19.98,2.1287000000000003,13.59,True,True
Wayfair US,80197,CENTRADE INC.,Jessica Gu,WWMA1312,Accent Pillows,Bedding,0.25,6.38,0.0,-1.0,-6.38,False,False
Wayfair US,80197,CENTRADE INC.,Jessica Gu,WWMA1436,Accent Pillows,Bedding,0.04,6.36,0.0,-1.0,-6.36,False,False
Wayfair US,2554,Pem America,Benjamin Hannigan,JYO10006,Kids Bedding Sets,Bedding,0.0471,6.35,6.79,0.069,0.4400000000000004,True,True
Wayfair US,291,Surya,Alex Melius,EDIV1336,Accent Pillows,Bedding,0.1,6.34,8.9,0.4033,2.5600000000000005,True,True
Wayfair US,1748,Revman International,Missy Paragamian,NAL1871,Accent Pillows,Bedding,0.4483,6.34,0.0,-1.0,-6.34,False,False
Wayfair US,2554,Pem America,Benjamin Hannigan,BDOK1048,Bedding Sets,Bedding,0.1,6.33,10.91,0.7234999999999999,4.58,True,True
Wayfair US,1748,Revman International,Missy Paragamian,MBVB1474,Blankets And Throws,Bedding,0.2526,6.33,17.49,1.7652,11.159999999999998,True,True
Wayfair US,1987,JLA Home,Missy Paragamian,NCWA1437,Bedding Sets,Bedding,0.1,6.32,0.0,-1.0,-6.32,False,False
Wayfair US,1987,JLA Home,Missy Paragamian,NCWA1833,Bedding Sets,Bedding,0.1,6.32,18.96,1.9994999999999998,12.64,True,True
Wayfair US,72667,"Jiangsu Meideni Textile CO.,LTD",lance Zhou,ALDL1102,Bedding Sets,Bedding,0.26,6.31,0.0,-1.0,-6.31,False,False
Wayfair US,2554,Pem America,Benjamin Hannigan,BDOK1172,Bedding Sets,Bedding,0.1,6.31,0.0,-1.0,-6.31,False,False
Wayfair US,1748,Revman International,Missy Paragamian,TMBH1243,Bedding Accessories,Bedding,0.2,6.3,0.0,-1.0,-6.3,False,False
Wayfair US,291,Surya,Alex Melius,UNOR1703,Accent Pillows,Bedding,0.1,6.3,0.0,-1.0,-6.3,False,False
Wayfair US,24282,"Nanshing America, Inc.",Jaiden Lawlor,NAAM1064,Bedding Sets,Bedding,0.1,6.3,0.0,-1.0,-6.3,False,False
Wayfair US,17539,BNF Home,lance Zhou,SOFH1120,Accent Pillows,Bedding,0.1,6.28,12.54,0.9965,6.259999999999999,True,True
Wayfair US,291,Surya,Alex Melius,YA81039,Accent Pillows,Bedding,0.1,6.28,0.0,-1.0,-6.28,False,False
Wayfair US,2740,Home City Inc.,Jaiden Lawlor,ZYWR1005,Bedding Sets,Bedding,0.07,6.27,0.0,-1.0,-6.27,False,False
Wayfair US,8586,Stupell Industries,Alex Sarkisian,VYH42782,Accent Pillows,Bedding,0.2,6.27,0.0,-1.0,-6.27,False,False
Wayfair US,291,Surya,Alex Melius,YA69566,Accent Pillows,Bedding,0.1,6.25,0.0,-1.0,-6.25,False,False
Wayfair US,80197,CENTRADE INC.,Jessica Gu,WWMA1084,Accent Pillows,Bedding,0.17,6.25,0.0,-1.0,-6.25,False,False
Wayfair US,12608,Lifestyle,Paige Beattie,NTRL2748,Accent Pillows,Bedding,0.3,6.24,0.0,-1.0,-6.24,False,False
Wayfair US,2554,Pem America,Benjamin Hannigan,PEM2963,Bedding Sets,Bedding,0.1,6.23,32.85,4.2723,26.62,True,True
Wayfair US,1748,Revman International,Missy Paragamian,QO10401,Bedding Sets,Bedding,0.33759999999999996,6.23,0.0,-1.0,-6.23,False,False
Wayfair US,1748,Revman International,Missy Paragamian,TBL11159,Bedding Sets,Bedding,0.26649999999999996,6.23,0.5,-0.9192,-5.73,True,False
Wayfair US,2740,Home City Inc.,Jaiden Lawlor,TCKP1717,Bedding Sets,Bedding,0.07,6.21,26.65,3.2941000000000003,20.439999999999998,True,True
Wayfair US,9140,Fab Habitat,Alex Resnick,FBHO1550,Accent Pillows,Bedding,0.1002,6.2,0.0,-1.0,-6.2,False,False
Wayfair US,291,Surya,Alex Melius,GAXL1039,Accent Pillows,Bedding,0.1,6.2,15.52,1.5058,9.32,True,True
Wayfair US,22180,DesignArt Inc.,Maxwell Threlkeld,UBAM2228,Accent Pillows,Bedding,0.22,6.18,0.0,-1.0,-6.18,False,False
Wayfair US,1987,JLA Home,Missy Paragamian,MCRW7051,Bedding Sets,Bedding,0.12,6.18,0.0,-1.0,-6.18,False,False
Wayfair US,291,Surya,Alex Melius,WLRO1066,Accent Pillows,Bedding,0.1,6.18,-6.74,-2.0913,-12.92,False,False
Wayfair US,291,Surya,Alex Melius,YA85249,Accent Pillows,Bedding,0.1,6.17,0.0,-1.0,-6.17,False,False
Wayfair US,12608,Lifestyle,Paige Beattie,NTRL2707,Accent Pillows,Bedding,0.3,6.16,0.0,-1.0,-6.16,False,False
Wayfair US,22180,DesignArt Inc.,Maxwell Threlkeld,CBZF9794,Accent Pillows,Bedding,0.22,6.15,0.0,-1.0,-6.15,False,False
Wayfair US,1987,JLA Home,Missy Paragamian,HUH1333,Accent Pillows,Bedding,0.02,6.15,6.92,0.1267,0.7699999999999996,True,True
Wayfair US,207670,FAVICLA CORP,Asia Supplier Service Desk,CHBM1463,Sheets & Pillowcases,Bedding,0.05,6.14,0.0,-1.0,-6.14,False,False
Wayfair US,2740,Home City Inc.,Jaiden Lawlor,ACOT4730,Sheets & Pillowcases,Bedding,0.07,6.13,3.24,-0.4718,-2.8899999999999997,True,False
Wayfair US,19567,Mytex,Supplier Service Desk,CBLN1022,Bedding Sets,Bedding,0.2,6.13,0.0,-1.0,-6.13,False,False
Wayfair US,1748,Revman International,Missy Paragamian,TBL10402,Bedding Sets,Bedding,0.33,6.12,14.02,1.2911000000000001,7.8999999999999995,True,True
Wayfair US,7920,Riztex USA,Brianna Barrett,AGGR1529,Accent Pillows,Bedding,0.25,6.12,0.0,-1.0,-6.12,False,False
Wayfair US,35552,CAN_DesignArt Inc.,Paige Beattie,CBZG1692,Accent Pillows,Bedding,0.22,6.11,0.0,-1.0,-6.11,False,False
Wayfair US,63138,"Changshu Youthsky Import Export Co.,Ltd",Jessica Gu,SEPL1135,Bed Skirts,Bedding,0.05,6.1,10.59,0.7354999999999999,4.49,True,True
Wayfair US,1748,Revman International,Missy Paragamian,KBFC2814,Bedding Sets,Bedding,0.27690000000000003,6.1,0.0,-1.0,-6.1,False,False
Wayfair US,291,Surya,Alex Melius,UNOR1721,Accent Pillows,Bedding,0.1,6.1,1.57,-0.7426,-4.529999999999999,True,False
Wayfair US,17102,Trade-Linker,Jaiden Lawlor,AAHX1016,Sheets & Pillowcases,Bedding,0.2,6.09,0.0,-1.0,-6.09,False,False
Wayfair US,291,Surya,Alex Melius,YA69548,Accent Pillows,Bedding,0.1,6.09,0.0,-1.0,-6.09,False,False
Wayfair US,1748,Revman International,Missy Paragamian,DRQH2069,Bedding Sets,Bedding,0.1452,6.09,0.0,-1.0,-6.09,False,False
Wayfair US,291,Surya,Alex Melius,YA83913,Accent Pillows,Bedding,0.1,6.08,7.42,0.2194,1.3399999999999999,True,True
Wayfair US,291,Surya,Alex Melius,YA72310,Accent Pillows,Bedding,0.1,6.07,13.34,1.1997,7.27,True,True
Wayfair US,25843,"Bedshe International Co.,LTD",Rainbow Wu,BDUR3016,Bedding Sets,Bedding,0.25,6.07,26.0,3.2869,19.93,True,True
Wayfair US,214227,"Caluha Company, LLC",Supplier Service Desk,UBAD1108,Accent Pillows,Bedding,0.15,6.06,19.85,2.275,13.790000000000003,True,True
Wayfair US,291,Surya,Alex Melius,YA69121,Accent Pillows,Bedding,0.1,6.05,6.13,0.012199999999999999,0.08000000000000007,True,True
Wayfair US,1987,JLA Home,Missy Paragamian,JLZL1312,Bedding Sets,Bedding,0.1,6.05,30.05,3.9656000000000002,24.0,True,True
Wayfair US,1093,Trademark Global,Karolina Coulter,LVRG2875,Accent Pillows,Bedding,0.21,6.03,0.0,-1.0,-6.03,False,False
Wayfair US,80197,CENTRADE INC.,Jessica Gu,WWMA1328,Accent Pillows,Bedding,0.17,6.02,0.0,-1.0,-6.02,False,False
Wayfair US,2554,Pem America,Benjamin Hannigan,SDCM1115,Bedding Sets,Bedding,0.1,6.01,2.18,-0.6375,-3.8299999999999996,True,False
Wayfair US,67551,"Suzhou lanqinglv Trading co,. ltd",lance Zhou,OELA1439,Bedding Sets,Bedding,0.33,6.01,0.0,-1.0,-6.01,False,False
Wayfair US,23665,"Cozy Line Home Fashions, Inc.",Jaiden Lawlor,CLHF1209,Bedding Sets,Bedding,0.05,5.98,0.0,-1.0,-5.98,False,False
Wayfair US,25843,"Bedshe International Co.,LTD",Rainbow Wu,BDUR1936,Bedding Sets,Bedding,0.24239999999999998,5.96,0.0,-1.0,-5.96,False,False
Wayfair US,35552,CAN_DesignArt Inc.,Paige Beattie,EBJN7178,Accent Pillows,Bedding,0.22,5.96,0.0,-1.0,-5.96,False,False
Wayfair US,25843,"Bedshe International Co.,LTD",Rainbow Wu,BDUR3368,Bedding Sets,Bedding,0.1,5.96,20.73,2.4787,14.77,True,True
Wayfair US,7920,Riztex USA,Brianna Barrett,RZY11360,Accent Pillows,Bedding,0.25,5.96,6.0,0.0078000000000000005,0.040000000000000036,True,True
Wayfair US,1748,Revman International,Missy Paragamian,TMBH1229,Bedding Sets,Bedding,0.1167,5.93,0.0,-1.0,-5.93,False,False
Wayfair US,78708,Foshan Shiyue (Visionary) Trading Limited Company,Benjamin Hannigan,VSIO1098,Accent Pillows,Bedding,0.15,5.92,0.0,-1.0,-5.92,False,False
Wayfair US,2554,Pem America,Benjamin Hannigan,FYEB1018,Bedding Sets,Bedding,0.1,5.91,0.0,-1.0,-5.91,False,False
Wayfair US,381,Safavieh,Alex Resnick,FVAB7918,Blankets And Throws,Bedding,0.10339999999999999,5.91,0.0,-1.0,-5.91,False,False
Wayfair US,24120,JABA USA,Supplier Service Desk,BYST5029,Bedding Sets,Bedding,0.2,5.9,0.0,-1.0,-5.9,False,False
Wayfair US,291,Surya,Alex Melius,MCRW4872,Accent Pillows,Bedding,0.1,5.9,8.9,0.5097999999999999,3.0,True,True
Wayfair US,22180,DesignArt Inc.,Maxwell Threlkeld,CBZG1487,Accent Pillows,Bedding,0.22,5.89,0.0,-1.0,-5.89,False,False
Wayfair US,24282,"Nanshing America, Inc.",Jaiden Lawlor,MBSR1241,Bedding Sets,Bedding,0.1,5.87,0.0,-1.0,-5.87,False,False
Wayfair US,19319,I Enjoy Bedding Company,Madison Carvalho,SHOH1001,Sheets & Pillowcases,Bedding,0.2,5.86,8.26,0.4108,2.3999999999999995,True,True
Wayfair US,21037,JV Textiles,Benjamin Hannigan,IOHU1160,Bedding Sets,Bedding,0.08,5.85,9.27,0.5846,3.42,True,True
Wayfair US,19319,I Enjoy Bedding Company,Madison Carvalho,BCCY1013,Bedding Sets,Bedding,0.2,5.85,8.21,0.4039,2.360000000000001,True,True
Wayfair US,25843,"Bedshe International Co.,LTD",Rainbow Wu,BDUR1876,Blankets And Throws,Bedding,0.05,5.84,0.0,-1.0,-5.84,False,False
Wayfair US,25843,"Bedshe International Co.,LTD",Rainbow Wu,BDUR2349,Bedding Sets,Bedding,0.12,5.83,14.87,1.5503,9.04,True,True
Wayfair US,17539,BNF Home,lance Zhou,SOFH1333,Accent Pillows,Bedding,0.1,5.83,0.0,-1.0,-5.83,False,False
Wayfair US,25843,"Bedshe International Co.,LTD",Rainbow Wu,BDUR1764,Bedding Sets,Bedding,0.37,5.8,7.3,0.258,1.5,True,True
Wayfair US,1987,JLA Home,Missy Paragamian,NCWA1506,Bedding Sets,Bedding,0.02,5.8,0.0,-1.0,-5.8,False,False
Wayfair US,23665,"Cozy Line Home Fashions, Inc.",Jaiden Lawlor,CLHF1003,Kids Bedding Sets,Bedding,0.05,5.79,13.06,1.2564,7.2700000000000005,True,True
Wayfair US,19319,I Enjoy Bedding Company,Madison Carvalho,JLYI1278,Bedding Sets,Bedding,0.2,5.79,0.0,-1.0,-5.79,False,False
Wayfair US,231459,Fabdivine LLC,Benjamin Hannigan,DBDI3592,Accent Pillows,Bedding,0.13,5.79,20.91,2.6132999999999997,15.120000000000001,True,True
Wayfair US,1987,JLA Home,Missy Paragamian,JLZF1165,Bedding Sets,Bedding,0.07,5.78,0.76,-0.8684999999999999,-5.0200000000000005,True,False
Wayfair US,1987,JLA Home,Missy Paragamian,WLR1252,Bedding Sets,Bedding,0.12,5.76,145.44,24.258200000000002,139.68,True,True
Wayfair US,1748,Revman International,Missy Paragamian,TBL10287,Accent Pillows,Bedding,0.24,5.75,0.0,-1.0,-5.75,False,False
Wayfair US,19319,I Enjoy Bedding Company,Madison Carvalho,JLYI1173,Bedding Sets,Bedding,0.2,5.75,0.0,-1.0,-5.75,False,False
Wayfair US,1748,Revman International,Missy Paragamian,MBVB1783,Bedding Sets,Bedding,0.2882,5.75,12.49,1.1729,6.74,True,True
Wayfair US,1748,Revman International,Missy Paragamian,KBFC1921,Accent Pillows,Bedding,0.26289999999999997,5.74,4.75,-0.1725,-0.9900000000000002,True,False
Wayfair US,291,Surya,Alex Melius,YA83849,Accent Pillows,Bedding,0.1,5.74,0.0,-1.0,-5.74,False,False
Wayfair US,29398,CAN_HUI Resource,Supplier Service Desk,PBHM3608,Blankets And Throws,Bedding,0.4,5.73,19.1,2.3339,13.370000000000001,True,True
Wayfair US,279,Dalyn Rugs,Alex Resnick,ADDJ9954,Blankets And Throws,Bedding,0.15,5.72,0.0,-1.0,-5.72,False,False
Wayfair US,24282,"Nanshing America, Inc.",Jaiden Lawlor,MBSR1378,Bedding Sets,Bedding,0.26,5.7,7.03,0.23309999999999997,1.33,True,True
Wayfair US,1748,Revman International,Missy Paragamian,MBVB1748,Sheets & Pillowcases,Bedding,0.1891,5.69,0.0,-1.0,-5.69,False,False
Wayfair US,19319,I Enjoy Bedding Company,Madison Carvalho,CHRL6352,Bedding Sets,Bedding,0.2,5.69,8.25,0.4515,2.5599999999999996,True,True
Wayfair US,19567,Mytex,Supplier Service Desk,AAXB1000,Kids Bedding Sets,Bedding,0.3,5.69,0.0,-1.0,-5.69,False,False
Wayfair US,1748,Revman International,Missy Paragamian,ERB10922,Bedding Sets,Bedding,0.2495,5.65,16.06,1.8426,10.409999999999998,True,True
Wayfair US,291,Surya,Alex Melius,YA86148,Accent Pillows,Bedding,0.1,5.65,21.76,2.8541000000000003,16.11,True,True
Wayfair US,1748,Revman International,Missy Paragamian,TMBH1189,Accent Pillows,Bedding,0.5,5.64,0.0,-1.0,-5.64,False,False
Wayfair US,1748,Revman International,Missy Paragamian,MBVB1950,Bedding Sets,Bedding,0.3318,5.64,0.0,-1.0,-5.64,False,False
Wayfair US,67551,"Suzhou lanqinglv Trading co,. ltd",lance Zhou,OELA1194,Bedding Sets,Bedding,0.25,5.64,23.96,3.2525999999999997,18.32,True,True
Wayfair US,2554,Pem America,Benjamin Hannigan,GYTD1009,Bedding Sets,Bedding,0.1,5.63,22.55,3.0076,16.92,True,True
Wayfair US,1987,JLA Home,Missy Paragamian,XBYB1027,Bedding Sets,Bedding,0.1,5.61,22.33,2.9844999999999997,16.72,True,True
Wayfair US,1748,Revman International,Missy Paragamian,MBVB1851,Sheets & Pillowcases,Bedding,0.2861,5.59,9.32,0.6676000000000001,3.7300000000000004,True,True
Wayfair US,1987,JLA Home,Missy Paragamian,NCWA2810,Bedding Sets,Bedding,0.02,5.59,0.0,-1.0,-5.59,False,False
Wayfair US,231459,Fabdivine LLC,Benjamin Hannigan,DBDI1541,Accent Pillows,Bedding,0.19,5.59,0.0,-1.0,-5.59,False,False
Wayfair US,2554,Pem America,Benjamin Hannigan,SDCM1160,Bedding Sets,Bedding,0.1261,5.57,0.0,-1.0,-5.57,False,False
Wayfair US,1987,JLA Home,Missy Paragamian,UBHB1214,Bedding Sets,Bedding,0.02,5.57,0.0,-1.0,-5.57,False,False
Wayfair US,214227,"Caluha Company, LLC",Supplier Service Desk,UBAD1020,Accent Pillows,Bedding,0.15,5.56,8.76,0.5744,3.2,True,True
Wayfair US,19319,I Enjoy Bedding Company,Madison Carvalho,JLYI1139,Sheets & Pillowcases,Bedding,0.2,5.55,0.0,-1.0,-5.55,False,False
Wayfair US,23665,"Cozy Line Home Fashions, Inc.",Jaiden Lawlor,CLHF1005,Kids Bedding Sets,Bedding,0.05,5.55,0.0,-1.0,-5.55,False,False
Wayfair US,1093,Trademark Global,Karolina Coulter,LVRG1431,Blankets And Throws,Bedding,0.39,5.54,9.39,0.6943,3.8500000000000005,True,True
Wayfair US,25843,"Bedshe International Co.,LTD",Rainbow Wu,BDUR1158,Bedding Sets,Bedding,0.15,5.53,24.57,3.4444,19.04,True,True
Wayfair US,291,Surya,Alex Melius,YA69199,Accent Pillows,Bedding,0.1,5.52,7.22,0.3077,1.7000000000000002,True,True
Wayfair US,214227,"Caluha Company, LLC",Supplier Service Desk,UBAD1104,Accent Pillows,Bedding,0.15,5.51,0.0,-1.0,-5.51,False,False
Wayfair US,19319,I Enjoy Bedding Company,Madison Carvalho,BCCY1026,Sheets & Pillowcases,Bedding,0.2,5.51,0.0,-1.0,-5.51,False,False
Wayfair US,58415,HENGJIAN HOME FURNISHING (HONG KONG) LIMITED_1,Yolanda GUI,SMUG2101,Blankets And Throws,Bedding,0.2786,5.51,0.0,-1.0,-5.51,False,False
Wayfair US,120032,Oveesha L.L.C.,Supplier Service Desk,KILD4827,Accent Pillows,Bedding,0.2,5.5,3.41,-0.3799,-2.09,True,False
Wayfair US,2554,Pem America,Benjamin Hannigan,SDCM1253,Bedding Sets,Bedding,0.1,5.49,0.0,-1.0,-5.49,False,False
Wayfair US,1748,Revman International,Missy Paragamian,TBL10184,Blankets And Throws,Bedding,0.33,5.48,7.63,0.3922,2.1499999999999995,True,True
Wayfair US,291,Surya,Alex Melius,YA81053,Accent Pillows,Bedding,0.1,5.48,0.0,-1.0,-5.48,False,False
Wayfair US,1748,Revman International,Missy Paragamian,MBVB1909,Bedding Sets,Bedding,0.3868,5.48,0.0,-1.0,-5.48,False,False
Wayfair US,59132,South Point Home Fashions Inc.,Jessica Gu,SLPE1174,Bedding Sets,Bedding,0.15,5.47,0.0,-1.0,-5.47,False,False
Wayfair US,7920,Riztex USA,Brianna Barrett,TRPT1893,Accent Pillows,Bedding,0.25,5.46,5.46,0.0004,0.0,True,False
Wayfair US,29398,CAN_HUI Resource,Supplier Service Desk,PBHM3080,Accent Pillows,Bedding,0.45,5.44,5.4,-0.008,-0.040000000000000036,True,False
Wayfair US,30354,IYS Enterprises Inc.,Charlie O'Brien,IYSE1132,Blankets And Throws,Bedding,0.18,5.44,0.0,-1.0,-5.44,False,False
Wayfair US,1748,Revman International,Missy Paragamian,MBVB1938,Bedding Sets,Bedding,0.24969999999999998,5.43,16.36,2.0113,10.93,True,True
Wayfair US,291,Surya,Alex Melius,YA81048,Accent Pillows,Bedding,0.1,5.43,0.0,-1.0,-5.43,False,False
Wayfair US,1987,JLA Home,Missy Paragamian,JLZL1319,Bedding Sets,Bedding,0.02,5.42,8.86,0.6335000000000001,3.4399999999999995,True,True
Wayfair US,291,Surya,Alex Melius,YA69577,Accent Pillows,Bedding,0.1,5.42,0.0,-1.0,-5.42,False,False
Wayfair US,35552,CAN_DesignArt Inc.,Paige Beattie,CBZF9071,Accent Pillows,Bedding,0.22,5.41,32.59,5.0224,27.180000000000003,True,True
Wayfair US,55893,WonderfulCo,lance Zhou,WNTX1111,Bedding Sets,Bedding,0.1,5.41,0.0,-1.0,-5.41,False,False
Wayfair US,7920,Riztex USA,Brianna Barrett,BL21745,Accent Pillows,Bedding,0.25,5.41,0.0,-1.0,-5.41,False,False
Wayfair US,279,Dalyn Rugs,Alex Resnick,ADDK1474,Blankets And Throws,Bedding,0.15,5.4,9.21,0.7068000000000001,3.8100000000000005,True,True
Wayfair US,1748,Revman International,Missy Paragamian,VRWG2247,Bedding Sets,Bedding,0.20620000000000002,5.39,10.4,0.9281,5.010000000000001,True,True
Wayfair US,17539,BNF Home,lance Zhou,BDNT1173,Accent Pillows,Bedding,0.1,5.39,0.0,-1.0,-5.39,False,False
Wayfair US,2554,Pem America,Benjamin Hannigan,SDCM1112,Bedding Sets,Bedding,0.1,5.39,0.0,-1.0,-5.39,False,False
Wayfair US,67551,"Suzhou lanqinglv Trading co,. ltd",lance Zhou,OELA1346,Bedding Sets,Bedding,0.4033,5.39,0.0,-1.0,-5.39,False,False
Wayfair US,81366,Aholicdeals Inc,Supplier Service Desk,AOAI1178,Sheets & Pillowcases,Bedding,0.09,5.38,0.0,-1.0,-5.38,False,False
Wayfair US,35160,Lava Garden Inc.,Supplier Service Desk,ACRY2205,Accent Pillows,Bedding,0.1,5.37,4.09,-0.2376,-1.2800000000000002,True,False
Wayfair US,19319,I Enjoy Bedding Company,Madison Carvalho,EBDG2953,Bedding Sets,Bedding,0.2,5.36,0.0,-1.0,-5.36,False,False
Wayfair US,32808,CAN_Cathay Home Inc.,Paige Beattie,DRVU1282,Bedding Sets,Bedding,0.25,5.31,16.76,2.1575,11.450000000000003,True,True
Wayfair US,16941,Sunham Home Fashions,Benjamin Hannigan,LCST1271,Bedding Sets,Bedding,0.12,5.29,0.0,-1.0,-5.29,False,False
Wayfair US,21037,JV Textiles,Benjamin Hannigan,IOHU1158,Bedding Sets,Bedding,0.08,5.29,0.0,-1.0,-5.29,False,False
Wayfair US,1987,JLA Home,Missy Paragamian,JLZF1152,Bedding Sets,Bedding,0.02,5.29,0.0,-1.0,-5.29,False,False
Wayfair US,1748,Revman International,Missy Paragamian,BCTS1333,Bedding Sets,Bedding,0.2126,5.27,0.0,-1.0,-5.27,False,False
Wayfair US,1748,Revman International,Missy Paragamian,KCN10055,Bedding Sets,Bedding,0.2808,5.27,0.0,-1.0,-5.27,False,False
Wayfair US,78708,Foshan Shiyue (Visionary) Trading Limited Company,Benjamin Hannigan,VSIO1080,Accent Pillows,Bedding,0.15,5.26,0.0,-1.0,-5.26,False,False
Wayfair US,78708,Foshan Shiyue (Visionary) Trading Limited Company,Benjamin Hannigan,VSIO1134,Accent Pillows,Bedding,0.15,5.26,0.0,-1.0,-5.26,False,False
Wayfair US,23665,"Cozy Line Home Fashions, Inc.",Jaiden Lawlor,CLHF1172,Bedding Sets,Bedding,0.05,5.25,14.81,1.8243,9.56,True,True
Wayfair US,1987,JLA Home,Missy Paragamian,NCWA2676,Bedding Sets,Bedding,0.07,5.23,0.0,-1.0,-5.23,False,False
Wayfair US,7920,Riztex USA,Brianna Barrett,RZY11370,Accent Pillows,Bedding,0.25,5.23,1.76,-0.664,-3.4700000000000006,True,False
Wayfair US,23665,"Cozy Line Home Fashions, Inc.",Jaiden Lawlor,CLHF1304,Blankets And Throws,Bedding,0.05,5.22,0.0,-1.0,-5.22,False,False
Wayfair US,35552,CAN_DesignArt Inc.,Paige Beattie,CBUV4438,Accent Pillows,Bedding,0.22,5.2,4.93,-0.0506,-0.27000000000000046,True,False
Wayfair US,1748,Revman International,Missy Paragamian,KCN10185,Blankets And Throws,Bedding,0.25920000000000004,5.19,4.27,-0.17739999999999997,-0.9200000000000008,True,False
Wayfair US,2554,Pem America,Benjamin Hannigan,PHBC1016,Bedding Sets,Bedding,0.1,5.17,31.28,5.0503,26.11,True,True
Wayfair US,25843,"Bedshe International Co.,LTD",Rainbow Wu,BDUR2331,Bedding Sets,Bedding,0.45,5.14,0.0,-1.0,-5.14,False,False
Wayfair US,1748,Revman International,Missy Paragamian,ERB1748,Bedding Sets,Bedding,0.33,5.14,0.0,-1.0,-5.14,False,False
Wayfair US,55893,WonderfulCo,lance Zhou,WNTX1165,Bedding Sets,Bedding,0.1,5.11,0.0,-1.0,-5.11,False,False
Wayfair US,2740,Home City Inc.,Jaiden Lawlor,ANEW1170,Sheets & Pillowcases,Bedding,0.07,5.11,0.0,-1.0,-5.11,False,False
Wayfair US,291,Surya,Alex Melius,YA81110,Accent Pillows,Bedding,0.1,5.11,0.0,-1.0,-5.11,False,False
Wayfair US,2554,Pem America,Benjamin Hannigan,BDOK1123,Bedding Sets,Bedding,0.1,5.1,0.0,-1.0,-5.1,False,False
Wayfair US,381,Safavieh,Alex Resnick,FVAD3657,Accent Pillows,Bedding,0.1035,5.1,0.0,-1.0,-5.1,False,False
Wayfair US,2554,Pem America,Benjamin Hannigan,SDCM1181,Bedding Sets,Bedding,0.12539999999999998,5.08,9.58,0.8843000000000001,4.5,True,True
Wayfair US,381,Safavieh,Alex Resnick,FVAB5710,Accent Pillows,Bedding,0.1035,5.07,0.0,-1.0,-5.07,False,False
Wayfair US,1748,Revman International,Missy Paragamian,MSTT6665,Bedding Sets,Bedding,0.2789,5.07,30.95,5.1015,25.88,True,True
Wayfair US,1748,Revman International,Missy Paragamian,VRWG2164,Bedding Sets,Bedding,0.257,5.07,21.4,3.2232,16.33,True,True
Wayfair US,291,Surya,Alex Melius,YA71876,Accent Pillows,Bedding,0.1,5.07,0.0,-1.0,-5.07,False,False
Wayfair US,2554,Pem America,Benjamin Hannigan,AAUE1008,Bedding Sets,Bedding,0.1,5.06,33.46,5.608099999999999,28.400000000000002,True,True
Wayfair US,7920,Riztex USA,Brianna Barrett,RZY11375,Accent Pillows,Bedding,0.25,5.06,0.0,-1.0,-5.06,False,False
Wayfair US,1987,JLA Home,Missy Paragamian,WLR1285,Blankets And Throws,Bedding,0.15,5.06,0.0,-1.0,-5.06,False,False
Wayfair US,23665,"Cozy Line Home Fashions, Inc.",Jaiden Lawlor,CLHF1348,Bedding Sets,Bedding,0.05,5.05,16.56,2.2799,11.509999999999998,True,True
Wayfair US,1987,JLA Home,Missy Paragamian,TRPT2343,Bedding Sets,Bedding,0.1,5.04,24.09,3.7819,19.05,True,True
Wayfair US,67551,"Suzhou lanqinglv Trading co,. ltd",lance Zhou,OELA1555,Bedding Sets,Bedding,0.4,5.03,0.0,-1.0,-5.03,False,False
Wayfair US,7920,Riztex USA,Brianna Barrett,RZY11368,Accent Pillows,Bedding,0.4,5.03,25.16,4.000299999999999,20.13,True,True
Wayfair US,7920,Riztex USA,Brianna Barrett,RZY10679,Accent Pillows,Bedding,0.25,5.01,0.0,-1.0,-5.01,False,False
Wayfair US,381,Safavieh,Alex Resnick,FV75868,Accent Pillows,Bedding,0.10339999999999999,5.01,0.0,-1.0,-5.01,False,False
Wayfair US,1987,JLA Home,Missy Paragamian,WLR1283,Blankets And Throws,Bedding,0.02,5.0,0.0,-1.0,-5.0,False,False
Wayfair US,1987,JLA Home,Missy Paragamian,MECY2525,Bedding Sets,Bedding,0.07,4.99,0.0,-1.0,-4.99,False,False
Wayfair US,2554,Pem America,Benjamin Hannigan,UCXE1105,Sheets & Pillowcases,Bedding,0.1,4.99,0.0,-1.0,-4.99,False,False
Wayfair US,35552,CAN_DesignArt Inc.,Paige Beattie,CBUF5852,Bedding Sets,Bedding,0.22,4.99,0.0,-1.0,-4.99,False,False
Wayfair US,1748,Revman International,Missy Paragamian,WRG10065,Blankets And Throws,Bedding,0.33,4.98,3.86,-0.2249,-1.1200000000000006,True,False
Wayfair US,30354,IYS Enterprises Inc.,Charlie O'Brien,IYSE1234,Bedding Sets,Bedding,0.18,4.97,13.58,1.7328999999999999,8.61,True,True
Wayfair US,19319,I Enjoy Bedding Company,Madison Carvalho,LGLY7137,Sheets & Pillowcases,Bedding,0.2,4.97,16.29,2.279,11.32,True,True
Wayfair US,23665,"Cozy Line Home Fashions, Inc.",Jaiden Lawlor,CLHF1021,Bedding Sets,Bedding,0.05,4.96,0.0,-1.0,-4.96,False,False
Wayfair US,23665,"Cozy Line Home Fashions, Inc.",Jaiden Lawlor,CLHF1204,Blankets And Throws,Bedding,0.05,4.96,0.0,-1.0,-4.96,False,False
Wayfair US,25843,"Bedshe International Co.,LTD",Rainbow Wu,BDUR1374,Blankets And Throws,Bedding,0.05,4.96,0.0,-1.0,-4.96,False,False
Wayfair US,1748,Revman International,Missy Paragamian,MSTT6530,Bedding Sets,Bedding,0.3436,4.94,6.92,0.40009999999999996,1.9799999999999995,True,True
Wayfair US,1748,Revman International,Missy Paragamian,TBL10959,Bedding Sets,Bedding,0.0489,4.94,34.45,5.9744,29.51,True,True
Wayfair US,1748,Revman International,Missy Paragamian,KBFC2841,Bedding Sets,Bedding,0.3245,4.94,17.54,2.5513,12.599999999999998,True,True
Wayfair US,1748,Revman International,Missy Paragamian,DRQH2116,Bedding Sets,Bedding,0.1748,4.94,0.0,-1.0,-4.94,False,False
Wayfair US,1748,Revman International,Missy Paragamian,ERB10977,Bedding Sets,Bedding,0.2069,4.92,0.0,-1.0,-4.92,False,False
Wayfair US,21028,EasyWay,Kate Schryver,WCOC1726,Accent Pillows,Bedding,0.1,4.91,24.55,4.0044,19.64,True,True
Wayfair US,1987,JLA Home,Missy Paragamian,VBDN1031,Kids Bedding Sets,Bedding,0.07,4.9,0.0,-1.0,-4.9,False,False
Wayfair US,25843,"Bedshe International Co.,LTD",Rainbow Wu,BDUR1925,Bedding Sets,Bedding,0.3922,4.87,0.0,-1.0,-4.87,False,False
Wayfair US,14556,Cathay Home Inc.,Benjamin Hannigan,CHRL8172,Sheets & Pillowcases,Bedding,0.08,4.87,8.12,0.6667000000000001,3.249999999999999,True,True
Wayfair US,2554,Pem America,Benjamin Hannigan,JYO10009,Kids Bedding Sets,Bedding,0.1788,4.85,0.0,-1.0,-4.85,False,False
Wayfair US,59132,South Point Home Fashions Inc.,Jessica Gu,SLPE1075,Kids Bedding Sets,Bedding,0.15,4.85,0.0,-1.0,-4.85,False,False
Wayfair US,11526,Modway Inc.,Kate Schryver,FOW3450,Accent Pillows,Bedding,0.5,4.85,0.0,-1.0,-4.85,False,False
Wayfair US,352358,"Shenzhen Eden Grove Decoration Co., LTD",Asia Supplier Service Desk,EENK1001,Accent Pillows,Bedding,0.18,4.83,0.0,-1.0,-4.83,False,False
Wayfair US,1987,JLA Home,Missy Paragamian,HUH1728,Accent Pillows,Bedding,0.02,4.83,0.0,-1.0,-4.83,False,False
Wayfair US,2554,Pem America,Benjamin Hannigan,SDCM1118,Bedding Sets,Bedding,0.1,4.81,0.0,-1.0,-4.81,False,False
Wayfair US,19319,I Enjoy Bedding Company,Madison Carvalho,JLYI1258,Sheets & Pillowcases,Bedding,0.2,4.81,0.0,-1.0,-4.81,False,False
Wayfair US,2554,Pem America,Benjamin Hannigan,SDCM1148,Blankets And Throws,Bedding,0.1764,4.81,0.0,-1.0,-4.81,False,False
Wayfair US,231496,"TEEMODERN, LLC dba Ethan Taylor",Alex Sarkisian,EHAA1766,Accent Pillows,Bedding,0.27,4.8,0.0,-1.0,-4.8,False,False
Wayfair US,1748,Revman International,Missy Paragamian,KBFC2695,Kids Bedding Sets,Bedding,0.4106,4.79,0.0,-1.0,-4.79,False,False
Wayfair US,1748,Revman International,Missy Paragamian,TBL10318,Bedding Sets,Bedding,0.4867,4.79,0.0,-1.0,-4.79,False,False
Wayfair US,7224,Greendale Home Fashions,Kate Schryver,GNF10076,Accent Pillows,Bedding,0.05,4.78,33.8,6.0785,29.019999999999996,True,True
Wayfair US,1748,Revman International,Missy Paragamian,MPPY1004,Sheets & Pillowcases,Bedding,0.27390000000000003,4.76,7.17,0.5073,2.41,True,True
Wayfair US,23665,"Cozy Line Home Fashions, Inc.",Jaiden Lawlor,CLHF1360,Bedding Sets,Bedding,0.05,4.75,0.0,-1.0,-4.75,False,False
Wayfair US,1987,JLA Home,Missy Paragamian,NCWA2530,Blankets And Throws,Bedding,0.02,4.75,0.0,-1.0,-4.75,False,False
Wayfair US,291,Surya,Alex Melius,YA69143,Accent Pillows,Bedding,0.1,4.75,0.0,-1.0,-4.75,False,False
Wayfair US,107502,QKXB INC,Asia Supplier Service Desk,JHAA1249,Accent Pillows,Bedding,0.3454,4.74,0.0,-1.0,-4.74,False,False
Wayfair US,25843,"Bedshe International Co.,LTD",Rainbow Wu,BDUR2364,Bedding Sets,Bedding,0.45,4.74,0.0,-1.0,-4.74,False,False
Wayfair US,107502,QKXB INC,Asia Supplier Service Desk,JHAA1202,Accent Pillows,Bedding,0.2,4.72,7.52,0.5925,2.8,True,True
Wayfair US,30354,IYS Enterprises Inc.,Charlie O'Brien,IYSE1258,Bedding Sets,Bedding,0.15,4.71,0.0,-1.0,-4.71,False,False
Wayfair US,22180,DesignArt Inc.,Maxwell Threlkeld,CBXL6881,Accent Pillows,Bedding,0.22,4.69,14.94,2.1875,10.25,True,True
Wayfair US,55893,WonderfulCo,lance Zhou,WNTX1186,Bedding Sets,Bedding,0.1,4.68,0.0,-1.0,-4.68,False,False
Wayfair US,13341,Intrepid International Trading Co,Isabella Keel,MNLX1454,Accent Pillows,Bedding,0.2,4.68,0.0,-1.0,-4.68,False,False
Wayfair US,291,Surya,Alex Melius,YA83853,Accent Pillows,Bedding,0.1,4.64,0.0,-1.0,-4.64,False,False
Wayfair US,2554,Pem America,Benjamin Hannigan,SDCM1270,Sheets & Pillowcases,Bedding,0.062400000000000004,4.64,16.89,2.6378,12.25,True,True
Wayfair US,2554,Pem America,Benjamin Hannigan,ZMIE1940,Kids Bedding Sets,Bedding,0.1,4.64,8.0,0.7234,3.3600000000000003,True,True
Wayfair US,1987,JLA Home,Missy Paragamian,JLZL1276,Bedding Sets,Bedding,0.07,4.63,0.0,-1.0,-4.63,False,False
Wayfair US,381,Safavieh,Alex Resnick,MRCR7817,Accent Pillows,Bedding,0.10339999999999999,4.62,0.0,-1.0,-4.62,False,False
Wayfair US,1748,Revman International,Missy Paragamian,TMBH1225,Bedding Accessories,Bedding,0.28,4.62,0.0,-1.0,-4.62,False,False
Wayfair US,35552,CAN_DesignArt Inc.,Paige Beattie,CBZG1573,Accent Pillows,Bedding,0.22,4.61,9.87,1.1384,5.259999999999999,True,True
Wayfair US,22180,DesignArt Inc.,Maxwell Threlkeld,CBZF7063,Accent Pillows,Bedding,0.22,4.61,16.79,2.6382,12.18,True,True
Wayfair US,22180,DesignArt Inc.,Maxwell Threlkeld,CBZF8817,Accent Pillows,Bedding,0.22,4.61,0.0,-1.0,-4.61,False,False
Wayfair US,35552,CAN_DesignArt Inc.,Paige Beattie,CBZF8575,Accent Pillows,Bedding,0.22,4.61,4.2,-0.08900000000000001,-0.41000000000000014,True,False
Wayfair US,35552,CAN_DesignArt Inc.,Paige Beattie,CBZF9019,Accent Pillows,Bedding,0.22,4.61,0.0,-1.0,-4.61,False,False
Wayfair US,35552,CAN_DesignArt Inc.,Paige Beattie,CBZF8969,Accent Pillows,Bedding,0.22,4.61,0.0,-1.0,-4.61,False,False
Wayfair US,22180,DesignArt Inc.,Maxwell Threlkeld,CBZG1612,Accent Pillows,Bedding,0.22,4.59,0.0,-1.0,-4.59,False,False
Wayfair US,1987,JLA Home,Missy Paragamian,CHMB1986,Blankets And Throws,Bedding,0.02,4.59,28.73,5.263999999999999,24.14,True,True
Wayfair US,23665,"Cozy Line Home Fashions, Inc.",Jaiden Lawlor,CLHF1156,Bedding Sets,Bedding,0.05,4.58,0.0,-1.0,-4.58,False,False
Wayfair US,55893,WonderfulCo,lance Zhou,LATG2348,Bedding Sets,Bedding,0.1,4.58,5.91,0.2893,1.33,True,True
Wayfair US,291,Surya,Alex Melius,YA74613,Accent Pillows,Bedding,0.1,4.58,0.0,-1.0,-4.58,False,False
Wayfair US,25843,"Bedshe International Co.,LTD",Rainbow Wu,BDUR3079,Bedding Sets,Bedding,0.38,4.58,40.39,7.8234,35.81,True,True
Wayfair US,25843,"Bedshe International Co.,LTD",Rainbow Wu,BDUR3010,Blankets And Throws,Bedding,0.05,4.57,44.52,8.7447,39.95,True,True
Wayfair US,10088,Rennie & Rose,Supplier Service Desk,HIDN5819,Accent Pillows,Bedding,0.09,4.55,31.19,5.8527,26.64,True,True
Wayfair US,231496,"TEEMODERN, LLC dba Ethan Taylor",Alex Sarkisian,EHAA6182,Accent Pillows,Bedding,0.27,4.55,9.17,1.0138,4.62,True,True
Wayfair US,17539,BNF Home,lance Zhou,AGTG2726,Bedding Sets,Bedding,0.1,4.55,0.0,-1.0,-4.55,False,False
Wayfair US,231459,Fabdivine LLC,Benjamin Hannigan,DBDI1160,Accent Pillows,Bedding,0.18,4.55,0.0,-1.0,-4.55,False,False
Wayfair US,1748,Revman International,Missy Paragamian,ERB10989,Bedding Sets,Bedding,0.2027,4.55,0.0,-1.0,-4.55,False,False
Wayfair US,1748,Revman International,Missy Paragamian,MBVB1746,Sheets & Pillowcases,Bedding,0.2727,4.54,0.0,-1.0,-4.54,False,False
Wayfair US,291,Surya,Alex Melius,YA81479,Accent Pillows,Bedding,0.1,4.53,19.74,3.353,15.209999999999997,True,True
Wayfair US,23665,"Cozy Line Home Fashions, Inc.",Jaiden Lawlor,CLHF1152,Bedding Sets,Bedding,0.05,4.53,12.64,1.7921,8.11,True,True
Wayfair US,231459,Fabdivine LLC,Benjamin Hannigan,BGLT1257,Accent Pillows,Bedding,0.18,4.53,0.0,-1.0,-4.53,False,False
Wayfair US,1748,Revman International,Missy Paragamian,KBFC1922,Accent Pillows,Bedding,0.3309,4.52,4.96,0.09759999999999999,0.4400000000000004,True,True
Wayfair US,23665,"Cozy Line Home Fashions, Inc.",Jaiden Lawlor,CLHF1210,Bedding Sets,Bedding,0.05,4.51,0.0,-1.0,-4.51,False,False
Wayfair US,55886,EFPerfect,Aria LI,HRLA1289,Bedding Accessories,Bedding,0.29,4.49,10.23,1.2776,5.74,True,True
Wayfair US,2554,Pem America,Benjamin Hannigan,SDCM1073,Bedding Sets,Bedding,0.1,4.49,27.38,5.0953,22.89,True,True
Wayfair US,14556,Cathay Home Inc.,Benjamin Hannigan,EIFT1003,Bedding Sets,Bedding,0.12,4.49,18.69,3.1656,14.200000000000001,True,True
Wayfair US,2740,Home City Inc.,Jaiden Lawlor,ZYWR2288,Sheets & Pillowcases,Bedding,0.07,4.48,16.27,2.6324,11.79,True,True
Wayfair US,14925,Lichtenberg,Missy Paragamian,GDIG1133,Blankets And Throws,Bedding,0.2,4.47,0.0,-1.0,-4.47,False,False
Wayfair US,10088,Rennie & Rose,Supplier Service Desk,HIDN5818,Accent Pillows,Bedding,0.12,4.46,0.0,-1.0,-4.46,False,False
Wayfair US,7920,Riztex USA,Brianna Barrett,RZY11183,Accent Pillows,Bedding,0.25,4.46,0.0,-1.0,-4.46,False,False
Wayfair US,291,Surya,Alex Melius,YA74569,Accent Pillows,Bedding,0.1,4.45,0.0,-1.0,-4.45,False,False
Wayfair US,1748,Revman International,Missy Paragamian,TBL10918,Sheets & Pillowcases,Bedding,0.0713,4.45,40.59,8.1296,36.14,True,True
Wayfair US,1748,Revman International,Missy Paragamian,MSTT6532,Bedding Sets,Bedding,0.2882,4.45,11.58,1.6046,7.13,True,True
Wayfair US,17102,Trade-Linker,Jaiden Lawlor,BBHO1040,Bedding Sets,Bedding,0.15,4.45,0.0,-1.0,-4.45,False,False
Wayfair US,1748,Revman International,Missy Paragamian,TBL10320,Accent Pillows,Bedding,0.37329999999999997,4.45,0.0,-1.0,-4.45,False,False
Wayfair US,1748,Revman International,Missy Paragamian,BCTS1342,Bedding Sets,Bedding,0.17579999999999998,4.45,9.6,1.1592,5.1499999999999995,True,True
Wayfair US,1748,Revman International,Missy Paragamian,TBL10443,Bed Skirts,Bedding,0.23800000000000002,4.44,5.06,0.1399,0.6199999999999992,True,True
Wayfair US,35552,CAN_DesignArt Inc.,Paige Beattie,CBZF7032,Accent Pillows,Bedding,0.22,4.42,0.0,-1.0,-4.42,False,False
Wayfair US,19319,I Enjoy Bedding Company,Madison Carvalho,JLYI1135,Sheets & Pillowcases,Bedding,0.2,4.42,0.0,-1.0,-4.42,False,False
Wayfair US,83537,CAREGIVERS OF POTOMAC,Supplier Service Desk,PTOM1072,Blankets And Throws,Bedding,0.15,4.41,23.29,4.2860000000000005,18.88,True,True
Wayfair US,24282,"Nanshing America, Inc.",Jaiden Lawlor,MBSR1047,Bedding Sets,Bedding,0.1,4.4,0.0,-1.0,-4.4,False,False
Wayfair US,19319,I Enjoy Bedding Company,Madison Carvalho,JLYI1124,Bedding Sets,Bedding,0.2,4.39,7.46,0.6981999999999999,3.0700000000000003,True,True
Wayfair US,19567,Mytex,Supplier Service Desk,BDAR1032,Bedding Sets,Bedding,0.15,4.37,0.0,-1.0,-4.37,False,False
Wayfair US,2554,Pem America,Benjamin Hannigan,CTGC1004,Bedding Sets,Bedding,0.1813,4.37,0.0,-1.0,-4.37,False,False
Wayfair US,80197,CENTRADE INC.,Jessica Gu,WWMA1046,Accent Pillows,Bedding,0.17,4.36,0.0,-1.0,-4.36,False,False
Wayfair US,1748,Revman International,Missy Paragamian,MSTT6531,Blankets And Throws,Bedding,0.3224,4.36,13.39,2.0732,9.030000000000001,True,True
Wayfair US,2740,Home City Inc.,Jaiden Lawlor,ZYWR1227,Bedding Sets,Bedding,0.07,4.35,15.98,2.6702,11.63,True,True
Wayfair US,1748,Revman International,Missy Paragamian,KCN10062,Bedding Sets,Bedding,0.2378,4.35,26.99,5.2096,22.64,True,True
Wayfair US,1987,JLA Home,Missy Paragamian,HUH1103,Bedding Sets,Bedding,0.02,4.32,0.0,-1.0,-4.32,False,False
Wayfair US,2554,Pem America,Benjamin Hannigan,UCXE1092,Blankets And Throws,Bedding,0.1,4.32,0.0,-1.0,-4.32,False,False
Wayfair US,1748,Revman International,Missy Paragamian,BCTS1341,Bedding Sets,Bedding,0.17579999999999998,4.31,12.21,1.8331,7.900000000000001,True,True
Wayfair US,291,Surya,Alex Melius,YA85184,Accent Pillows,Bedding,0.1,4.28,0.0,-1.0,-4.28,False,False
Wayfair US,24696,Daniel Linen/Home Sweet Home Dreams Inc.,Supplier Service Desk,HSHD1062,Sheets & Pillowcases,Bedding,0.02,4.28,28.83,5.741499999999999,24.549999999999997,True,True
Wayfair US,23665,"Cozy Line Home Fashions, Inc.",Jaiden Lawlor,CLHF1037,Bedding Sets,Bedding,0.05,4.28,0.0,-1.0,-4.28,False,False
Wayfair US,7920,Riztex USA,Brianna Barrett,RZY11081,Accent Pillows,Bedding,0.25,4.27,0.0,-1.0,-4.27,False,False
Wayfair US,7920,Riztex USA,Brianna Barrett,RZY11353,Accent Pillows,Bedding,0.25,4.27,18.84,3.4111000000000002,14.57,True,True
Wayfair US,1987,JLA Home,Missy Paragamian,NGIN1257,Bedding Sets,Bedding,0.1,4.27,19.68,3.6124,15.41,True,True
Wayfair US,19319,I Enjoy Bedding Company,Madison Carvalho,JLYI1012,Bedding Sets,Bedding,0.2,4.26,0.0,-1.0,-4.26,False,False
Wayfair US,7920,Riztex USA,Brianna Barrett,RZY11372,Accent Pillows,Bedding,0.25,4.24,6.24,0.47090000000000004,2.0,True,True
Wayfair US,23665,"Cozy Line Home Fashions, Inc.",Jaiden Lawlor,CLHF1181,Bedding Sets,Bedding,0.05,4.23,0.0,-1.0,-4.23,False,False
Wayfair US,72667,"Jiangsu Meideni Textile CO.,LTD",lance Zhou,ALDL1090,Bedding Sets,Bedding,0.21,4.23,0.0,-1.0,-4.23,False,False
Wayfair US,82119,11243098 Canada Inc,Kyle Pascale,QLR11901,Accent Pillows,Bedding,0.05,4.23,15.62,2.697,11.389999999999999,True,True
Wayfair US,25843,"Bedshe International Co.,LTD",Rainbow Wu,BDUR1870,Blankets And Throws,Bedding,0.05,4.21,22.88,4.4365,18.669999999999998,True,True
Wayfair US,24696,Daniel Linen/Home Sweet Home Dreams Inc.,Supplier Service Desk,HSHD1497,Accent Pillows,Bedding,0.05,4.2,0.0,-1.0,-4.2,False,False
Wayfair US,23665,"Cozy Line Home Fashions, Inc.",Jaiden Lawlor,CLHF1064,Bedding Sets,Bedding,0.05,4.2,14.62,2.4809,10.419999999999998,True,True
Wayfair US,1987,JLA Home,Missy Paragamian,MITN5068,Bedding Sets,Bedding,0.12,4.19,0.0,-1.0,-4.19,False,False
Wayfair US,156771,Noori Home LLC,Carly Baker,MLDW9584,Accent Pillows,Bedding,0.28,4.18,0.0,-1.0,-4.18,False,False
Wayfair US,40097,jml trading llc,Asia Supplier Service Desk,JMLT1910,Bedding Sets,Bedding,0.05,4.15,18.61,3.483,14.459999999999999,True,True
Wayfair US,7920,Riztex USA,Brianna Barrett,RZY10611,Accent Pillows,Bedding,0.25,4.15,19.16,3.615,15.01,True,True
Wayfair US,7920,Riztex USA,Brianna Barrett,RZY11193,Accent Pillows,Bedding,0.25,4.15,0.0,-1.0,-4.15,False,False
Wayfair US,35552,CAN_DesignArt Inc.,Paige Beattie,CBZG2264,Accent Pillows,Bedding,0.22,4.15,0.0,-1.0,-4.15,False,False
Wayfair US,81153,Delmar Decor,Supplier Service Desk,DBMA1055,Accent Pillows,Bedding,0.4996,4.14,10.88,1.6255000000000002,6.740000000000001,True,True
Wayfair US,291,Surya,Alex Melius,YA74591,Accent Pillows,Bedding,0.1,4.14,4.55,0.1001,0.41000000000000014,True,True
Wayfair US,2740,Home City Inc.,Jaiden Lawlor,ZPCD3906,Sheets & Pillowcases,Bedding,0.07,4.13,0.0,-1.0,-4.13,False,False
Wayfair US,43431,ocean home fashion inc,Asia Supplier Service Desk,MRCL1014,Blankets And Throws,Bedding,0.11,4.12,12.8,2.1090999999999998,8.68,True,True
Wayfair US,65656,Topfinel,Elvira Tang,TPFI1055,Accent Pillows,Bedding,0.45,4.11,0.0,-1.0,-4.11,False,False
Wayfair US,1987,JLA Home,Missy Paragamian,WLAO4094,Accent Pillows,Bedding,0.02,4.11,14.92,2.6311,10.809999999999999,True,True
Wayfair US,35160,Lava Garden Inc.,Supplier Service Desk,ACRY1615,Accent Pillows,Bedding,0.2,4.1,26.69,5.5185,22.590000000000003,True,True
Wayfair US,78708,Foshan Shiyue (Visionary) Trading Limited Company,Benjamin Hannigan,VSIO1107,Accent Pillows,Bedding,0.15,4.09,0.0,-1.0,-4.09,False,False
Wayfair US,35160,Lava Garden Inc.,Supplier Service Desk,ACRY2744,Accent Pillows,Bedding,0.2,4.08,3.88,-0.0475,-0.20000000000000018,True,False
Wayfair US,78708,Foshan Shiyue (Visionary) Trading Limited Company,Benjamin Hannigan,VSIO1099,Accent Pillows,Bedding,0.15,4.04,0.0,-1.0,-4.04,False,False
Wayfair US,291,Surya,Alex Melius,YA74576,Accent Pillows,Bedding,0.1,4.04,0.0,-1.0,-4.04,False,False
Wayfair US,14556,Cathay Home Inc.,Benjamin Hannigan,DRVU1199,Bedding Sets,Bedding,0.18,4.03,15.27,2.7862999999999998,11.239999999999998,True,True
Wayfair US,23665,"Cozy Line Home Fashions, Inc.",Jaiden Lawlor,CLHF1200,Bedding Sets,Bedding,0.05,4.03,0.0,-1.0,-4.03,False,False
Wayfair US,7920,Riztex USA,Brianna Barrett,RZY10674,Accent Pillows,Bedding,0.25,4.02,0.0,-1.0,-4.02,False,False
Wayfair US,24120,JABA USA,Supplier Service Desk,SCAE1507,Bedding Sets,Bedding,0.239,4.01,0.0,-1.0,-4.01,False,False
Wayfair US,8586,Stupell Industries,Alex Sarkisian,VYHH3502,Accent Pillows,Bedding,0.2,4.01,0.0,-1.0,-4.01,False,False
Wayfair US,43431,ocean home fashion inc,Asia Supplier Service Desk,MRCL1077,Bedding Sets,Bedding,0.11,4.0,0.0,-1.0,-4.0,False,False
Wayfair US,1987,JLA Home,Missy Paragamian,CHRH6447,Bedding Sets,Bedding,0.07,4.0,12.4,2.0999,8.4,True,True
Wayfair US,29398,CAN_HUI Resource,Supplier Service Desk,PBHM3435,Accent Pillows,Bedding,0.35,4.0,7.59,0.9007,3.59,True,True
Wayfair US,1987,JLA Home,Missy Paragamian,NGIN1201,Bedding Sets,Bedding,0.1,3.99,8.78,1.203,4.789999999999999,True,True
Wayfair US,1093,Trademark Global,Karolina Coulter,OSBL1004,Bedding Sets,Bedding,0.4,3.98,0.0,-1.0,-3.98,False,False
Wayfair US,2554,Pem America,Benjamin Hannigan,PHBC1037,Bedding Sets,Bedding,0.1,3.98,0.0,-1.0,-3.98,False,False
Wayfair US,2740,Home City Inc.,Jaiden Lawlor,RDBL5820,Sheets & Pillowcases,Bedding,0.07,3.96,0.0,-1.0,-3.96,False,False
Wayfair US,107502,QKXB INC,Asia Supplier Service Desk,JHAA1175,Accent Pillows,Bedding,0.4832,3.95,0.0,-1.0,-3.95,False,False
Wayfair US,25843,"Bedshe International Co.,LTD",Rainbow Wu,BDUR1382,Bedding Sets,Bedding,0.15,3.94,10.88,1.7641,6.940000000000001,True,True
Wayfair US,17539,BNF Home,lance Zhou,HREN1275,Bedding Sets,Bedding,0.1,3.93,24.84,5.3174,20.91,True,True
Wayfair US,17539,BNF Home,lance Zhou,HREN1267,Bedding Sets,Bedding,0.1,3.93,0.0,-1.0,-3.93,False,False
Wayfair US,17539,BNF Home,lance Zhou,HREN1280,Bedding Sets,Bedding,0.1,3.93,0.0,-1.0,-3.93,False,False
Wayfair US,17102,Trade-Linker,Jaiden Lawlor,BMCM1007,Sheets & Pillowcases,Bedding,0.12,3.93,4.27,0.0857,0.3399999999999994,True,True
Wayfair US,29398,CAN_HUI Resource,Supplier Service Desk,PBHM3159,Accent Pillows,Bedding,0.35,3.93,12.21,2.1108000000000002,8.280000000000001,True,True
Wayfair US,35552,CAN_DesignArt Inc.,Paige Beattie,CBZG1000,Accent Pillows,Bedding,0.22,3.92,4.93,0.2585,1.0099999999999998,True,True
Wayfair US,8586,Stupell Industries,Alex Sarkisian,VYHA5275,Accent Pillows,Bedding,0.2,3.91,0.0,-1.0,-3.91,False,False
Wayfair US,19567,Mytex,Supplier Service Desk,CST60544,Bedding Sets,Bedding,0.15,3.9,11.03,1.8327,7.129999999999999,True,True
Wayfair US,1987,JLA Home,Missy Paragamian,VBDN1041,Kids Bedding Sets,Bedding,0.1,3.89,0.0,-1.0,-3.89,False,False
Wayfair US,25843,"Bedshe International Co.,LTD",Rainbow Wu,BDUR2356,Bedding Sets,Bedding,0.52,3.89,0.0,-1.0,-3.89,False,False
Wayfair US,231459,Fabdivine LLC,Benjamin Hannigan,DBDI1531,Accent Pillows,Bedding,0.19,3.89,0.0,-1.0,-3.89,False,False
Wayfair US,291,Surya,Alex Melius,BL11545,Accent Pillows,Bedding,0.1,3.86,0.0,-1.0,-3.86,False,False
Wayfair US,55893,WonderfulCo,lance Zhou,WNTX1097,Bedding Sets,Bedding,0.1,3.84,0.0,-1.0,-3.84,False,False
Wayfair US,1748,Revman International,Missy Paragamian,MSTT6518,Sheets & Pillowcases,Bedding,0.1677,3.83,0.0,-1.0,-3.83,False,False
Wayfair US,1748,Revman International,Missy Paragamian,BCTS1265,Bedding Sets,Bedding,0.2305,3.83,0.0,-1.0,-3.83,False,False
Wayfair US,80197,CENTRADE INC.,Jessica Gu,WWMA1048,Accent Pillows,Bedding,0.17,3.83,0.0,-1.0,-3.83,False,False
Wayfair US,35160,Lava Garden Inc.,Supplier Service Desk,WRSE2466,Accent Pillows,Bedding,0.1,3.82,4.09,0.0713,0.27,True,True
Wayfair US,214227,"Caluha Company, LLC",Supplier Service Desk,UBAD1000,Accent Pillows,Bedding,0.15,3.81,0.0,-1.0,-3.81,False,False
Wayfair US,2554,Pem America,Benjamin Hannigan,KBPN1128,Bedding Sets,Bedding,0.1,3.8,14.55,2.8310000000000004,10.75,True,True
Wayfair US,1748,Revman International,Missy Paragamian,QO10490,Bedding Sets,Bedding,0.2807,3.79,25.88,5.820399999999999,22.09,True,True
Wayfair US,291,Surya,Alex Melius,YA69142,Accent Pillows,Bedding,0.1,3.76,0.0,-1.0,-3.76,False,False
Wayfair US,291,Surya,Alex Melius,YA82226,Accent Pillows,Bedding,0.1,3.76,89.88,22.916999999999998,86.11999999999999,True,True
Wayfair US,65656,Topfinel,Elvira Tang,TPFI1056,Accent Pillows,Bedding,0.45,3.75,0.0,-1.0,-3.75,False,False
Wayfair US,381,Safavieh,Alex Resnick,FVAD3223,Accent Pillows,Bedding,0.10339999999999999,3.74,5.87,0.5670000000000001,2.13,True,True
Wayfair US,291,Surya,Alex Melius,YA81477,Accent Pillows,Bedding,0.1,3.74,2.42,-0.35259999999999997,-1.3200000000000003,True,False
Wayfair US,291,Surya,Alex Melius,YA69819,Blankets And Throws,Bedding,0.1,3.74,18.69,4.0,14.950000000000001,True,True
Wayfair US,291,Surya,Alex Melius,YA76815,Accent Pillows,Bedding,0.1,3.73,24.13,5.4787,20.4,True,True
Wayfair US,17539,BNF Home,lance Zhou,LFMF1144,Blankets And Throws,Bedding,0.1,3.7,16.51,3.4576,12.810000000000002,True,True
Wayfair US,1987,JLA Home,Missy Paragamian,BGLT1679,Bedding Sets,Bedding,0.07,3.7,0.0,-1.0,-3.7,False,False
Wayfair US,19319,I Enjoy Bedding Company,Madison Carvalho,JLYI1178,Bedding Sets,Bedding,0.2,3.7,5.9,0.5959,2.2,True,True
Wayfair US,25843,"Bedshe International Co.,LTD",Rainbow Wu,BDUR2387,Bedding Sets,Bedding,0.37,3.7,20.38,4.5087,16.68,True,True
Wayfair US,1987,JLA Home,Missy Paragamian,SLPH1141,Blankets And Throws,Bedding,0.02,3.7,48.28,12.066300000000002,44.58,True,True
Wayfair US,40097,jml trading llc,Asia Supplier Service Desk,JMLT1472,Blankets And Throws,Bedding,0.1,3.68,0.0,-1.0,-3.68,False,False
Wayfair US,228805,IMPERIAL HOMEWARE LONDON LIMITED,Supplier Service Desk,IPCR1102,Bedding Sets,Bedding,0.1,3.68,2.85,-0.2245,-0.8300000000000001,True,False
Wayfair US,1748,Revman International,Missy Paragamian,WRG10075,Blankets And Throws,Bedding,0.28059999999999996,3.67,7.7,1.0957999999999999,4.03,True,True
Wayfair US,12608,Lifestyle,Paige Beattie,BLMA3639,Accent Pillows,Bedding,0.35,3.67,0.0,-1.0,-3.67,False,False
Wayfair US,381,Safavieh,Alex Resnick,EYQN1256,Accent Pillows,Bedding,0.10339999999999999,3.67,24.45,5.6667,20.78,True,True
Wayfair US,17539,BNF Home,lance Zhou,HREN1367,Bedding Sets,Bedding,0.1,3.66,0.0,-1.0,-3.66,False,False
Wayfair US,1987,JLA Home,Missy Paragamian,JLZL1214,Bedding Sets,Bedding,0.02,3.65,0.0,-1.0,-3.65,False,False
Wayfair US,1987,JLA Home,Missy Paragamian,HSHM1795,Bedding Sets,Bedding,0.1,3.64,52.17,13.341199999999999,48.53,True,True
Wayfair US,19567,Mytex,Supplier Service Desk,ACXB1045,Kids Bedding Sets,Bedding,0.15,3.63,9.69,1.6665,6.06,True,True
Wayfair US,49868,moonfairyco,Supplier Service Desk,MOFC1308,Accent Pillows,Bedding,0.2,3.63,67.7,17.6665,64.07000000000001,True,True
Wayfair US,19319,I Enjoy Bedding Company,Madison Carvalho,BCCY1037,Accent Pillows,Bedding,0.2,3.63,10.18,1.8074000000000001,6.55,True,True
Wayfair US,1987,JLA Home,Missy Paragamian,BADI1254,Bedding Sets,Bedding,0.02,3.62,0.0,-1.0,-3.62,False,False
Wayfair US,1987,JLA Home,Missy Paragamian,CKSC1000,Accent Pillows,Bedding,0.07,3.62,0.0,-1.0,-3.62,False,False
Wayfair US,214227,"Caluha Company, LLC",Supplier Service Desk,UBAD1039,Accent Pillows,Bedding,0.15,3.61,0.0,-1.0,-3.61,False,False
Wayfair US,381,Safavieh,Alex Resnick,FV79156,Blankets And Throws,Bedding,0.1035,3.6,0.0,-1.0,-3.6,False,False
Wayfair US,2740,Home City Inc.,Jaiden Lawlor,ZYWR1855,Bedding Sets,Bedding,0.07,3.59,22.24,5.1906,18.65,True,True
Wayfair US,19319,I Enjoy Bedding Company,Madison Carvalho,BCCY1019,Bedding Sets,Bedding,0.2,3.59,25.06,5.9824,21.47,True,True
Wayfair US,58537,Covers And All,Kate Schryver,OALL2674,Accent Pillows,Bedding,0.13,3.59,0.0,-1.0,-3.59,False,False
Wayfair US,2554,Pem America,Benjamin Hannigan,AVEF1014,Sheets & Pillowcases,Bedding,0.1,3.59,0.0,-1.0,-3.59,False,False
Wayfair US,76195,Ulli Home,Jaiden Lawlor,ULIH2812,Accent Pillows,Bedding,0.07,3.57,46.04,11.893699999999999,42.47,True,True
Wayfair US,17539,BNF Home,lance Zhou,SOFH1159,Bedding Sets,Bedding,0.1,3.56,0.0,-1.0,-3.56,False,False
Wayfair US,19567,Mytex,Supplier Service Desk,CST60542,Bedding Sets,Bedding,0.15,3.55,0.0,-1.0,-3.55,False,False
Wayfair US,291,Surya,Alex Melius,YA83231,Accent Pillows,Bedding,0.1,3.54,13.77,2.8856,10.23,True,True
Wayfair US,163297,Zhejiang Deodar Industry Co Ltd (USA),Asia Supplier Service Desk,AAHZ1027,Blankets And Throws,Bedding,0.5,3.51,14.83,3.2239,11.32,True,True
Wayfair US,7920,Riztex USA,Brianna Barrett,RZY11534,Accent Pillows,Bedding,0.25,3.51,0.0,-1.0,-3.51,False,False
Wayfair US,19319,I Enjoy Bedding Company,Madison Carvalho,JLYI1176,Bedding Sets,Bedding,0.2,3.51,0.0,-1.0,-3.51,False,False
Wayfair US,43431,ocean home fashion inc,Asia Supplier Service Desk,MRCL1187,Bedding Sets,Bedding,0.11,3.49,1.18,-0.6611,-2.3100000000000005,True,False
Wayfair US,12608,Lifestyle,Paige Beattie,BGLS1078,Blankets And Throws,Bedding,0.35,3.48,9.56,1.744,6.08,True,True
Wayfair US,2554,Pem America,Benjamin Hannigan,SDCM1256,Sheets & Pillowcases,Bedding,0.0591,3.48,0.0,-1.0,-3.48,False,False
Wayfair US,35552,CAN_DesignArt Inc.,Paige Beattie,CBZG1568,Accent Pillows,Bedding,0.22,3.48,0.0,-1.0,-3.48,False,False
Wayfair US,76195,Ulli Home,Jaiden Lawlor,ULIH2833,Accent Pillows,Bedding,0.07,3.47,11.31,2.2631,7.84,True,True
Wayfair US,22180,DesignArt Inc.,Maxwell Threlkeld,CBXL6735,Accent Pillows,Bedding,0.22,3.46,0.0,-1.0,-3.46,False,False
Wayfair US,32808,CAN_Cathay Home Inc.,Paige Beattie,EDIV1238,Bedding Sets,Bedding,0.4,3.46,0.0,-1.0,-3.46,False,False
Wayfair US,1748,Revman International,Missy Paragamian,MBVB1858,Kids Bedding Sets,Bedding,0.26899999999999996,3.46,10.04,1.9034,6.579999999999999,True,True
Wayfair US,12608,Lifestyle,Paige Beattie,UNOR2904,Accent Pillows,Bedding,0.22,3.45,0.0,-1.0,-3.45,False,False
Wayfair US,291,Surya,Alex Melius,BOXS1068,Blankets And Throws,Bedding,0.1,3.44,0.0,-1.0,-3.44,False,False
Wayfair US,17539,BNF Home,lance Zhou,WRME4350,Blankets And Throws,Bedding,0.1,3.44,0.0,-1.0,-3.44,False,False
Wayfair US,1987,JLA Home,Missy Paragamian,BBMT2376,Bedding Sets,Bedding,0.07,3.43,10.63,2.0991,7.200000000000001,True,True
Wayfair US,1748,Revman International,Missy Paragamian,XRT10031,Bedding Sets,Bedding,0.1406,3.43,0.0,-1.0,-3.43,False,False
Wayfair US,291,Surya,Alex Melius,YA70008,Bedding Sets,Bedding,0.1,3.42,0.0,-1.0,-3.42,False,False
Wayfair US,214424,ZhejiangNanFengJinChukouYouXianGongSi,Elvira Tang,BPOS1257,Accent Pillows,Bedding,0.3,3.41,8.8,1.5837,5.390000000000001,True,True
Wayfair US,23665,"Cozy Line Home Fashions, Inc.",Jaiden Lawlor,CLHF1050,Accent Pillows,Bedding,0.05,3.4,0.0,-1.0,-3.4,False,False
Wayfair US,2554,Pem America,Benjamin Hannigan,SDCM1248,Bedding Sets,Bedding,0.1,3.4,0.0,-1.0,-3.4,False,False
Wayfair US,2554,Pem America,Benjamin Hannigan,RYV10017,Bedding Sets,Bedding,0.1,3.4,10.18,1.9994999999999998,6.779999999999999,True,True
Wayfair US,37327,Instyle Products Corp,Rikki Sartor,BGLS8972,Bedding Sets,Bedding,0.24,3.39,11.43,2.3697,8.04,True,True
Wayfair US,14580,Amrapur Overseas Inc.,Jaiden Lawlor,MDER1161,Sheets & Pillowcases,Bedding,0.15,3.38,3.94,0.1637,0.56,True,True
Wayfair US,2554,Pem America,Benjamin Hannigan,CANN1133,Bedding Sets,Bedding,0.1,3.38,0.0,-1.0,-3.38,False,False
Wayfair US,2554,Pem America,Benjamin Hannigan,BCMH3036,Bedding Sets,Bedding,0.1,3.38,0.0,-1.0,-3.38,False,False
Wayfair US,291,Surya,Alex Melius,YA69460,Accent Pillows,Bedding,0.1,3.37,0.0,-1.0,-3.37,False,False
Wayfair US,8586,Stupell Industries,Alex Sarkisian,VYH42530,Accent Pillows,Bedding,0.2,3.37,0.0,-1.0,-3.37,False,False
Wayfair US,291,Surya,Alex Melius,YA71748,Accent Pillows,Bedding,0.1,3.36,5.93,0.7643000000000001,2.57,True,True
Wayfair US,1093,Trademark Global,Karolina Coulter,OSBL1021,Blankets And Throws,Bedding,0.4,3.36,0.0,-1.0,-3.36,False,False
Wayfair US,35552,CAN_DesignArt Inc.,Paige Beattie,URHE6895,Accent Pillows,Bedding,0.22,3.36,0.0,-1.0,-3.36,False,False
Wayfair US,1748,Revman International,Missy Paragamian,OCHI1047,Bedding Sets,Bedding,0.0495,3.35,9.88,1.9465999999999999,6.530000000000001,True,True
Wayfair US,1987,JLA Home,Missy Paragamian,CHLH5831,Sheets & Pillowcases,Bedding,0.02,3.35,21.91,5.5335,18.56,True,True
Wayfair US,17539,BNF Home,lance Zhou,HREN1435,Bedding Sets,Bedding,0.1,3.35,0.0,-1.0,-3.35,False,False
Wayfair US,1748,Revman International,Missy Paragamian,VRWG2197,Bedding Sets,Bedding,0.3345,3.33,0.0,-1.0,-3.33,False,False
Wayfair US,19319,I Enjoy Bedding Company,Madison Carvalho,JLYI1208,Bedding Sets,Bedding,0.2,3.33,0.0,-1.0,-3.33,False,False
Wayfair US,24282,"Nanshing America, Inc.",Jaiden Lawlor,MBSR1388,Bedding Sets,Bedding,0.1,3.33,0.0,-1.0,-3.33,False,False
Wayfair US,23665,"Cozy Line Home Fashions, Inc.",Jaiden Lawlor,CLHF1432,Bedding Sets,Bedding,0.05,3.33,0.0,-1.0,-3.33,False,False
Wayfair US,59132,South Point Home Fashions Inc.,Jessica Gu,SLPE1102,Blankets And Throws,Bedding,0.15,3.32,0.0,-1.0,-3.32,False,False
Wayfair US,81153,Delmar Decor,Supplier Service Desk,DBMA1053,Accent Pillows,Bedding,0.0762,3.3,1.66,-0.4966,-1.64,True,False
Wayfair US,15611,"All Strong Industry USA, Inc.",Madison Carvalho,DELN1005,Blankets And Throws,Bedding,0.29,3.3,0.0,-1.0,-3.3,False,False
Wayfair US,19319,I Enjoy Bedding Company,Madison Carvalho,BCCY1044,Accent Pillows,Bedding,0.2,3.3,0.0,-1.0,-3.3,False,False
Wayfair US,63138,"Changshu Youthsky Import Export Co.,Ltd",Jessica Gu,SEPL1034,Bedding Sets,Bedding,0.05,3.29,4.27,0.30010000000000003,0.9799999999999995,True,True
Wayfair US,55893,WonderfulCo,lance Zhou,WNTX1124,Kids Bedding Sets,Bedding,0.1,3.26,0.0,-1.0,-3.26,False,False
Wayfair US,291,Surya,Alex Melius,GAXL1125,Accent Pillows,Bedding,0.1,3.26,0.0,-1.0,-3.26,False,False
Wayfair US,67551,"Suzhou lanqinglv Trading co,. ltd",lance Zhou,OELA1381,Kids Bedding Sets,Bedding,0.33,3.26,17.21,4.2797,13.950000000000001,True,True
Wayfair US,24120,JABA USA,Supplier Service Desk,SCAE1426,Bedding Sets,Bedding,0.247,3.25,4.31,0.3282,1.0599999999999996,True,True
Wayfair US,2554,Pem America,Benjamin Hannigan,KBPN1058,Bedding Sets,Bedding,0.0771,3.24,31.33,8.6847,28.089999999999996,True,True
Wayfair US,19567,Mytex,Supplier Service Desk,ACXB1046,Kids Bedding Sets,Bedding,0.15,3.23,0.0,-1.0,-3.23,False,False
Wayfair US,2554,Pem America,Benjamin Hannigan,SDCM1245,Bedding Sets,Bedding,0.1,3.23,0.0,-1.0,-3.23,False,False
Wayfair US,1748,Revman International,Missy Paragamian,MPPY1007,Sheets & Pillowcases,Bedding,0.27390000000000003,3.21,0.0,-1.0,-3.21,False,False
Wayfair US,22180,DesignArt Inc.,Maxwell Threlkeld,CBXL6842,Accent Pillows,Bedding,0.22,3.19,0.0,-1.0,-3.19,False,False
Wayfair US,2554,Pem America,Benjamin Hannigan,FYEB1017,Sheets & Pillowcases,Bedding,0.1,3.18,11.64,2.6592000000000002,8.46,True,True
Wayfair US,2554,Pem America,Benjamin Hannigan,UCXE1108,Blankets And Throws,Bedding,0.1,3.17,0.0,-1.0,-3.17,False,False
Wayfair US,291,Surya,Alex Melius,YA69703,Accent Pillows,Bedding,0.1,3.16,4.75,0.5002,1.5899999999999999,True,True
Wayfair US,24282,"Nanshing America, Inc.",Jaiden Lawlor,MBSR1231,Bedding Sets,Bedding,0.1,3.16,0.0,-1.0,-3.16,False,False
Wayfair US,43431,ocean home fashion inc,Asia Supplier Service Desk,MRCL1087,Bedding Sets,Bedding,0.11,3.16,9.38,1.9665000000000001,6.220000000000001,True,True
Wayfair US,23665,"Cozy Line Home Fashions, Inc.",Jaiden Lawlor,CLHF1208,Blankets And Throws,Bedding,0.05,3.14,0.0,-1.0,-3.14,False,False
Wayfair US,8586,Stupell Industries,Alex Sarkisian,VYHA5292,Accent Pillows,Bedding,0.2,3.13,0.0,-1.0,-3.13,False,False
Wayfair US,7920,Riztex USA,Brianna Barrett,RZY11025,Accent Pillows,Bedding,0.25,3.12,31.4,9.0609,28.279999999999998,True,True
Wayfair US,22180,DesignArt Inc.,Maxwell Threlkeld,CBZF6852,Accent Pillows,Bedding,0.22,3.12,0.0,-1.0,-3.12,False,False
Wayfair US,7920,Riztex USA,Brianna Barrett,RZY11178,Accent Pillows,Bedding,0.25,3.11,16.65,4.3571,13.54,True,True
Wayfair US,19567,Mytex,Supplier Service Desk,CBLN1035,Bedding Sets,Bedding,0.1,3.11,0.0,-1.0,-3.11,False,False
Wayfair US,214227,"Caluha Company, LLC",Supplier Service Desk,UBAD1062,Accent Pillows,Bedding,0.15,3.08,16.43,4.3292,13.35,True,True
Wayfair US,22180,DesignArt Inc.,Maxwell Threlkeld,CBZF7841,Accent Pillows,Bedding,0.22,3.08,9.87,2.2098,6.789999999999999,True,True
Wayfair US,22180,DesignArt Inc.,Maxwell Threlkeld,CBOB8985,Accent Pillows,Bedding,0.22,3.08,0.0,-1.0,-3.08,False,False
Wayfair US,35552,CAN_DesignArt Inc.,Paige Beattie,CBZF6586,Accent Pillows,Bedding,0.22,3.08,0.0,-1.0,-3.08,False,False
Wayfair US,35552,CAN_DesignArt Inc.,Paige Beattie,CBZG1752,Accent Pillows,Bedding,0.22,3.08,0.0,-1.0,-3.08,False,False
Wayfair US,22180,DesignArt Inc.,Maxwell Threlkeld,CBZF9690,Accent Pillows,Bedding,0.22,3.08,0.0,-1.0,-3.08,False,False
Wayfair US,35552,CAN_DesignArt Inc.,Paige Beattie,CBZF8749,Accent Pillows,Bedding,0.22,3.08,0.0,-1.0,-3.08,False,False
Wayfair US,35552,CAN_DesignArt Inc.,Paige Beattie,CBZG1971,Accent Pillows,Bedding,0.22,3.08,0.0,-1.0,-3.08,False,False
Wayfair US,35552,CAN_DesignArt Inc.,Paige Beattie,CBZF7808,Accent Pillows,Bedding,0.22,3.08,0.0,-1.0,-3.08,False,False
Wayfair US,46871,MANDY LI COLLECTION,Jaden Pickett,BLVE1109,Accent Pillows,Bedding,0.2,3.07,130.09,41.3895,127.02000000000001,True,True
Wayfair US,43431,ocean home fashion inc,Asia Supplier Service Desk,MRCL1078,Bedding Sets,Bedding,0.11,3.07,0.0,-1.0,-3.07,False,False
Wayfair US,49868,moonfairyco,Supplier Service Desk,MOFC1336,Accent Pillows,Bedding,0.2,3.07,0.0,-1.0,-3.07,False,False
Wayfair US,291,Surya,Alex Melius,YA66415,Accent Pillows,Bedding,0.1,3.07,0.0,-1.0,-3.07,False,False
Wayfair US,19319,I Enjoy Bedding Company,Madison Carvalho,JLYI1138,Sheets & Pillowcases,Bedding,0.2,3.06,0.0,-1.0,-3.06,False,False
Wayfair US,2554,Pem America,Benjamin Hannigan,FEFA1013,Sheets & Pillowcases,Bedding,0.1,3.06,0.0,-1.0,-3.06,False,False
Wayfair US,23665,"Cozy Line Home Fashions, Inc.",Jaiden Lawlor,CLHF1160,Bedding Sets,Bedding,0.05,3.05,10.02,2.2874,6.97,True,True
Wayfair US,23665,"Cozy Line Home Fashions, Inc.",Jaiden Lawlor,CLHF1311,Bedding Sets,Bedding,0.05,3.04,0.0,-1.0,-3.04,False,False
Wayfair US,35552,CAN_DesignArt Inc.,Paige Beattie,CBUV4926,Accent Pillows,Bedding,0.22,3.04,0.0,-1.0,-3.04,False,False
Wayfair US,2554,Pem America,Benjamin Hannigan,SDCM1114,Bedding Sets,Bedding,0.1,3.03,10.44,2.4467,7.41,True,True
Wayfair US,35552,CAN_DesignArt Inc.,Paige Beattie,CBZF9139,Accent Pillows,Bedding,0.22,3.02,24.49,7.1135,21.47,True,True
Wayfair US,354350,"Xuzhou Abosi Network Technology Co., Ltd",Asia Supplier Service Desk,EOEF6937,Accent Pillows,Bedding,0.35109999999999997,3.01,27.78,8.2354,24.770000000000003,True,True
Wayfair US,65656,Topfinel,Elvira Tang,TPFI1062,Accent Pillows,Bedding,0.45,2.99,0.0,-1.0,-2.99,False,False
Wayfair US,11526,Modway Inc.,Kate Schryver,BRSU4148,Accent Pillows,Bedding,0.0199,2.99,9.76,2.2664,6.77,True,True
Wayfair US,291,Surya,Alex Melius,YA81054,Accent Pillows,Bedding,0.1,2.97,0.0,-1.0,-2.97,False,False
Wayfair US,1748,Revman International,Missy Paragamian,SBD10023,Sheets & Pillowcases,Bedding,0.1375,2.97,13.72,3.6242,10.75,True,True
Wayfair US,1748,Revman International,Missy Paragamian,BCTS1282,Bedding Sets,Bedding,0.44909999999999994,2.96,3.84,0.2944,0.8799999999999999,True,True
Wayfair US,1748,Revman International,Missy Paragamian,BCTS1302,Bedding Sets,Bedding,0.4167,2.96,4.8,0.6206,1.8399999999999999,True,True
Wayfair US,381,Safavieh,Alex Resnick,FVAB7916,Accent Pillows,Bedding,0.10339999999999999,2.96,0.0,-1.0,-2.96,False,False
Wayfair US,1748,Revman International,Missy Paragamian,ERB10880,Blankets And Throws,Bedding,0.263,2.96,0.0,-1.0,-2.96,False,False
Wayfair US,22180,DesignArt Inc.,Maxwell Threlkeld,CBZF9262,Accent Pillows,Bedding,0.22,2.96,0.0,-1.0,-2.96,False,False
Wayfair US,1748,Revman International,Missy Paragamian,TBL10626,Bedding Sets,Bedding,0.3678,2.96,1.81,-0.3887,-1.15,True,False
Wayfair US,36405,Colcha Linens,Jaiden Lawlor,AXBT1074,Bedding Sets,Bedding,0.2,2.96,0.0,-1.0,-2.96,False,False
Wayfair US,35552,CAN_DesignArt Inc.,Paige Beattie,CBXL6793,Accent Pillows,Bedding,0.22,2.96,4.79,0.6188,1.83,True,True
Wayfair US,2554,Pem America,Benjamin Hannigan,MXO10087,Bedding Sets,Bedding,0.1,2.95,0.0,-1.0,-2.95,False,False
Wayfair US,19319,I Enjoy Bedding Company,Madison Carvalho,AGTG3788,Sheets & Pillowcases,Bedding,0.2,2.94,8.31,1.8315000000000001,5.370000000000001,True,True
Wayfair US,1748,Revman International,Missy Paragamian,NAL1378,Bedding Sets,Bedding,0.30760000000000004,2.93,16.85,4.7469,13.920000000000002,True,True
Wayfair US,72667,"Jiangsu Meideni Textile CO.,LTD",lance Zhou,ALDL1071,Sheets & Pillowcases,Bedding,0.21,2.92,18.81,5.4406,15.889999999999999,True,True
Wayfair US,43431,ocean home fashion inc,Asia Supplier Service Desk,MRCL1062,Bedding Sets,Bedding,0.11,2.9,16.17,4.5739,13.270000000000001,True,True
Wayfair US,19319,I Enjoy Bedding Company,Madison Carvalho,ANEW3304,Bedding Sets,Bedding,0.2,2.9,8.89,2.0655,5.99,True,True
Wayfair US,1748,Revman International,Missy Paragamian,BCTS1183,Blankets And Throws,Bedding,0.4393,2.9,5.08,0.7518,2.18,True,True
Wayfair US,35552,CAN_DesignArt Inc.,Paige Beattie,CBZF6919,Accent Pillows,Bedding,0.22,2.89,0.0,-1.0,-2.89,False,False
Wayfair US,35552,CAN_DesignArt Inc.,Paige Beattie,CBZF6644,Accent Pillows,Bedding,0.22,2.89,0.0,-1.0,-2.89,False,False
Wayfair US,1987,JLA Home,Missy Paragamian,CKSC1013,Accent Pillows,Bedding,0.07,2.88,0.0,-1.0,-2.88,False,False
Wayfair US,291,Surya,Alex Melius,YA83875,Accent Pillows,Bedding,0.1,2.87,8.87,2.0916,5.999999999999999,True,True
Wayfair US,1987,JLA Home,Missy Paragamian,JLZL1192,Bedding Sets,Bedding,0.02,2.83,22.22,6.8488,19.39,True,True
Wayfair US,19567,Mytex,Supplier Service Desk,DUKK1000,Kids Bedding Sets,Bedding,0.3,2.83,0.0,-1.0,-2.83,False,False
Wayfair US,231459,Fabdivine LLC,Benjamin Hannigan,DBDI2006,Accent Pillows,Bedding,0.13,2.83,12.57,3.448,9.74,True,True
Wayfair US,1748,Revman International,Missy Paragamian,MKK10073,Sheets & Pillowcases,Bedding,0.40880000000000005,2.83,0.0,-1.0,-2.83,False,False
Wayfair US,65656,Topfinel,Elvira Tang,TPFI1051,Accent Pillows,Bedding,0.3,2.81,16.87,4.9993,14.06,True,True
Wayfair US,65656,Topfinel,Elvira Tang,DCUS1279,Accent Pillows,Bedding,0.3,2.79,5.97,1.1386,3.1799999999999997,True,True
Wayfair US,19319,I Enjoy Bedding Company,Madison Carvalho,JLYI1141,Sheets & Pillowcases,Bedding,0.2,2.79,0.0,-1.0,-2.79,False,False
Wayfair US,291,Surya,Alex Melius,MCRR4447,Blankets And Throws,Bedding,0.1,2.77,0.0,-1.0,-2.77,False,False
Wayfair US,19319,I Enjoy Bedding Company,Madison Carvalho,JLYI1204,Bedding Sets,Bedding,0.2,2.77,0.0,-1.0,-2.77,False,False
Wayfair US,231496,"TEEMODERN, LLC dba Ethan Taylor",Alex Sarkisian,EHAA2516,Accent Pillows,Bedding,0.25,2.75,0.0,-1.0,-2.75,False,False
Wayfair US,291,Surya,Alex Melius,YA69682,Accent Pillows,Bedding,0.1,2.75,11.84,3.3133,9.09,True,True
Wayfair US,291,Surya,Alex Melius,YA78162,Accent Pillows,Bedding,0.1,2.74,0.0,-1.0,-2.74,False,False
Wayfair US,65656,Topfinel,Elvira Tang,TPFI1029,Accent Pillows,Bedding,0.2,2.72,0.0,-1.0,-2.72,False,False
Wayfair US,102446,GRAND KEVAN LLC,Asia Supplier Service Desk,GANK1372,Blankets And Throws,Bedding,0.25,2.71,0.0,-1.0,-2.71,False,False
Wayfair US,1748,Revman International,Missy Paragamian,KCN10149,Bedding Sets,Bedding,0.3226,2.68,24.23,8.0533,21.55,True,True
Wayfair US,1093,Trademark Global,Karolina Coulter,AGGR2550,Bedding Sets,Bedding,0.43,2.66,0.0,-1.0,-2.66,False,False
Wayfair US,1748,Revman International,Missy Paragamian,SBD10078,Sheets & Pillowcases,Bedding,0.10890000000000001,2.64,10.65,3.043,8.01,True,True
Wayfair US,67551,"Suzhou lanqinglv Trading co,. ltd",lance Zhou,OELA1495,Bedding Sets,Bedding,0.33,2.63,9.65,2.6691000000000003,7.0200000000000005,True,True
Wayfair US,35552,CAN_DesignArt Inc.,Paige Beattie,CBZF8946,Accent Pillows,Bedding,0.22,2.62,9.87,2.7686,7.249999999999999,True,True
Wayfair US,279,Dalyn Rugs,Alex Resnick,ADDK1042,Blankets And Throws,Bedding,0.15,2.6,9.21,2.5423,6.610000000000001,True,True
Wayfair US,291,Surya,Alex Melius,YA68707,Accent Pillows,Bedding,0.1,2.57,4.0,0.5571,1.4300000000000002,True,True
Wayfair US,35552,CAN_DesignArt Inc.,Paige Beattie,CBOC2569,Accent Pillows,Bedding,0.22,2.56,0.0,-1.0,-2.56,False,False
Wayfair US,35160,Lava Garden Inc.,Supplier Service Desk,ACRY1881,Accent Pillows,Bedding,0.2,2.55,0.0,-1.0,-2.55,False,False
Wayfair US,2554,Pem America,Benjamin Hannigan,SDCM1151,Bedding Sets,Bedding,0.1182,2.52,8.87,2.5198,6.35,True,True
Wayfair US,76195,Ulli Home,Jaiden Lawlor,ULIH3173,Accent Pillows,Bedding,0.07,2.51,7.63,2.0362,5.12,True,True
Wayfair US,2740,Home City Inc.,Jaiden Lawlor,CHMB2411,Bedding Sets,Bedding,0.07,2.51,0.0,-1.0,-2.51,False,False
Wayfair US,23665,"Cozy Line Home Fashions, Inc.",Jaiden Lawlor,CLHF1298,Bedding Sets,Bedding,0.05,2.5,8.71,2.4813,6.210000000000001,True,True
Wayfair US,67551,"Suzhou lanqinglv Trading co,. ltd",lance Zhou,OELA1146,Bedding Sets,Bedding,0.41659999999999997,2.48,0.0,-1.0,-2.48,False,False
Wayfair US,14925,Lichtenberg,Missy Paragamian,GDIG1137,Accent Pillows,Bedding,0.2,2.48,44.5,16.9785,42.02,True,True
Wayfair US,1748,Revman International,Missy Paragamian,TBL11076,Bedding Sets,Bedding,0.1702,2.47,13.67,4.5331,11.2,True,True
Wayfair US,1748,Revman International,Missy Paragamian,TMBH1218,Bedding Accessories,Bedding,0.5,2.47,4.12,0.6667000000000001,1.65,True,True
Wayfair US,291,Surya,Alex Melius,YA76814,Accent Pillows,Bedding,0.1,2.47,5.93,1.4031,3.4599999999999995,True,True
Wayfair US,1987,JLA Home,Missy Paragamian,WLR1339,Accent Pillows,Bedding,0.1,2.46,0.0,-1.0,-2.46,False,False
Wayfair US,1987,JLA Home,Missy Paragamian,JLZL1349,Bedding Sets,Bedding,0.02,2.46,11.57,3.697,9.11,True,True
Wayfair US,1748,Revman International,Missy Paragamian,KCN10047,Accent Pillows,Bedding,0.24230000000000002,2.43,0.0,-1.0,-2.43,False,False
Wayfair US,381,Safavieh,Alex Resnick,FVAB7921,Blankets And Throws,Bedding,0.1035,2.43,0.0,-1.0,-2.43,False,False
Wayfair US,36405,Colcha Linens,Jaiden Lawlor,CETA3329,Bedding Sets,Bedding,0.2,2.42,0.0,-1.0,-2.42,False,False
Wayfair US,17662,Sanders Collection,Benjamin Hannigan,DFHO1068,Bedding Sets,Bedding,0.075,2.42,0.0,-1.0,-2.42,False,False
Wayfair US,147802,Shenzhen Meiyuan Keji Youxiangongsi,Regan Zou,CMMY1037,Bedding Accessories,Bedding,0.36,2.42,0.0,-1.0,-2.42,False,False
Wayfair US,99993,ZT TRADING INC.,Asia Supplier Service Desk,SABG1503,Bedding Accessories,Bedding,0.13,2.41,0.0,-1.0,-2.41,False,False
Wayfair US,2554,Pem America,Benjamin Hannigan,KBPN1053,Bedding Sets,Bedding,0.1,2.41,8.3,2.4497,5.890000000000001,True,True
Wayfair US,99251,Chengdu Xiaoduo Network Technology Co Ltd,Asia Supplier Service Desk,CCBS1954,Bedding Sets,Bedding,0.17980000000000002,2.4,22.58,8.3966,20.18,True,True
Wayfair US,1748,Revman International,Missy Paragamian,BCTS1301,Bedding Sets,Bedding,0.4167,2.4,0.0,-1.0,-2.4,False,False
Wayfair US,291,Surya,Alex Melius,YA71909,Blankets And Throws,Bedding,0.1,2.39,15.75,5.6024,13.36,True,True
Wayfair US,291,Surya,Alex Melius,MTNA3004,Accent Pillows,Bedding,0.1,2.37,1.78,-0.2502,-0.5900000000000001,True,False
Wayfair US,36405,Colcha Linens,Jaiden Lawlor,AXBT1035,Bedding Sets,Bedding,0.2,2.37,0.0,-1.0,-2.37,False,False
Wayfair US,19319,I Enjoy Bedding Company,Madison Carvalho,GRKS6779,Bedding Sets,Bedding,0.2,2.35,0.0,-1.0,-2.35,False,False
Wayfair US,43431,ocean home fashion inc,Asia Supplier Service Desk,MRCL1169,Kids Bedding Sets,Bedding,0.11,2.33,14.9,5.4086,12.57,True,True
Wayfair US,279921,Maxaya LLC,Prisha Mark,MXAY6987,Accent Pillows,Bedding,0.22010000000000002,2.32,0.0,-1.0,-2.32,False,False
Wayfair US,291,Surya,Alex Melius,YA76802,Accent Pillows,Bedding,0.1,2.32,0.0,-1.0,-2.32,False,False
Wayfair US,313331,KEYULONGYUDIANZISHANGWU LIMITED,Sylvia Ding,SRNZ1056,Sheets & Pillowcases,Bedding,0.2,2.3,9.92,3.3182,7.62,True,True
Wayfair US,29398,CAN_HUI Resource,Supplier Service Desk,PBHM3179,Accent Pillows,Bedding,0.4,2.29,0.0,-1.0,-2.29,False,False
Wayfair US,381,Safavieh,Alex Resnick,FV99654,Accent Pillows,Bedding,0.1334,2.26,7.82,2.4663999999999997,5.5600000000000005,True,True
Wayfair US,2554,Pem America,Benjamin Hannigan,LFMF3779,Bedding Sets,Bedding,0.0889,2.25,27.61,11.2508,25.36,True,True
Wayfair US,37327,Instyle Products Corp,Rikki Sartor,CHRL8246,Bed Skirts,Bedding,0.26,2.24,2.06,-0.0818,-0.18000000000000016,True,False
Wayfair US,22724,Home Choice International,Rainbow Wu,HCIG1562,Bedding Sets,Bedding,0.12,2.24,9.65,3.3133999999999997,7.41,True,True
Wayfair US,1093,Trademark Global,Karolina Coulter,LVRG1932,Sheets & Pillowcases,Bedding,0.55,2.24,3.09,0.3822,0.8499999999999996,True,True
Wayfair US,36405,Colcha Linens,Jaiden Lawlor,AXBT1104,Bedding Sets,Bedding,0.2,2.23,0.0,-1.0,-2.23,False,False
Wayfair US,49868,moonfairyco,Supplier Service Desk,MOFC1270,Accent Pillows,Bedding,0.2,2.23,0.0,-1.0,-2.23,False,False
Wayfair US,291,Surya,Alex Melius,YA75178,Blankets And Throws,Bedding,0.1,2.23,0.0,-1.0,-2.23,False,False
Wayfair US,23665,"Cozy Line Home Fashions, Inc.",Jaiden Lawlor,CLHF1299,Kids Bedding Sets,Bedding,0.05,2.18,7.26,2.3333,5.08,True,True
Wayfair US,24613,Puredown,Sylvia Ding,MACE1008,Bedding Sets,Bedding,0.4,2.16,0.0,-1.0,-2.16,False,False
Wayfair US,333115,Topfinel CAN,Vivian Peng,TPFI1045,Accent Pillows,Bedding,0.2,2.16,0.0,-1.0,-2.16,False,False
Wayfair US,25843,"Bedshe International Co.,LTD",Rainbow Wu,BDUR1570,Blankets And Throws,Bedding,0.05,2.15,7.17,2.3333,5.02,True,True
Wayfair US,29398,CAN_HUI Resource,Supplier Service Desk,PBHM3418,Accent Pillows,Bedding,0.35,2.15,3.25,0.5146000000000001,1.1,True,True
Wayfair US,1748,Revman International,Missy Paragamian,ERB10918,Blankets And Throws,Bedding,0.3845,2.14,3.55,0.6542,1.4099999999999997,True,True
Wayfair US,7920,Riztex USA,Brianna Barrett,RZY10642,Accent Pillows,Bedding,0.25,2.14,0.0,-1.0,-2.14,False,False
Wayfair US,2554,Pem America,Benjamin Hannigan,FYEB1021,Bedding Sets,Bedding,0.1,2.12,0.0,-1.0,-2.12,False,False
Wayfair US,291,Surya,Alex Melius,YA83899,Accent Pillows,Bedding,0.1,2.12,4.16,0.9632,2.04,True,True
Wayfair US,307699,HHALI,Supplier Service Desk,HABF1893,Accent Pillows,Bedding,0.08,2.11,7.05,2.3333,4.9399999999999995,True,True
Wayfair US,381,Safavieh,Alex Resnick,GRCS2656,Blankets And Throws,Bedding,0.1381,2.1,0.0,-1.0,-2.1,False,False
Wayfair US,291,Surya,Alex Melius,YA69695,Accent Pillows,Bedding,0.1,2.09,0.0,-1.0,-2.09,False,False
Wayfair US,2554,Pem America,Benjamin Hannigan,SDCM1209,Sheets & Pillowcases,Bedding,0.0864,2.09,0.0,-1.0,-2.09,False,False
Wayfair US,291,Surya,Alex Melius,EDIV1327,Accent Pillows,Bedding,0.1,2.08,9.95,3.7922000000000002,7.869999999999999,True,True
Wayfair US,17539,BNF Home,lance Zhou,ANDV3034,Bedding Sets,Bedding,0.15,2.07,0.0,-1.0,-2.07,False,False
Wayfair US,43431,ocean home fashion inc,Asia Supplier Service Desk,MRCL1017,Kids Bedding Sets,Bedding,0.11,2.05,28.7,13.025699999999999,26.65,True,True
Wayfair US,67551,"Suzhou lanqinglv Trading co,. ltd",lance Zhou,OELA1274,Bedding Sets,Bedding,0.25,2.04,1.41,-0.3118,-0.6300000000000001,True,False
Wayfair US,22180,DesignArt Inc.,Maxwell Threlkeld,CBOC3236,Accent Pillows,Bedding,0.22,2.04,16.05,6.8831,14.010000000000002,True,True
Wayfair US,163297,Zhejiang Deodar Industry Co Ltd (USA),Asia Supplier Service Desk,AAHZ1053,Accent Pillows,Bedding,0.5,2.03,0.0,-1.0,-2.03,False,False
Wayfair US,7920,Riztex USA,Brianna Barrett,RZY10086,Accent Pillows,Bedding,0.25,2.01,12.56,5.2504,10.55,True,True
Wayfair US,8586,Stupell Industries,Alex Sarkisian,VYHA9492,Accent Pillows,Bedding,0.2,2.0,0.0,-1.0,-2.0,False,False
Wayfair US,64786,source max inc,Hannah Guan,DXVA4732,Accent Pillows,Bedding,0.1,2.0,0.0,-1.0,-2.0,False,False
Wayfair US,67551,"Suzhou lanqinglv Trading co,. ltd",lance Zhou,OELA1002,Bedding Sets,Bedding,0.3,1.98,13.46,5.8031,11.48,True,True
Wayfair US,1748,Revman International,Missy Paragamian,MBVB1738,Sheets & Pillowcases,Bedding,0.15,1.98,2.8,0.41700000000000004,0.8199999999999998,True,True
Wayfair US,2554,Pem America,Benjamin Hannigan,SDCM1271,Sheets & Pillowcases,Bedding,0.0613,1.97,0.0,-1.0,-1.97,False,False
Wayfair US,291,Surya,Alex Melius,YA83858,Accent Pillows,Bedding,0.1,1.93,0.0,-1.0,-1.93,False,False
Wayfair US,40097,jml trading llc,Asia Supplier Service Desk,JMLT1755,Bedding Sets,Bedding,0.05,1.93,6.14,2.1847,4.21,True,True
Wayfair US,43431,ocean home fashion inc,Asia Supplier Service Desk,MRCL1114,Bedding Accessories,Bedding,0.11,1.92,7.45,2.8742,5.53,True,True
Wayfair US,406215,Moonlight Bedding US LLC,Supplier Service Desk,MFNL1050,Bedding Sets,Bedding,0.1,1.88,0.0,-1.0,-1.88,False,False
Wayfair US,2554,Pem America,Benjamin Hannigan,CNHM1002,Bedding Sets,Bedding,0.1,1.88,5.82,2.0925,3.9400000000000004,True,True
Wayfair US,7920,Riztex USA,Brianna Barrett,RZY11354,Accent Pillows,Bedding,0.25,1.86,5.46,1.942,3.5999999999999996,True,True
Wayfair US,214227,"Caluha Company, LLC",Supplier Service Desk,UBAD1055,Accent Pillows,Bedding,0.15,1.84,15.67,7.5005999999999995,13.83,True,True
Wayfair US,19319,I Enjoy Bedding Company,Madison Carvalho,JLYI1248,Accent Pillows,Bedding,0.2,1.84,0.0,-1.0,-1.84,False,False
Wayfair US,381,Safavieh,Alex Resnick,FV79045,Accent Pillows,Bedding,0.10339999999999999,1.83,0.0,-1.0,-1.83,False,False
Wayfair US,69725,"HANGZHOU DUVET TEXTILE CO., LTD.",Sylvia Ding,KSNU1193,Accent Pillows,Bedding,0.16,1.82,0.0,-1.0,-1.82,False,False
Wayfair US,1987,JLA Home,Missy Paragamian,MITN5067,Bedding Sets,Bedding,0.12,1.81,0.0,-1.0,-1.81,False,False
Wayfair US,18684,"Best Home Fashion, Inc.",Madison Carvalho,AAOF1118,Blankets And Throws,Bedding,0.35,1.8,0.0,-1.0,-1.8,False,False
Wayfair US,19319,I Enjoy Bedding Company,Madison Carvalho,JLYI1165,Sheets & Pillowcases,Bedding,0.2,1.79,0.0,-1.0,-1.79,False,False
Wayfair US,7920,Riztex USA,Brianna Barrett,RZY11518,Accent Pillows,Bedding,0.25,1.76,0.0,-1.0,-1.76,False,False
Wayfair US,2554,Pem America,Benjamin Hannigan,SDCM1123,Bedding Sets,Bedding,0.1,1.76,8.73,3.963,6.970000000000001,True,True
Wayfair US,7920,Riztex USA,Brianna Barrett,RZY10433,Accent Pillows,Bedding,0.25,1.75,0.0,-1.0,-1.75,False,False
Wayfair US,17102,Trade-Linker,Jaiden Lawlor,BBHO1041,Bedding Sets,Bedding,0.15,1.75,0.0,-1.0,-1.75,False,False
Wayfair US,291,Surya,Alex Melius,YA64550,Accent Pillows,Bedding,0.1,1.74,0.0,-1.0,-1.74,False,False
Wayfair US,35552,CAN_DesignArt Inc.,Paige Beattie,CBXL6835,Accent Pillows,Bedding,0.22,1.73,0.0,-1.0,-1.73,False,False
Wayfair US,65656,Topfinel,Elvira Tang,TPFI1016,Accent Pillows,Bedding,0.45,1.72,0.0,-1.0,-1.72,False,False
Wayfair US,1748,Revman International,Missy Paragamian,ERB10745,Blankets And Throws,Bedding,0.3299,1.71,0.0,-1.0,-1.71,False,False
Wayfair US,65656,Topfinel,Elvira Tang,TPFI1046,Accent Pillows,Bedding,0.25,1.69,1.88,0.11109999999999999,0.18999999999999995,True,True
Wayfair US,1748,Revman International,Missy Paragamian,KBFC1860,Accent Pillows,Bedding,0.1864,1.69,0.0,-1.0,-1.69,False,False
Wayfair US,1748,Revman International,Missy Paragamian,ERB1279,Blankets And Throws,Bedding,0.5,1.68,0.0,-1.0,-1.68,False,False
Wayfair US,1748,Revman International,Missy Paragamian,WRG10066,Blankets And Throws,Bedding,0.3829,1.68,0.0,-1.0,-1.68,False,False
Wayfair US,1748,Revman International,Missy Paragamian,MBVB1939,Blankets And Throws,Bedding,0.4637,1.68,9.28,4.5337,7.6,True,True
Wayfair US,43431,ocean home fashion inc,Asia Supplier Service Desk,MRCL1035,Bedding Sets,Bedding,0.11,1.67,0.0,-1.0,-1.67,False,False
Wayfair US,8586,Stupell Industries,Alex Sarkisian,VYH42551,Accent Pillows,Bedding,0.2,1.58,0.0,-1.0,-1.58,False,False
Wayfair US,22180,DesignArt Inc.,Maxwell Threlkeld,CBZF6761,Accent Pillows,Bedding,0.22,1.54,9.87,5.4196,8.329999999999998,True,True
Wayfair US,22180,DesignArt Inc.,Maxwell Threlkeld,CBZG2389,Accent Pillows,Bedding,0.22,1.54,0.97,-0.3715,-0.5700000000000001,True,False
Wayfair US,35552,CAN_DesignArt Inc.,Paige Beattie,CBZF8404,Accent Pillows,Bedding,0.22,1.54,0.0,-1.0,-1.54,False,False
Wayfair US,35552,CAN_DesignArt Inc.,Paige Beattie,CBZF7959,Accent Pillows,Bedding,0.22,1.54,20.74,12.4872,19.2,True,True
Wayfair US,35552,CAN_DesignArt Inc.,Paige Beattie,CBZG1505,Accent Pillows,Bedding,0.22,1.54,0.0,-1.0,-1.54,False,False
Wayfair US,22180,DesignArt Inc.,Maxwell Threlkeld,CBZF6728,Accent Pillows,Bedding,0.22,1.54,4.93,2.2076,3.3899999999999997,True,True
Wayfair US,35552,CAN_DesignArt Inc.,Paige Beattie,CBZG1691,Accent Pillows,Bedding,0.22,1.52,0.0,-1.0,-1.52,False,False
Wayfair US,22180,DesignArt Inc.,Maxwell Threlkeld,CBZF9544,Accent Pillows,Bedding,0.22,1.52,0.0,-1.0,-1.52,False,False
Wayfair US,22180,DesignArt Inc.,Maxwell Threlkeld,EBOI1045,Accent Pillows,Bedding,0.22,1.49,9.59,5.416799999999999,8.1,True,True
Wayfair US,7920,Riztex USA,Brianna Barrett,RZY11356,Accent Pillows,Bedding,0.25,1.49,41.77,27.125700000000002,40.28,True,True
Wayfair US,22724,Home Choice International,Rainbow Wu,HCIG1398,Bedding Sets,Bedding,0.1,1.47,0.0,-1.0,-1.47,False,False
Wayfair US,35160,Lava Garden Inc.,Supplier Service Desk,ACRY2915,Accent Pillows,Bedding,0.2,1.46,26.21,17.0014,24.75,True,True
Wayfair US,22180,DesignArt Inc.,Maxwell Threlkeld,CBZF7467,Accent Pillows,Bedding,0.22,1.46,14.8,9.1741,13.34,True,True
Wayfair US,22180,DesignArt Inc.,Maxwell Threlkeld,CBZF8842,Accent Pillows,Bedding,0.22,1.41,0.0,-1.0,-1.41,False,False
Wayfair US,35160,Lava Garden Inc.,Supplier Service Desk,ACRY2517,Accent Pillows,Bedding,0.1,1.39,27.85,19.0048,26.46,True,True
Wayfair US,23665,"Cozy Line Home Fashions, Inc.",Jaiden Lawlor,CLHF1123,Accent Pillows,Bedding,0.05,1.37,4.58,2.3333,3.21,True,True
Wayfair US,17102,Trade-Linker,Jaiden Lawlor,BMCM1003,Sheets & Pillowcases,Bedding,0.12,1.37,4.55,2.3333,3.1799999999999997,True,True
Wayfair US,41493,HUI Resource,Supplier Service Desk,PBHM3407,Accent Pillows,Bedding,0.4,1.34,10.23,6.6173,8.89,True,True
Wayfair US,32808,CAN_Cathay Home Inc.,Paige Beattie,DRVU1355,Blankets And Throws,Bedding,0.4,1.34,0.0,-1.0,-1.34,False,False
Wayfair US,10545,Americanflat Corp,Waverly Winterer,EFW46537,Blankets And Throws,Bedding,0.2,1.33,3.87,1.9142,2.54,True,True
Wayfair US,35160,Lava Garden Inc.,Supplier Service Desk,ACRY2805,Accent Pillows,Bedding,0.1,1.31,0.0,-1.0,-1.31,False,False
Wayfair US,120032,Oveesha L.L.C.,Supplier Service Desk,OEES1000,Accent Pillows,Bedding,0.2,1.31,3.26,1.5006,1.9499999999999997,True,True
Wayfair US,17102,Trade-Linker,Jaiden Lawlor,BMCM1002,Sheets & Pillowcases,Bedding,0.14,1.3,0.0,-1.0,-1.3,False,False
Wayfair US,1093,Trademark Global,Karolina Coulter,PLYH1101,Blankets And Throws,Bedding,0.32,1.26,0.0,-1.0,-1.26,False,False
Wayfair US,36405,Colcha Linens,Jaiden Lawlor,CETA2336,Bedding Sets,Bedding,0.2,1.22,0.0,-1.0,-1.22,False,False
Wayfair US,291,Surya,Alex Melius,YA83823,Accent Pillows,Bedding,0.1,1.13,7.88,5.9702,6.75,True,True
Wayfair US,65656,Topfinel,Elvira Tang,TPFI1058,Accent Pillows,Bedding,0.25,1.13,0.0,-1.0,-1.13,False,False
Wayfair US,63418,Jennfier Carter Clothing Studio inc. (Hossejoy),Asia Supplier Service Desk,IIXR4133,Bedding Accessories,Bedding,0.5,1.12,0.0,-1.0,-1.12,False,False
Wayfair US,35160,Lava Garden Inc.,Supplier Service Desk,WRSE2465,Accent Pillows,Bedding,0.5,1.09,0.0,-1.0,-1.09,False,False
Wayfair US,291,Surya,Alex Melius,YA75208,Accent Pillows,Bedding,0.1,1.07,0.0,-1.0,-1.07,False,False
Wayfair US,291,Surya,Alex Melius,YA83242,Accent Pillows,Bedding,0.1,1.06,9.61,8.0351,8.549999999999999,True,True
Wayfair US,1748,Revman International,Missy Paragamian,KBFC2620,Bedding Sets,Bedding,0.3689,1.04,0.0,-1.0,-1.04,False,False
Wayfair US,17539,BNF Home,lance Zhou,SOFH1425,Accent Pillows,Bedding,0.1,1.0,3.16,2.1538999999999997,2.16,True,True
Wayfair US,291,Surya,Alex Melius,YA83846,Accent Pillows,Bedding,0.1,1.0,92.61,91.5175,91.61,True,True
Wayfair US,1748,Revman International,Missy Paragamian,MBVB1747,Sheets & Pillowcases,Bedding,0.2727,0.99,2.39,1.4224,1.4000000000000001,True,True
Wayfair US,1748,Revman International,Missy Paragamian,SBD10109,Bedding Sets,Bedding,0.2576,0.99,21.42,20.742800000000003,20.430000000000003,True,True
Wayfair US,65656,Topfinel,Elvira Tang,TPFI1061,Accent Pillows,Bedding,0.45,0.98,0.0,-1.0,-0.98,False,False
Wayfair US,2740,Home City Inc.,Jaiden Lawlor,ALTL5501,Sheets & Pillowcases,Bedding,0.07,0.93,0.0,-1.0,-0.93,False,False
Wayfair US,10545,Americanflat Corp,Waverly Winterer,EBPU3196,Blankets And Throws,Bedding,0.2,0.88,3.13,2.549,2.25,True,True
Wayfair US,49868,moonfairyco,Supplier Service Desk,MOFC1316,Accent Pillows,Bedding,0.2,0.87,38.69,43.4713,37.82,True,True
Wayfair US,291,Surya,Alex Melius,YA72912,Accent Pillows,Bedding,0.1,0.79,0.0,-1.0,-0.79,False,False
Wayfair US,291,Surya,Alex Melius,BGLS8640,Accent Pillows,Bedding,0.1,0.79,-2.62,-4.308,-3.41,False,False
Wayfair US,291,Surya,Alex Melius,YA81084,Accent Pillows,Bedding,0.1,0.79,14.22,17.0686,13.43,True,True
Wayfair US,2740,Home City Inc.,Jaiden Lawlor,ZPCD3842,Bed Skirts,Bedding,0.07,0.78,5.03,5.440499999999999,4.25,True,True
Wayfair US,232999,"Tongxiang Shengyu Textile Co.,Ltd",Sylvia Ding,WUYU1006,Accent Pillows,Bedding,0.5,0.77,0.0,-1.0,-0.77,False,False
Wayfair US,1748,Revman International,Missy Paragamian,TMBH1238,Bedding Sets,Bedding,0.2493,0.76,17.13,21.6543,16.369999999999997,True,True
Wayfair US,2554,Pem America,Benjamin Hannigan,BCMH3067,Bedding Sets,Bedding,0.0969,0.73,0.0,-1.0,-0.73,False,False
Wayfair US,1748,Revman International,Missy Paragamian,DRQH1984,Bedding Sets,Bedding,0.3257,0.72,0.0,-1.0,-0.72,False,False
Wayfair US,192453,Quality Brands Distribution llc,Supplier Service Desk,BFEM2340,Accent Pillows,Bedding,0.54,0.7,0.0,-1.0,-0.7,False,False
Wayfair US,1987,JLA Home,Missy Paragamian,BADI1307,Bedding Sets,Bedding,0.07,0.7,0.0,-1.0,-0.7,False,False
Wayfair US,291,Surya,Alex Melius,YA68708,Accent Pillows,Bedding,0.1,0.69,0.0,-1.0,-0.69,False,False
Wayfair US,81672,Tregards LLC,,BBAE1047,Accent Pillows,Bedding,0.1,0.68,0.0,-1.0,-0.68,False,False
Wayfair US,333115,Topfinel CAN,Vivian Peng,TPFI1048,Accent Pillows,Bedding,0.2,0.61,0.0,-1.0,-0.61,False,False
Wayfair US,81153,Delmar Decor,Supplier Service Desk,DBMA1007,Accent Pillows,Bedding,0.40700000000000003,0.61,0.0,-1.0,-0.61,False,False
Wayfair US,291,Surya,Alex Melius,YA75173,Blankets And Throws,Bedding,0.1,0.59,1.78,2.0017,1.19,True,True
Wayfair US,291,Surya,Alex Melius,YA75172,Blankets And Throws,Bedding,0.1,0.59,0.0,-1.0,-0.59,False,False
Wayfair US,291,Surya,Alex Melius,YA71959,Accent Pillows,Bedding,0.1,0.43,0.0,-1.0,-0.43,False,False
Wayfair US,291,Surya,Alex Melius,YA83883,Accent Pillows,Bedding,0.1,0.4,4.45,10.125,4.05,True,True
Wayfair US,291,Surya,Alex Melius,TRPT1856,Blankets And Throws,Bedding,0.1,0.4,0.0,-1.0,-0.4,False,False
Wayfair US,31734,Homebeez (parent),Demi Wang,HMBZ2332,Accent Pillows,Bedding,0.2588,0.34,1.15,2.3333,0.8099999999999998,True,True
Wayfair US,2740,Home City Inc.,Jaiden Lawlor,TCKP2651,Sheets & Pillowcases,Bedding,0.07,0.33,0.0,-1.0,-0.33,False,False
Wayfair US,291,Surya,Alex Melius,YA78207,Accent Pillows,Bedding,0.1,0.32,0.0,-1.0,-0.32,False,False
Wayfair US,354173,"Aunimy Trading (Xuzhou) Co., Ltd.",Asia Supplier Service Desk,SLKW1000,Sheets & Pillowcases,Bedding,0.3,0.31,25.66,80.7304,25.35,True,True
Wayfair US,291,Surya,Alex Melius,MIPN2360,Accent Pillows,Bedding,0.1,0.28,0.0,-1.0,-0.28,False,False
Wayfair US,2554,Pem America,Benjamin Hannigan,UCXE1015,Bedding Sets,Bedding,0.0414,0.19,0.0,-1.0,-0.19,False,False
Wayfair US,12608,Lifestyle,Paige Beattie,BBZE6681,Blankets And Throws,Bedding,0.35,0.18,0.0,-1.0,-0.18,False,False
Wayfair US,291,Surya,Alex Melius,YA83911,Accent Pillows,Bedding,0.1,0.13,3.26,24.297199999999997,3.13,True,True
Wayfair US,17539,BNF Home,lance Zhou,HREN1260,Bedding Sets,Bedding,0.15,0.1,0.0,-1.0,-0.1,False,False
Wayfair US,291,Surya,Alex Melius,BGLS8638,Accent Pillows,Bedding,0.1,0.09,0.0,-1.0,-0.09,False,False
Wayfair US,1748,Revman International,Missy Paragamian,XRT10046,Bedding Sets,Bedding,0.3552,0.08,0.0,-1.0,-0.08,False,False
Wayfair US,291,Surya,Alex Melius,YA74619,Accent Pillows,Bedding,0.1,0.0,0.0,,0.0,False,False
Wayfair US,23665,"Cozy Line Home Fashions, Inc.",Jaiden Lawlor,CLHF1023,Bedding Sets,Bedding,0.05,0.0,33.33,,33.33,True,True
Wayfair US,14580,Amrapur Overseas Inc.,Jaiden Lawlor,ACOT6771,Bedding Sets,Bedding,0.15,0.0,0.0,,0.0,False,False
Wayfair US,1748,Revman International,Missy Paragamian,MKK10092,Bedding Sets,Bedding,0.155,0.0,0.0,,0.0,False,False
Wayfair US,214227,"Caluha Company, LLC",Supplier Service Desk,UBAD1098,Accent Pillows,Bedding,0.15,0.0,21.42,,21.42,True,True
Wayfair US,1748,Revman International,Missy Paragamian,TBB2006,Bedding Sets,Bedding,0.1917,0.0,0.0,,0.0,False,False
Wayfair US,1987,JLA Home,Missy Paragamian,MBSA1073,Bedding Sets,Bedding,0.1,0.0,0.0,,0.0,False,False
Wayfair US,228805,IMPERIAL HOMEWARE LONDON LIMITED,Supplier Service Desk,IPCR1016,Bedding Sets,Bedding,0.1,0.0,2.53,,2.53,True,True
Wayfair US,1748,Revman International,Missy Paragamian,TBL10448,Bedding Sets,Bedding,0.23670000000000002,0.0,0.0,,0.0,False,False
Wayfair US,25843,"Bedshe International Co.,LTD",Rainbow Wu,BDUR1398,Bedding Sets,Bedding,0.15,0.0,0.0,,0.0,False,False
Wayfair US,1748,Revman International,Missy Paragamian,MKK10150,Bedding Sets,Bedding,0.1703,0.0,77.87,,77.87,True,True
Wayfair US,214227,"Caluha Company, LLC",Supplier Service Desk,UBAD1017,Accent Pillows,Bedding,0.15,0.0,77.38,,77.38,True,True
Wayfair US,12165,Gerson Companies,Trevor Cody,GEIN1141,Accent Pillows,Bedding,0.08,0.0,6.48,,6.48,True,True
Wayfair US,1748,Revman International,Missy Paragamian,NAL1675,Bedding Sets,Bedding,0.33,0.0,0.0,,0.0,False,False
Wayfair US,333115,Topfinel CAN,Vivian Peng,TPFI1001,Accent Pillows,Bedding,0.2,0.0,0.0,,0.0,False,False
Wayfair US,1748,Revman International,Missy Paragamian,TBB1850,Bedding Sets,Bedding,0.2681,0.0,16.88,,16.88,True,True
Wayfair US,25843,"Bedshe International Co.,LTD",Rainbow Wu,BDUR1336,Bedding Sets,Bedding,0.1,0.0,0.0,,0.0,False,False
Wayfair US,39458,Thomas Collection LLC,Supplier Service Desk,TCNN6831,Blankets And Throws,Bedding,0.2,0.0,0.0,,0.0,False,False
Wayfair US,1748,Revman International,Missy Paragamian,ERB10963,Bedding Sets,Bedding,0.1808,0.0,16.71,,16.71,True,True
Wayfair US,1987,JLA Home,Missy Paragamian,BDIS1509,Bedding Sets,Bedding,0.12,0.0,0.0,,0.0,False,False
Wayfair US,1748,Revman International,Missy Paragamian,ERB10964,Bedding Sets,Bedding,0.1545,0.0,0.0,,0.0,False,False
Wayfair US,36405,Colcha Linens,Jaiden Lawlor,CETA2551,Bedding Sets,Bedding,0.2,0.0,0.0,,0.0,False,False
Wayfair US,231459,Fabdivine LLC,Benjamin Hannigan,DBDI1547,Accent Pillows,Bedding,0.21,0.0,0.0,,0.0,False,False
Wayfair US,1987,JLA Home,Missy Paragamian,ALCT8688,Bedding Sets,Bedding,0.07,0.0,72.17,,72.17,True,True
Wayfair US,76232,Kindred Home,Supplier Service Desk,GSTL1238,Blankets And Throws,Bedding,0.2857,0.0,0.0,,0.0,False,False
Wayfair US,1748,Revman International,Missy Paragamian,VRWG2181,Bedding Sets,Bedding,0.2418,0.0,0.0,,0.0,False,False
Wayfair US,291,Surya,Alex Melius,YA69173,Accent Pillows,Bedding,0.1,0.0,21.07,,21.07,True,True
Wayfair US,7920,Riztex USA,Brianna Barrett,RZY11186,Accent Pillows,Bedding,0.25,0.0,0.0,,0.0,False,False
Wayfair US,291,Surya,Alex Melius,YA69139,Accent Pillows,Bedding,0.1,0.0,0.0,,0.0,False,False
Wayfair US,25843,"Bedshe International Co.,LTD",Rainbow Wu,BDUR3066,Blankets And Throws,Bedding,0.05,0.0,0.0,,0.0,False,False
Wayfair US,381,Safavieh,Alex Resnick,FV99652,Accent Pillows,Bedding,0.1666,0.0,0.0,,0.0,False,False
Wayfair US,291,Surya,Alex Melius,YA85152,Accent Pillows,Bedding,0.1,0.0,10.09,,10.09,True,True
Wayfair US,25843,"Bedshe International Co.,LTD",Rainbow Wu,BDUR1587,Blankets And Throws,Bedding,0.05,0.0,22.22,,22.22,True,True
Wayfair US,1748,Revman International,Missy Paragamian,ERB10676,Blankets And Throws,Bedding,0.4343,0.0,0.0,,0.0,False,False
Wayfair US,11526,Modway Inc.,Kate Schryver,FOW14402,Accent Pillows,Bedding,0.5498,0.0,0.0,,0.0,False,False
Wayfair US,333115,Topfinel CAN,Vivian Peng,TPFI1217,Accent Pillows,Bedding,0.2,0.0,0.0,,0.0,False,False
Wayfair US,36405,Colcha Linens,Jaiden Lawlor,CETA2549,Bedding Sets,Bedding,0.2,0.0,0.0,,0.0,False,False
Wayfair US,65656,Topfinel,Elvira Tang,TPFI1218,Accent Pillows,Bedding,0.2,0.0,0.0,,0.0,False,False
Wayfair US,1748,Revman International,Missy Paragamian,VRWG2205,Bedding Sets,Bedding,0.32280000000000003,0.0,36.77,,36.77,True,True
Wayfair US,1748,Revman International,Missy Paragamian,DRQH1988,Sheets & Pillowcases,Bedding,0.32299999999999995,0.0,0.0,,0.0,False,False
Wayfair US,1748,Revman International,Missy Paragamian,TBL11092,Bedding Sets,Bedding,0.2676,0.0,0.0,,0.0,False,False
Wayfair US,214227,"Caluha Company, LLC",Supplier Service Desk,GCEO5130,Accent Pillows,Bedding,0.15,0.0,0.0,,0.0,False,False
Wayfair US,24282,"Nanshing America, Inc.",Jaiden Lawlor,NAAM1083,Bedding Sets,Bedding,0.1,0.0,0.0,,0.0,False,False
Wayfair US,1748,Revman International,Missy Paragamian,GRYL6462,Bedding Sets,Bedding,0.2451,0.0,34.57,,34.57,True,True
Wayfair US,1987,JLA Home,Missy Paragamian,HUH10087,Bedding Sets,Bedding,0.02,0.0,0.0,,0.0,False,False
Wayfair US,25843,"Bedshe International Co.,LTD",Rainbow Wu,BDUR1605,Blankets And Throws,Bedding,0.05,0.0,0.0,,0.0,False,False
Wayfair US,381,Safavieh,Alex Resnick,HOHN8326,Blankets And Throws,Bedding,0.1035,0.0,0.0,,0.0,False,False
Wayfair US,36405,Colcha Linens,Jaiden Lawlor,AXBT1177,Bedding Sets,Bedding,0.2,0.0,0.0,,0.0,False,False
Wayfair US,1748,Revman International,Missy Paragamian,MKK10124,Bedding Sets,Bedding,0.2,0.0,0.0,,0.0,False,False
Wayfair US,1748,Revman International,Missy Paragamian,MSTT6536,Bedding Sets,Bedding,0.1726,0.0,0.0,,0.0,False,False
Wayfair US,1987,JLA Home,Missy Paragamian,WLR1323,Bedding Sets,Bedding,0.15,0.0,0.0,,0.0,False,False
Wayfair US,23665,"Cozy Line Home Fashions, Inc.",Jaiden Lawlor,CLHF1070,Bedding Sets,Bedding,0.05,0.0,0.0,,0.0,False,False
Wayfair US,78708,Foshan Shiyue (Visionary) Trading Limited Company,Benjamin Hannigan,VSIO1100,Accent Pillows,Bedding,0.15,0.0,6.66,,6.66,True,True
Wayfair US,78708,Foshan Shiyue (Visionary) Trading Limited Company,Benjamin Hannigan,VSIO1091,Accent Pillows,Bedding,0.15,0.0,0.0,,0.0,False,False
Wayfair US,1987,JLA Home,Missy Paragamian,HUH1805,Bedding Sets,Bedding,0.02,0.0,35.97,,35.97,True,True
Wayfair US,1987,JLA Home,Missy Paragamian,CAPQ1021,Bedding Sets,Bedding,0.12,0.0,30.52,,30.52,True,True
Wayfair US,2554,Pem America,Benjamin Hannigan,MXO10085,Sheets & Pillowcases,Bedding,0.1,0.0,0.0,,0.0,False,False
Wayfair US,291,Surya,Alex Melius,YA69131,Accent Pillows,Bedding,0.1,0.0,5.39,,5.39,True,True
Wayfair US,19319,I Enjoy Bedding Company,Madison Carvalho,BCCY1027,Sheets & Pillowcases,Bedding,0.2,0.0,0.0,,0.0,False,False
Wayfair US,291,Surya,Alex Melius,STSS1522,Accent Pillows,Bedding,0.1,0.0,0.0,,0.0,False,False
Wayfair US,25843,"Bedshe International Co.,LTD",Rainbow Wu,BDUR1718,Bedding Sets,Bedding,0.1,0.0,0.0,,0.0,False,False
Wayfair US,1748,Revman International,Missy Paragamian,VRWG2083,Bedding Sets,Bedding,0.3591,0.0,0.0,,0.0,False,False
Wayfair US,1748,Revman International,Missy Paragamian,ERB1668,Bedding Sets,Bedding,0.2642,0.0,0.0,,0.0,False,False
Wayfair US,1987,JLA Home,Missy Paragamian,WRMG3908,Bedding Sets,Bedding,0.02,0.0,55.66,,55.66,True,True
Wayfair US,72734,"VISION VORTEX CO.,LTD",Qiwen Fan,HLEO1071,Blankets And Throws,Bedding,0.4857,0.0,0.0,,0.0,False,False
Wayfair US,1748,Revman International,Missy Paragamian,DRQH2096,Bedding Sets,Bedding,0.1499,0.0,0.0,,0.0,False,False
Wayfair US,1748,Revman International,Missy Paragamian,QO10486,Bedding Sets,Bedding,0.3273,0.0,13.39,,13.39,True,True
Wayfair US,214227,"Caluha Company, LLC",Supplier Service Desk,UBAD1100,Accent Pillows,Bedding,0.15,0.0,0.0,,0.0,False,False
Wayfair US,19319,I Enjoy Bedding Company,Madison Carvalho,JLYI1164,Sheets & Pillowcases,Bedding,0.2,0.0,0.0,,0.0,False,False
Wayfair US,291,Surya,Alex Melius,YA71907,Blankets And Throws,Bedding,0.1,0.0,0.0,,0.0,False,False
Wayfair US,12608,Lifestyle,Paige Beattie,HMRU5087,Accent Pillows,Bedding,0.22,0.0,19.81,,19.81,True,True
Wayfair US,80197,CENTRADE INC.,Jessica Gu,WWMA1155,Accent Pillows,Bedding,0.17,0.0,0.0,,0.0,False,False
Wayfair US,1987,JLA Home,Missy Paragamian,HUH10011,Bedding Sets,Bedding,0.12,0.0,0.0,,0.0,False,False
Wayfair US,1987,JLA Home,Missy Paragamian,HUH1240,Bedding Sets,Bedding,0.02,0.0,0.0,,0.0,False,False
Wayfair US,24282,"Nanshing America, Inc.",Jaiden Lawlor,MBSR1564,Bedding Sets,Bedding,0.1,0.0,33.41,,33.41,True,True
Wayfair US,22180,DesignArt Inc.,Maxwell Threlkeld,CBZF9679,Accent Pillows,Bedding,0.22,0.0,29.61,,29.61,True,True
Wayfair US,156771,Noori Home LLC,Carly Baker,MLDW9478,Accent Pillows,Bedding,0.22,0.0,10.6,,10.6,True,True
Wayfair US,1987,JLA Home,Missy Paragamian,LF10153,Blankets And Throws,Bedding,0.02,0.0,0.0,,0.0,False,False
Wayfair US,291,Surya,Alex Melius,YA85124,Accent Pillows,Bedding,0.1,0.0,0.0,,0.0,False,False
Wayfair US,25843,"Bedshe International Co.,LTD",Rainbow Wu,BDUR1337,Bedding Sets,Bedding,0.1,0.0,0.0,,0.0,False,False
Wayfair US,25843,"Bedshe International Co.,LTD",Rainbow Wu,BDUR3071,Blankets And Throws,Bedding,0.05,0.0,0.0,,0.0,False,False
Wayfair US,1987,JLA Home,Missy Paragamian,SEEP1005,Blankets And Throws,Bedding,0.02,0.0,0.0,,0.0,False,False
Wayfair US,1987,JLA Home,Missy Paragamian,QMP1071,Bedding Sets,Bedding,0.15,0.0,0.0,,0.0,False,False
Wayfair US,1987,JLA Home,Missy Paragamian,NCWA1563,Bedding Sets,Bedding,0.12,0.0,0.0,,0.0,False,False
Wayfair US,286791,"Boxer Home, LLC dba BOKSER HOME",Benjamin Hannigan,BKIE1023,Bedding Sets,Bedding,0.2,0.0,0.0,,0.0,False,False
Wayfair US,1987,JLA Home,Missy Paragamian,SLPH1144,Blankets And Throws,Bedding,0.02,0.0,0.0,,0.0,False,False
Wayfair US,1987,JLA Home,Missy Paragamian,HUH1725,Bedding Sets,Bedding,0.02,0.0,0.0,,0.0,False,False
Wayfair US,43431,ocean home fashion inc,Asia Supplier Service Desk,MRCL1044,Kids Bedding Sets,Bedding,0.11,0.0,0.0,,0.0,False,False
Wayfair US,8586,Stupell Industries,Alex Sarkisian,VYH42546,Accent Pillows,Bedding,0.2,0.0,5.18,,5.18,True,True
Wayfair US,1748,Revman International,Missy Paragamian,ERB1764,Accent Pillows,Bedding,0.5,0.0,0.0,,0.0,False,False
Wayfair US,291,Surya,Alex Melius,LFMF4975,Accent Pillows,Bedding,0.1,0.0,0.0,,0.0,False,False
Wayfair US,36405,Colcha Linens,Jaiden Lawlor,AXBT1568,Bedding Sets,Bedding,0.2,0.0,0.0,,0.0,False,False
Wayfair US,35160,Lava Garden Inc.,Supplier Service Desk,ACRY2861,Accent Pillows,Bedding,0.1,0.0,0.0,,0.0,False,False
Wayfair US,22724,Home Choice International,Rainbow Wu,HCIG1690,Bedding Sets,Bedding,0.13,0.0,0.0,,0.0,False,False
Wayfair US,381,Safavieh,Alex Resnick,FVAB5716,Accent Pillows,Bedding,0.1035,0.0,0.0,,0.0,False,False
Wayfair US,1987,JLA Home,Missy Paragamian,VBDN1048,Kids Bedding Sets,Bedding,0.02,0.0,35.92,,35.92,True,True
Wayfair US,206109,"UPPER ECHELON PRODUCTS, LLC_1",Asia Supplier Service Desk,CIGT2822,Bedding Accessories,Bedding,0.05,0.0,0.0,,0.0,False,False
Wayfair US,1987,JLA Home,Missy Paragamian,XS10653,Blankets And Throws,Bedding,0.02,0.0,0.0,,0.0,False,False
Wayfair US,25843,"Bedshe International Co.,LTD",Rainbow Wu,BDUR1661,Bedding Sets,Bedding,0.13,0.0,0.0,,0.0,False,False
Wayfair US,2554,Pem America,Benjamin Hannigan,BDOK1161,Bedding Sets,Bedding,0.1,0.0,0.0,,0.0,False,False
Wayfair US,43431,ocean home fashion inc,Asia Supplier Service Desk,MRCL1151,Bedding Sets,Bedding,0.11,0.0,28.14,,28.14,True,True
Wayfair US,342847,"Shanxi Qianna Jiafan Network Technology Co., Ltd",Asia Supplier Service Desk,IANX3510,Bedding Accessories,Bedding,0.05,0.0,0.0,,0.0,False,False
Wayfair US,381,Safavieh,Alex Resnick,IVBX5749,Accent Pillows,Bedding,0.10339999999999999,0.0,11.49,,11.49,True,True
Wayfair US,1987,JLA Home,Missy Paragamian,WLR1282,Blankets And Throws,Bedding,0.15,0.0,0.0,,0.0,False,False
Wayfair US,231459,Fabdivine LLC,Benjamin Hannigan,DBDI1055,Accent Pillows,Bedding,0.19,0.0,0.0,,0.0,False,False
Wayfair US,1748,Revman International,Missy Paragamian,KBFC2848,Bedding Sets,Bedding,0.3283,0.0,0.0,,0.0,False,False
Wayfair US,381,Safavieh,Alex Resnick,FV74995,Accent Pillows,Bedding,0.1033,0.0,0.0,,0.0,False,False
Wayfair US,2554,Pem America,Benjamin Hannigan,BDOK1122,Bedding Sets,Bedding,0.1,0.0,0.0,,0.0,False,False
Wayfair US,214227,"Caluha Company, LLC",Supplier Service Desk,UBAD1027,Accent Pillows,Bedding,0.15,0.0,13.44,,13.44,True,True
Wayfair US,381,Safavieh,Alex Resnick,HOHM1252,Accent Pillows,Bedding,0.10339999999999999,0.0,0.0,,0.0,False,False
Wayfair US,23665,"Cozy Line Home Fashions, Inc.",Jaiden Lawlor,CLHF1226,Kids Bedding Sets,Bedding,0.05,0.0,23.39,,23.39,True,True
Wayfair US,24282,"Nanshing America, Inc.",Jaiden Lawlor,MBSR1350,Bedding Sets,Bedding,0.1,0.0,0.0,,0.0,False,False
Wayfair US,2554,Pem America,Benjamin Hannigan,BDOK1113,Bedding Sets,Bedding,0.1,0.0,0.0,,0.0,False,False
Wayfair US,35552,CAN_DesignArt Inc.,Paige Beattie,CBZF8990,Accent Pillows,Bedding,0.22,0.0,0.0,,0.0,False,False
Wayfair US,23665,"Cozy Line Home Fashions, Inc.",Jaiden Lawlor,AGTG6618,Bedding Sets,Bedding,0.05,0.0,27.47,,27.47,True,True
Wayfair US,381,Safavieh,Alex Resnick,FV87929,Accent Pillows,Bedding,0.2184,0.0,0.0,,0.0,False,False
Wayfair US,1987,JLA Home,Missy Paragamian,HUH1357,Bedding Sets,Bedding,0.02,0.0,0.0,,0.0,False,False
Wayfair US,291,Surya,Alex Melius,YA73986,Accent Pillows,Bedding,0.1,0.0,0.0,,0.0,False,False
Wayfair US,381,Safavieh,Alex Resnick,FVAD3228,Accent Pillows,Bedding,0.10339999999999999,0.0,0.0,,0.0,False,False
Wayfair US,12608,Lifestyle,Paige Beattie,UNOR3009,Accent Pillows,Bedding,0.22,0.0,0.0,,0.0,False,False
Wayfair US,23665,"Cozy Line Home Fashions, Inc.",Jaiden Lawlor,CLHF1229,Bedding Sets,Bedding,0.05,0.0,0.0,,0.0,False,False
Wayfair US,78708,Foshan Shiyue (Visionary) Trading Limited Company,Benjamin Hannigan,VSIO1045,Accent Pillows,Bedding,0.15,0.0,0.0,,0.0,False,False
Wayfair US,1987,JLA Home,Missy Paragamian,NGIN1061,Bedding Sets,Bedding,0.1,0.0,0.0,,0.0,False,False
Wayfair US,1748,Revman International,Missy Paragamian,KBFC2108,Bedding Sets,Bedding,0.2565,0.0,0.0,,0.0,False,False
Wayfair US,22180,DesignArt Inc.,Maxwell Threlkeld,EBIE3445,Accent Pillows,Bedding,0.22,0.0,0.0,,0.0,False,False
Wayfair US,291,Surya,Alex Melius,YA66417,Accent Pillows,Bedding,0.1,0.0,0.0,,0.0,False,False
Wayfair US,19567,Mytex,Supplier Service Desk,NDWB1073,Bedding Sets,Bedding,0.2,0.0,22.89,,22.89,True,True
Wayfair US,36405,Colcha Linens,Jaiden Lawlor,AXBT1182,Bedding Sets,Bedding,0.2,0.0,0.0,,0.0,False,False
Wayfair US,23665,"Cozy Line Home Fashions, Inc.",Jaiden Lawlor,CLHF1470,Bedding Sets,Bedding,0.05,0.0,0.0,,0.0,False,False
Wayfair US,286791,"Boxer Home, LLC dba BOKSER HOME",Benjamin Hannigan,BKIE1018,Accent Pillows,Bedding,0.2,0.0,0.0,,0.0,False,False
Wayfair US,1748,Revman International,Missy Paragamian,VRWG2204,Bedding Sets,Bedding,0.2402,0.0,57.55,,57.55,True,True
Wayfair US,25843,"Bedshe International Co.,LTD",Rainbow Wu,BDUR3025,Blankets And Throws,Bedding,0.05,0.0,0.0,,0.0,False,False
Wayfair US,1093,Trademark Global,Karolina Coulter,OSBL1022,Blankets And Throws,Bedding,0.18,0.0,0.0,,0.0,False,False
Wayfair US,78708,Foshan Shiyue (Visionary) Trading Limited Company,Benjamin Hannigan,VSIO1092,Accent Pillows,Bedding,0.15,0.0,20.3,,20.3,True,True
Wayfair US,36405,Colcha Linens,Jaiden Lawlor,AXBT1155,Bedding Sets,Bedding,0.2,0.0,0.0,,0.0,False,False
Wayfair US,23665,"Cozy Line Home Fashions, Inc.",Jaiden Lawlor,CLHF1071,Bedding Sets,Bedding,0.05,0.0,7.67,,7.67,True,True
Wayfair US,1748,Revman International,Missy Paragamian,KBFC2833,Bedding Sets,Bedding,0.2371,0.0,0.0,,0.0,False,False
Wayfair US,36405,Colcha Linens,Jaiden Lawlor,AXBT1165,Bedding Sets,Bedding,0.2,0.0,0.0,,0.0,False,False
Wayfair US,1748,Revman International,Missy Paragamian,ERB10958,Bedding Sets,Bedding,0.3105,0.0,0.0,,0.0,False,False
Wayfair US,23665,"Cozy Line Home Fashions, Inc.",Jaiden Lawlor,CLHF1300,Kids Bedding Sets,Bedding,0.05,0.0,14.51,,14.51,True,True
Wayfair US,1987,JLA Home,Missy Paragamian,MBSA1019,Bedding Sets,Bedding,0.12,0.0,0.0,,0.0,False,False
Wayfair US,241908,"NANTONG WELL TEXTILE SCIENCE AND TECHNOLOGY CO., LTD",Jessica Gu,HNRE1044,Bedding Sets,Bedding,0.1,0.0,0.0,,0.0,False,False
Wayfair US,80197,CENTRADE INC.,Jessica Gu,WWMA1376,Accent Pillows,Bedding,0.06,0.0,0.0,,0.0,False,False
Wayfair US,72667,"Jiangsu Meideni Textile CO.,LTD",lance Zhou,ALDL1173,Bedding Sets,Bedding,0.21,0.0,0.0,,0.0,False,False
Wayfair US,7920,Riztex USA,Brianna Barrett,RZY11347,Accent Pillows,Bedding,0.26,0.0,0.0,,0.0,False,False
Wayfair US,1748,Revman International,Missy Paragamian,TBL11140,Bedding Sets,Bedding,0.40340000000000004,0.0,0.0,,0.0,False,False
Wayfair US,291,Surya,Alex Melius,YA76803,Accent Pillows,Bedding,0.1,0.0,3.95,,3.95,True,True
Wayfair US,23665,"Cozy Line Home Fashions, Inc.",Jaiden Lawlor,CLHF1174,Bedding Sets,Bedding,0.05,0.0,0.0,,0.0,False,False
Wayfair US,1748,Revman International,Missy Paragamian,MKK10168,Bedding Sets,Bedding,0.2,0.0,8.64,,8.64,True,True
Wayfair US,25843,"Bedshe International Co.,LTD",Rainbow Wu,BDUR1593,Blankets And Throws,Bedding,0.05,0.0,0.0,,0.0,False,False
Wayfair US,78708,Foshan Shiyue (Visionary) Trading Limited Company,Benjamin Hannigan,VSIO1067,Accent Pillows,Bedding,0.15,0.0,0.0,,0.0,False,False
Wayfair US,64269,Smithy Home Couture,Supplier Service Desk,XXIA1067,Accent Pillows,Bedding,0.18,0.0,23.84,,23.84,True,True
Wayfair US,1093,Trademark Global,Karolina Coulter,OSBL1017,Blankets And Throws,Bedding,0.31,0.0,0.0,,0.0,False,False
Wayfair US,43431,ocean home fashion inc,Asia Supplier Service Desk,MRCL1089,Bedding Sets,Bedding,0.11,0.0,0.0,,0.0,False,False
Wayfair US,291,Surya,Alex Melius,YA85246,Accent Pillows,Bedding,0.1,0.0,25.52,,25.52,True,True
Wayfair US,78708,Foshan Shiyue (Visionary) Trading Limited Company,Benjamin Hannigan,VSIO1090,Accent Pillows,Bedding,0.15,0.0,0.0,,0.0,False,False
Wayfair US,40097,jml trading llc,Asia Supplier Service Desk,JMLT1669,Blankets And Throws,Bedding,0.05,0.0,0.0,,0.0,False,False
Wayfair US,1987,JLA Home,Missy Paragamian,WLR1322,Bedding Sets,Bedding,0.15,0.0,0.0,,0.0,False,False
Wayfair US,22180,DesignArt Inc.,Maxwell Threlkeld,CBXL6715,Accent Pillows,Bedding,0.22,0.0,0.0,,0.0,False,False
Wayfair US,25843,"Bedshe International Co.,LTD",Rainbow Wu,BDUR2910,Blankets And Throws,Bedding,0.05,0.0,0.0,,0.0,False,False
Wayfair US,1748,Revman International,Missy Paragamian,TBL11166,Bedding Sets,Bedding,0.1164,0.0,0.0,,0.0,False,False
Wayfair US,1748,Revman International,Missy Paragamian,MBVB1700,Bedding Sets,Bedding,0.3036,0.0,0.0,,0.0,False,False
Wayfair US,1748,Revman International,Missy Paragamian,MBVB1752,Bedding Sets,Bedding,0.2,0.0,0.0,,0.0,False,False
Wayfair US,24282,"Nanshing America, Inc.",Jaiden Lawlor,NAAM1078,Bedding Sets,Bedding,0.1,0.0,0.0,,0.0,False,False
Wayfair US,1748,Revman International,Missy Paragamian,KBFC2757,Bedding Sets,Bedding,0.4122,0.0,0.0,,0.0,False,False
Wayfair US,19319,I Enjoy Bedding Company,Madison Carvalho,BCCY1045,Accent Pillows,Bedding,0.2,0.0,0.0,,0.0,False,False
Wayfair US,25843,"Bedshe International Co.,LTD",Rainbow Wu,BDUR1599,Blankets And Throws,Bedding,0.05,0.0,0.0,,0.0,False,False
Wayfair US,289956,Hangzhouduomitefangzhikejiyouxiangongsi,Asia Supplier Service Desk,DMVI1016,Accent Pillows,Bedding,0.15,0.0,0.0,,0.0,False,False
Wayfair US,36405,Colcha Linens,Jaiden Lawlor,AXBT1000,Bedding Sets,Bedding,0.2,0.0,0.0,,0.0,False,False
Wayfair US,2740,Home City Inc.,Jaiden Lawlor,HCY4433,Bedding Sets,Bedding,0.07,0.0,14.44,,14.44,True,True
Wayfair US,1748,Revman International,Missy Paragamian,MKK10155,Bedding Sets,Bedding,0.2,0.0,0.0,,0.0,False,False
Wayfair US,1093,Trademark Global,Karolina Coulter,LVRG2834,Blankets And Throws,Bedding,0.28,0.0,0.0,,0.0,False,False
Wayfair US,8586,Stupell Industries,Alex Sarkisian,VYHA4885,Accent Pillows,Bedding,0.2,0.0,0.0,,0.0,False,False
Wayfair US,7920,Riztex USA,Brianna Barrett,RZY11522,Accent Pillows,Bedding,0.25,0.0,0.0,,0.0,False,False
Wayfair US,13106,Plutus Partners LLC,Supplier Service Desk,PPTS3611,Blankets And Throws,Bedding,0.22,0.0,0.0,,0.0,False,False
Wayfair US,10545,Americanflat Corp,Waverly Winterer,EFW58897,Accent Pillows,Bedding,0.2,0.0,0.0,,0.0,False,False
Wayfair US,107502,QKXB INC,Asia Supplier Service Desk,JHAA1350,Accent Pillows,Bedding,0.31120000000000003,0.0,0.0,,0.0,False,False
Wayfair US,82119,11243098 Canada Inc,Kyle Pascale,HMSD1614,Accent Pillows,Bedding,0.05,0.0,37.98,,37.98,True,True
Wayfair US,22724,Home Choice International,Rainbow Wu,HCIG1155,Bedding Sets,Bedding,0.19,0.0,0.0,,0.0,False,False
Wayfair US,18684,"Best Home Fashion, Inc.",Madison Carvalho,EDIV1002,Blankets And Throws,Bedding,0.35,0.0,0.0,,0.0,False,False
Wayfair US,43431,ocean home fashion inc,Asia Supplier Service Desk,MRCL1145,Bedding Sets,Bedding,0.11,0.0,0.0,,0.0,False,False
Wayfair US,214227,"Caluha Company, LLC",Supplier Service Desk,UBAD1102,Accent Pillows,Bedding,0.15,0.0,0.0,,0.0,False,False
Wayfair US,23665,"Cozy Line Home Fashions, Inc.",Jaiden Lawlor,CLHF1324,Kids Bedding Sets,Bedding,0.05,0.0,0.0,,0.0,False,False
Wayfair US,25843,"Bedshe International Co.,LTD",Rainbow Wu,BDUR2336,Bedding Sets,Bedding,0.37,0.0,0.0,,0.0,False,False
Wayfair US,25843,"Bedshe International Co.,LTD",Rainbow Wu,BDUR1347,Bedding Sets,Bedding,0.1,0.0,3.79,,3.79,True,True
Wayfair US,13106,Plutus Partners LLC,Supplier Service Desk,PPTS3627,Blankets And Throws,Bedding,0.22,0.0,0.0,,0.0,False,False
Wayfair US,36405,Colcha Linens,Jaiden Lawlor,AXBT1841,Bedding Sets,Bedding,0.2,0.0,0.0,,0.0,False,False
Wayfair US,1093,Trademark Global,Karolina Coulter,ADML7914,Bedding Sets,Bedding,0.51,0.0,12.04,,12.04,True,True
Wayfair US,67551,"Suzhou lanqinglv Trading co,. ltd",lance Zhou,OELA1172,Bedding Sets,Bedding,0.3,0.0,0.0,,0.0,False,False
Wayfair US,1093,Trademark Global,Karolina Coulter,HNMS1049,Accent Pillows,Bedding,0.45,0.0,0.0,,0.0,False,False
Wayfair US,29398,CAN_HUI Resource,Supplier Service Desk,PBHM1688,Blankets And Throws,Bedding,0.35,0.0,12.47,,12.47,True,True
Wayfair US,49868,moonfairyco,Supplier Service Desk,MOFC1318,Accent Pillows,Bedding,0.2,0.0,0.0,,0.0,False,False
Wayfair US,17539,BNF Home,lance Zhou,HREN1282,Bedding Sets,Bedding,0.1,0.0,0.0,,0.0,False,False
Wayfair US,1987,JLA Home,Missy Paragamian,VBDN1014,Kids Bedding Sets,Bedding,0.07,0.0,16.91,,16.91,True,True
Wayfair US,35552,CAN_DesignArt Inc.,Paige Beattie,EBIE3444,Accent Pillows,Bedding,0.22,0.0,0.04,,0.04,True,True
Wayfair US,7920,Riztex USA,Brianna Barrett,RZY10465,Accent Pillows,Bedding,0.25,0.0,0.0,,0.0,False,False
Wayfair US,1748,Revman International,Missy Paragamian,QO10452,Blankets And Throws,Bedding,0.28,0.0,0.0,,0.0,False,False
Wayfair US,231459,Fabdivine LLC,Benjamin Hannigan,DBDI1845,Accent Pillows,Bedding,0.18,0.0,0.0,,0.0,False,False
Wayfair US,36405,Colcha Linens,Jaiden Lawlor,CETA2465,Bedding Sets,Bedding,0.2,0.0,0.0,,0.0,False,False
Wayfair US,25843,"Bedshe International Co.,LTD",Rainbow Wu,BDUR1787,Bedding Sets,Bedding,0.1,0.0,0.0,,0.0,False,False
Wayfair US,29398,CAN_HUI Resource,Supplier Service Desk,PBHM3139,Accent Pillows,Bedding,0.35,0.0,0.0,,0.0,False,False
Wayfair US,21028,EasyWay,Kate Schryver,ERB1621,Accent Pillows,Bedding,0.1,0.0,0.0,,0.0,False,False
Wayfair US,29398,CAN_HUI Resource,Supplier Service Desk,PBHM1687,Accent Pillows,Bedding,0.35,0.0,9.78,,9.78,True,True
Wayfair US,36405,Colcha Linens,Jaiden Lawlor,CETA2338,Bedding Sets,Bedding,0.2,0.0,0.0,,0.0,False,False
Wayfair US,36405,Colcha Linens,Jaiden Lawlor,AXBT1849,Bedding Sets,Bedding,0.2,0.0,0.0,,0.0,False,False
Wayfair US,12608,Lifestyle,Paige Beattie,BBMT4850,Accent Pillows,Bedding,0.3,0.0,0.0,,0.0,False,False
Wayfair US,301805,Nantongmijieshangmaoyouxiangongsi,Asia Supplier Service Desk,QANH4223,Blankets And Throws,Bedding,0.2,0.0,0.0,,0.0,False,False
Wayfair US,36405,Colcha Linens,Jaiden Lawlor,AXBT1619,Bedding Sets,Bedding,0.2,0.0,0.0,,0.0,False,False
Wayfair US,17539,BNF Home,lance Zhou,HREN1370,Bedding Sets,Bedding,0.1,0.0,0.0,,0.0,False,False
Wayfair US,65656,Topfinel,Elvira Tang,TPFI1040,Accent Pillows,Bedding,0.2,0.0,0.0,,0.0,False,False
Wayfair US,22180,DesignArt Inc.,Maxwell Threlkeld,CBZF8537,Accent Pillows,Bedding,0.22,0.0,1.29,,1.29,True,True
Wayfair US,381,Safavieh,Alex Resnick,FV74993,Accent Pillows,Bedding,0.1954,0.0,0.0,,0.0,False,False
Wayfair US,22724,Home Choice International,Rainbow Wu,HCIG1842,Bedding Sets,Bedding,0.26,0.0,0.0,,0.0,False,False
Wayfair US,7920,Riztex USA,Brianna Barrett,RZY10603,Blankets And Throws,Bedding,0.25,0.0,0.0,,0.0,False,False
Wayfair US,36405,Colcha Linens,Jaiden Lawlor,AXBT1895,Bedding Sets,Bedding,0.2,0.0,0.0,,0.0,False,False
Wayfair US,1987,JLA Home,Missy Paragamian,NCWA1564,Bedding Sets,Bedding,0.15,0.0,18.09,,18.09,True,True
Wayfair US,19567,Mytex,Supplier Service Desk,CBLN1027,Bedding Sets,Bedding,0.1,0.0,0.0,,0.0,False,False
Wayfair US,1748,Revman International,Missy Paragamian,TBL10972,Bedding Sets,Bedding,0.2712,0.0,17.05,,17.05,True,True
Wayfair US,23665,"Cozy Line Home Fashions, Inc.",Jaiden Lawlor,CLHF1105,Kids Bedding Sets,Bedding,0.05,0.0,0.0,,0.0,False,False
Wayfair US,231459,Fabdivine LLC,Benjamin Hannigan,DBDI1271,Accent Pillows,Bedding,0.18,0.0,0.0,,0.0,False,False
Wayfair US,36405,Colcha Linens,Jaiden Lawlor,AXBT1858,Bedding Sets,Bedding,0.2,0.0,0.0,,0.0,False,False
Wayfair US,381,Safavieh,Alex Resnick,BYST8681,Accent Pillows,Bedding,0.1954,0.0,0.0,,0.0,False,False
Wayfair US,1987,JLA Home,Missy Paragamian,CKSC1009,Accent Pillows,Bedding,0.07,0.0,0.0,,0.0,False,False
Wayfair US,36405,Colcha Linens,Jaiden Lawlor,AXBT1188,Bedding Sets,Bedding,0.2,0.0,0.0,,0.0,False,False
Wayfair US,1748,Revman International,Missy Paragamian,KCN10054,Bedding Sets,Bedding,0.251,0.0,0.0,,0.0,False,False
Wayfair US,36405,Colcha Linens,Jaiden Lawlor,AXBT1183,Bedding Sets,Bedding,0.2,0.0,0.0,,0.0,False,False
Wayfair US,1748,Revman International,Missy Paragamian,MSTT6534,Bedding Sets,Bedding,0.2087,0.0,0.0,,0.0,False,False
Wayfair US,291,Surya,Alex Melius,YA83034,Accent Pillows,Bedding,0.1,0.0,0.0,,0.0,False,False
Wayfair US,25843,"Bedshe International Co.,LTD",Rainbow Wu,BDUR1487,Bedding Sets,Bedding,0.17,0.0,0.0,,0.0,False,False
Wayfair US,36405,Colcha Linens,Jaiden Lawlor,AXBT1173,Bedding Sets,Bedding,0.2,0.0,0.0,,0.0,False,False
Wayfair US,23665,"Cozy Line Home Fashions, Inc.",Jaiden Lawlor,CLHF1433,Bedding Sets,Bedding,0.05,0.0,0.0,,0.0,False,False
Wayfair US,2554,Pem America,Benjamin Hannigan,UCXE1029,Bedding Sets,Bedding,0.18280000000000002,0.0,0.0,,0.0,False,False
Wayfair US,291,Surya,Alex Melius,YA85142,Accent Pillows,Bedding,0.1,0.0,0.0,,0.0,False,False
Wayfair US,25843,"Bedshe International Co.,LTD",Rainbow Wu,BDUR1585,Blankets And Throws,Bedding,0.05,0.0,0.0,,0.0,False,False
Wayfair US,2554,Pem America,Benjamin Hannigan,KBPN1095,Bedding Sets,Bedding,0.1,0.0,0.0,,0.0,False,False
Wayfair US,2554,Pem America,Benjamin Hannigan,UCXE1016,Bedding Sets,Bedding,0.1,0.0,12.16,,12.16,True,True
Wayfair US,1748,Revman International,Missy Paragamian,KBFC2504,Bedding Sets,Bedding,0.25239999999999996,0.0,14.77,,14.77,True,True
Wayfair US,12608,Lifestyle,Paige Beattie,BLMY1483,Blankets And Throws,Bedding,0.35,0.0,0.0,,0.0,False,False
Wayfair US,291,Surya,Alex Melius,YA83039,Accent Pillows,Bedding,0.1,0.0,0.0,,0.0,False,False
Wayfair US,211665,LAIHAMEUS INDUSTRIAL LIMITED,Asia Supplier Service Desk,LBEI1064,Accent Pillows,Bedding,0.09230000000000001,0.0,0.0,,0.0,False,False
Wayfair US,2554,Pem America,Benjamin Hannigan,KBPN1097,Bedding Sets,Bedding,0.1,0.0,10.18,,10.18,True,True
Wayfair US,1987,JLA Home,Missy Paragamian,NCWA2789,Blankets And Throws,Bedding,0.02,0.0,12.97,,12.97,True,True
Wayfair US,231459,Fabdivine LLC,Benjamin Hannigan,DBDI1833,Accent Pillows,Bedding,0.18,0.0,11.43,,11.43,True,True
Wayfair US,40097,jml trading llc,Asia Supplier Service Desk,JMLT1164,Blankets And Throws,Bedding,0.03,0.0,0.0,,0.0,False,False
Wayfair US,333115,Topfinel CAN,Vivian Peng,TPFI1059,Accent Pillows,Bedding,0.2,0.0,0.0,,0.0,False,False
Wayfair US,65656,Topfinel,Elvira Tang,TPFI1033,Accent Pillows,Bedding,0.45,0.0,0.0,,0.0,False,False
Wayfair US,17539,BNF Home,lance Zhou,HREN1038,Bedding Sets,Bedding,0.15,0.0,15.2,,15.2,True,True
Wayfair US,36405,Colcha Linens,Jaiden Lawlor,AXBT1606,Bedding Sets,Bedding,0.2,0.0,0.0,,0.0,False,False
Wayfair US,35160,Lava Garden Inc.,Supplier Service Desk,ACRY2724,Accent Pillows,Bedding,0.2,0.0,0.0,,0.0,False,False
Wayfair US,291,Surya,Alex Melius,YA83891,Accent Pillows,Bedding,0.1,0.0,0.0,,0.0,False,False
Wayfair US,291,Surya,Alex Melius,YA69565,Accent Pillows,Bedding,0.1,0.0,0.0,,0.0,False,False
Wayfair US,1093,Trademark Global,Karolina Coulter,LVRG2712,Blankets And Throws,Bedding,0.2,0.0,0.0,,0.0,False,False
Wayfair US,291,Surya,Alex Melius,YA74600,Accent Pillows,Bedding,0.1,0.0,0.0,,0.0,False,False
Wayfair US,23665,"Cozy Line Home Fashions, Inc.",Jaiden Lawlor,CLHF1362,Bedding Sets,Bedding,0.05,0.0,0.0,,0.0,False,False
Wayfair US,35552,CAN_DesignArt Inc.,Paige Beattie,CBZF9787,Accent Pillows,Bedding,0.22,0.0,0.0,,0.0,False,False
Wayfair US,36405,Colcha Linens,Jaiden Lawlor,AXBT1843,Bedding Sets,Bedding,0.2,0.0,0.0,,0.0,False,False
Wayfair US,43431,ocean home fashion inc,Asia Supplier Service Desk,MRCL1191,Bedding Sets,Bedding,0.11,0.0,21.8,,21.8,True,True
Wayfair US,231459,Fabdivine LLC,Benjamin Hannigan,DBDI1216,Accent Pillows,Bedding,0.18,0.0,0.0,,0.0,False,False
Wayfair US,36405,Colcha Linens,Jaiden Lawlor,CETA4684,Bedding Sets,Bedding,0.2,0.0,0.0,,0.0,False,False
Wayfair US,13106,Plutus Partners LLC,Supplier Service Desk,PPTS4607,Accent Pillows,Bedding,0.22,0.0,0.0,,0.0,False,False
Wayfair US,381,Safavieh,Alex Resnick,FV90682,Blankets And Throws,Bedding,0.1954,0.0,0.0,,0.0,False,False
Wayfair US,22180,DesignArt Inc.,Maxwell Threlkeld,ERBH3934,Accent Pillows,Bedding,0.22,0.0,0.0,,0.0,False,False
Wayfair US,22180,DesignArt Inc.,Maxwell Threlkeld,CBZG1596,Accent Pillows,Bedding,0.22,0.0,0.0,,0.0,False,False
Wayfair US,36405,Colcha Linens,Jaiden Lawlor,AXBT1582,Bedding Sets,Bedding,0.2,0.0,0.0,,0.0,False,False
Wayfair US,24282,"Nanshing America, Inc.",Jaiden Lawlor,MBSR1240,Bedding Sets,Bedding,0.1,0.0,0.0,,0.0,False,False
Wayfair US,64269,Smithy Home Couture,Supplier Service Desk,XXIA1064,Accent Pillows,Bedding,0.18,0.0,0.0,,0.0,False,False
Wayfair US,13106,Plutus Partners LLC,Supplier Service Desk,PPTS4799,Accent Pillows,Bedding,0.22,0.0,0.0,,0.0,False,False
Wayfair US,231459,Fabdivine LLC,Benjamin Hannigan,DBDI1549,Accent Pillows,Bedding,0.13,0.0,0.0,,0.0,False,False
Wayfair US,1748,Revman International,Missy Paragamian,TMBH1212,Bedding Sets,Bedding,0.4454,0.0,0.0,,0.0,False,False
Wayfair US,2554,Pem America,Benjamin Hannigan,UCXE1061,Bedding Sets,Bedding,0.1,0.0,0.0,,0.0,False,False
Wayfair US,17539,BNF Home,lance Zhou,SOFH1406,Blankets And Throws,Bedding,0.1,0.0,0.0,,0.0,False,False
Wayfair US,80197,CENTRADE INC.,Jessica Gu,WWMA1322,Accent Pillows,Bedding,0.15,0.0,0.0,,0.0,False,False
Wayfair US,1748,Revman International,Missy Paragamian,TBL10896,Bedding Sets,Bedding,0.2594,0.0,0.0,,0.0,False,False
Wayfair US,19680,JS Royal Home,Supplier Service Desk,VDER1007,Sheets & Pillowcases,Bedding,0.1,0.0,12.27,,12.27,True,True
Wayfair US,19680,JS Royal Home,Supplier Service Desk,VDER1009,Bedding Sets,Bedding,0.1,0.0,7.98,,7.98,True,True
Wayfair US,2740,Home City Inc.,Jaiden Lawlor,SPES1285,Bedding Sets,Bedding,0.07,0.0,0.0,,0.0,False,False
Wayfair US,1748,Revman International,Missy Paragamian,MKK10145,Bedding Sets,Bedding,0.2,0.0,0.0,,0.0,False,False
Wayfair US,291,Surya,Alex Melius,YA71641,Blankets And Throws,Bedding,0.1,0.0,14.92,,14.92,True,True
Wayfair US,291,Surya,Alex Melius,LVBS1063,Accent Pillows,Bedding,0.1,0.0,74.77,,74.77,True,True
Wayfair US,1748,Revman International,Missy Paragamian,QO10393,Bedding Sets,Bedding,0.3653,0.0,14.43,,14.43,True,True
Wayfair US,291,Surya,Alex Melius,YA78218,Accent Pillows,Bedding,0.1,0.0,23.14,,23.14,True,True
Wayfair US,8586,Stupell Industries,Alex Sarkisian,VYHM5582,Accent Pillows,Bedding,0.2,0.0,0.0,,0.0,False,False
Wayfair US,381,Safavieh,Alex Resnick,FV77676,Accent Pillows,Bedding,0.10339999999999999,0.0,0.0,,0.0,False,False
Wayfair US,1748,Revman International,Missy Paragamian,TBL10430,Accent Pillows,Bedding,0.20989999999999998,0.0,0.0,,0.0,False,False
Wayfair US,291,Surya,Alex Melius,BGLS8649,Accent Pillows,Bedding,0.1,0.0,18.11,,18.11,True,True
Wayfair US,25843,"Bedshe International Co.,LTD",Rainbow Wu,BDUR1454,Blankets And Throws,Bedding,0.05,0.0,0.0,,0.0,False,False
Wayfair US,150802,TONGXIANG ZHONGXIANG TEXTILES CO LTD,Sylvia Ding,SLKO1020,Bedding Sets,Bedding,0.5,0.0,0.0,,0.0,False,False
Wayfair US,1748,Revman International,Missy Paragamian,MBVB1306,Bedding Sets,Bedding,0.45640000000000003,0.0,0.0,,0.0,False,False
Wayfair US,22724,Home Choice International,Rainbow Wu,HCIG1686,Bedding Sets,Bedding,0.27,0.0,0.0,,0.0,False,False
Wayfair US,1987,JLA Home,Missy Paragamian,HUH10010,Bedding Sets,Bedding,0.12,0.0,0.0,,0.0,False,False
Wayfair US,291,Surya,Alex Melius,YA64345,Accent Pillows,Bedding,0.1,0.0,20.87,,20.87,True,True
Wayfair US,231496,"TEEMODERN, LLC dba Ethan Taylor",Alex Sarkisian,EHAA6334,Accent Pillows,Bedding,0.25,0.0,0.0,,0.0,False,False
Wayfair US,36405,Colcha Linens,Jaiden Lawlor,CETA2979,Bedding Sets,Bedding,0.2,0.0,0.0,,0.0,False,False
Wayfair US,313243,"SHANGHAI DAYA IMPORT & EXPORT CO., LTD.",Asia Supplier Service Desk,TSMO1009,Sheets & Pillowcases,Bedding,0.18,0.0,0.0,,0.0,False,False
Wayfair US,36405,Colcha Linens,Jaiden Lawlor,AXBT1172,Bedding Sets,Bedding,0.2,0.0,110.36,,110.36,True,True
Wayfair US,63138,"Changshu Youthsky Import Export Co.,Ltd",Jessica Gu,SEPL1073,Bedding Sets,Bedding,0.05,0.0,65.48,,65.48,True,True
Wayfair US,72734,"VISION VORTEX CO.,LTD",Qiwen Fan,BNGY1454,Blankets And Throws,Bedding,0.2,0.0,0.0,,0.0,False,False
Wayfair US,2740,Home City Inc.,Jaiden Lawlor,ANEW1167,Bedding Sets,Bedding,0.08,0.0,0.0,,0.0,False,False
Wayfair US,22724,Home Choice International,Rainbow Wu,HCIG1847,Accent Pillows,Bedding,0.22,0.0,2.29,,2.29,True,True
Wayfair US,64269,Smithy Home Couture,Supplier Service Desk,XXIA1117,Accent Pillows,Bedding,0.18,0.0,0.0,,0.0,False,False
Wayfair US,381,Safavieh,Alex Resnick,FV75869,Accent Pillows,Bedding,0.10339999999999999,0.0,0.0,,0.0,False,False
Wayfair US,23665,"Cozy Line Home Fashions, Inc.",Jaiden Lawlor,CLHF1212,Bedding Sets,Bedding,0.05,0.0,0.0,,0.0,False,False
Wayfair US,36405,Colcha Linens,Jaiden Lawlor,AXBT1032,Bedding Sets,Bedding,0.2,0.0,0.0,,0.0,False,False
Wayfair US,238729,Yantaishi Xingyudianzishangwu Youxiangongsi,Asia Supplier Service Desk,GCMO3975,Blankets And Throws,Bedding,0.52,0.0,0.0,,0.0,False,False
Wayfair US,36405,Colcha Linens,Jaiden Lawlor,AXBT1566,Bedding Sets,Bedding,0.2,0.0,0.0,,0.0,False,False
Wayfair US,381,Safavieh,Alex Resnick,FV89715,Accent Pillows,Bedding,0.1035,0.0,0.0,,0.0,False,False
Wayfair US,1748,Revman International,Missy Paragamian,MBVB1944,Accent Pillows,Bedding,0.39640000000000003,0.0,0.0,,0.0,False,False
Wayfair US,1987,JLA Home,Missy Paragamian,VBDN1053,Kids Bedding Sets,Bedding,0.02,0.0,0.0,,0.0,False,False
Wayfair US,5148,CGG Home Fashions,Supplier Service Desk,BPQ1139,Sheets & Pillowcases,Bedding,0.22030000000000002,0.0,0.0,,0.0,False,False
Wayfair US,23665,"Cozy Line Home Fashions, Inc.",Jaiden Lawlor,CLHF1352,Kids Bedding Sets,Bedding,0.05,0.0,13.32,,13.32,True,True
Wayfair US,1748,Revman International,Missy Paragamian,ERB10930,Bedding Sets,Bedding,0.294,0.0,0.0,,0.0,False,False
Wayfair US,1093,Trademark Global,Karolina Coulter,LVRG2874,Accent Pillows,Bedding,0.23,0.0,0.0,,0.0,False,False
Wayfair US,25843,"Bedshe International Co.,LTD",Rainbow Wu,BDUR2921,Bedding Sets,Bedding,0.15,0.0,10.29,,10.29,True,True
Wayfair US,35160,Lava Garden Inc.,Supplier Service Desk,ACRY1868,Accent Pillows,Bedding,0.5,0.0,0.0,,0.0,False,False
Wayfair US,23665,"Cozy Line Home Fashions, Inc.",Jaiden Lawlor,CLHF1164,Bedding Sets,Bedding,0.05,0.0,0.0,,0.0,False,False
Wayfair US,23665,"Cozy Line Home Fashions, Inc.",Jaiden Lawlor,CLHF1155,Bedding Sets,Bedding,0.05,0.0,0.0,,0.0,False,False
Wayfair US,1093,Trademark Global,Karolina Coulter,PLYH1126,Bedding Sets,Bedding,0.32,0.0,0.0,,0.0,False,False
Wayfair US,35552,CAN_DesignArt Inc.,Paige Beattie,CBZF8952,Accent Pillows,Bedding,0.22,0.0,0.0,,0.0,False,False
Wayfair US,12608,Lifestyle,Paige Beattie,WNST1161,Blankets And Throws,Bedding,0.35,0.0,9.56,,9.56,True,True
Wayfair US,19319,I Enjoy Bedding Company,Madison Carvalho,JLYI1286,Bedding Sets,Bedding,0.2,0.0,28.33,,28.33,True,True
Wayfair US,214227,"Caluha Company, LLC",Supplier Service Desk,UBAD1036,Accent Pillows,Bedding,0.15,0.0,0.0,,0.0,False,False
Wayfair US,231459,Fabdivine LLC,Benjamin Hannigan,DBDI2168,Accent Pillows,Bedding,0.13,0.0,17.21,,17.21,True,True
Wayfair US,35552,CAN_DesignArt Inc.,Paige Beattie,CBUV5313,Accent Pillows,Bedding,0.22,0.0,0.0,,0.0,False,False
Wayfair US,1748,Revman International,Missy Paragamian,QO10455,Blankets And Throws,Bedding,0.38630000000000003,0.0,0.0,,0.0,False,False
Wayfair US,25843,"Bedshe International Co.,LTD",Rainbow Wu,BDUR2362,Bedding Sets,Bedding,0.06,0.0,0.0,,0.0,False,False
Wayfair US,1748,Revman International,Missy Paragamian,KBFC1913,Bedding Sets,Bedding,0.2143,0.0,0.0,,0.0,False,False
Wayfair US,291,Surya,Alex Melius,YA83213,Accent Pillows,Bedding,0.1,0.0,0.0,,0.0,False,False
Wayfair US,36405,Colcha Linens,Jaiden Lawlor,AXBT1176,Bedding Sets,Bedding,0.2,0.0,0.0,,0.0,False,False
Wayfair US,23665,"Cozy Line Home Fashions, Inc.",Jaiden Lawlor,CLHF1475,Bedding Sets,Bedding,0.05,0.0,0.0,,0.0,False,False
Wayfair US,8586,Stupell Industries,Alex Sarkisian,VYH63899,Accent Pillows,Bedding,0.2,0.0,0.0,,0.0,False,False
Wayfair US,23665,"Cozy Line Home Fashions, Inc.",Jaiden Lawlor,VVRE3751,Accent Pillows,Bedding,0.05,0.0,0.0,,0.0,False,False
Wayfair US,12608,Lifestyle,Paige Beattie,UNOR3012,Accent Pillows,Bedding,0.3,0.0,0.0,,0.0,False,False
Wayfair US,2554,Pem America,Benjamin Hannigan,BDOK1153,Bedding Sets,Bedding,0.1,0.0,0.0,,0.0,False,False
Wayfair US,24282,"Nanshing America, Inc.",Jaiden Lawlor,MBSR1550,Bedding Sets,Bedding,0.11,0.0,0.0,,0.0,False,False
Wayfair US,291,Surya,Alex Melius,YA81057,Accent Pillows,Bedding,0.1,0.0,21.27,,21.27,True,True
Wayfair US,25843,"Bedshe International Co.,LTD",Rainbow Wu,BDUR1392,Bedding Sets,Bedding,0.15,0.0,0.0,,0.0,False,False
Wayfair US,22180,DesignArt Inc.,Maxwell Threlkeld,CBZF7346,Accent Pillows,Bedding,0.22,0.0,0.0,,0.0,False,False
Wayfair US,1093,Trademark Global,Karolina Coulter,PLYH1129,Bedding Sets,Bedding,0.5,0.0,0.0,,0.0,False,False
Wayfair US,43431,ocean home fashion inc,Asia Supplier Service Desk,MRCL1076,Bedding Sets,Bedding,0.11,0.0,0.0,,0.0,False,False
Wayfair US,7920,Riztex USA,Brianna Barrett,RZY11519,Accent Pillows,Bedding,0.25,0.0,0.0,,0.0,False,False
Wayfair US,14925,Lichtenberg,Missy Paragamian,GDIG1142,Accent Pillows,Bedding,0.2,0.0,0.0,,0.0,False,False
Wayfair US,22180,DesignArt Inc.,Maxwell Threlkeld,CBXL6753,Accent Pillows,Bedding,0.22,0.0,0.0,,0.0,False,False
Wayfair US,2740,Home City Inc.,Jaiden Lawlor,HCY2695,Bedding Sets,Bedding,0.07,0.0,0.0,,0.0,False,False
Wayfair US,1987,JLA Home,Missy Paragamian,LARK7700,Bedding Sets,Bedding,0.02,0.0,0.0,,0.0,False,False
Wayfair US,381,Safavieh,Alex Resnick,FV76004,Accent Pillows,Bedding,0.2183,0.0,0.0,,0.0,False,False
Wayfair US,1748,Revman International,Missy Paragamian,TBL11157,Bedding Sets,Bedding,0.24480000000000002,0.0,0.0,,0.0,False,False
Wayfair US,1093,Trademark Global,Karolina Coulter,PLYH1090,Blankets And Throws,Bedding,0.32,0.0,0.0,,0.0,False,False
Wayfair US,12608,Lifestyle,Paige Beattie,BGLS1072,Blankets And Throws,Bedding,0.35,0.0,0.0,,0.0,False,False
Wayfair US,1987,JLA Home,Missy Paragamian,KDIS3099,Bedding Sets,Bedding,0.02,0.0,0.0,,0.0,False,False
Wayfair US,58537,Covers And All,Kate Schryver,OALL2791,Accent Pillows,Bedding,0.13,0.0,0.0,,0.0,False,False
Wayfair US,22180,DesignArt Inc.,Maxwell Threlkeld,CBXW8316,Bedding Sets,Bedding,0.22,0.0,0.0,,0.0,False,False
Wayfair US,36405,Colcha Linens,Jaiden Lawlor,CETA2481,Bed Skirts,Bedding,0.2,0.0,0.0,,0.0,False,False
Wayfair US,25843,"Bedshe International Co.,LTD",Rainbow Wu,BDUR2002,Bedding Sets,Bedding,0.13,0.0,0.0,,0.0,False,False
Wayfair US,381,Safavieh,Alex Resnick,WRLO5797,Blankets And Throws,Bedding,0.10339999999999999,0.0,0.0,,0.0,False,False
Wayfair US,35552,CAN_DesignArt Inc.,Paige Beattie,CBZF6564,Accent Pillows,Bedding,0.22,0.0,0.0,,0.0,False,False
Wayfair US,291,Surya,Alex Melius,YA78181,Accent Pillows,Bedding,0.1,0.0,0.0,,0.0,False,False
Wayfair US,13106,Plutus Partners LLC,Supplier Service Desk,PPTS2836,Accent Pillows,Bedding,0.22,0.0,0.0,,0.0,False,False
Wayfair US,381,Safavieh,Alex Resnick,IVBX5747,Blankets And Throws,Bedding,0.1036,0.0,0.0,,0.0,False,False
Wayfair US,36405,Colcha Linens,Jaiden Lawlor,CETA4753,Bedding Sets,Bedding,0.6,0.0,0.0,,0.0,False,False
Wayfair US,7224,Greendale Home Fashions,Kate Schryver,GNF10360,Accent Pillows,Bedding,0.05,0.0,6.17,,6.17,True,True
Wayfair US,2740,Home City Inc.,Jaiden Lawlor,ZYWR2208,Blankets And Throws,Bedding,0.07,0.0,9.79,,9.79,True,True
Wayfair US,1987,JLA Home,Missy Paragamian,XBYB1074,Bedding Sets,Bedding,0.07,0.0,0.0,,0.0,False,False
Wayfair US,19680,JS Royal Home,Supplier Service Desk,VDER1022,Bedding Sets,Bedding,0.1,0.0,0.0,,0.0,False,False
Wayfair US,291,Surya,Alex Melius,YA85155,Accent Pillows,Bedding,0.1,0.0,0.0,,0.0,False,False
Wayfair US,78708,Foshan Shiyue (Visionary) Trading Limited Company,Benjamin Hannigan,VSIO1102,Accent Pillows,Bedding,0.15,0.0,0.0,,0.0,False,False
Wayfair US,36405,Colcha Linens,Jaiden Lawlor,AXBT1821,Bedding Sets,Bedding,0.2,0.0,0.0,,0.0,False,False
Wayfair US,35552,CAN_DesignArt Inc.,Paige Beattie,CBXL6778,Accent Pillows,Bedding,0.22,0.0,11.12,,11.12,True,True
Wayfair US,1748,Revman International,Missy Paragamian,MBVB1765,Bedding Sets,Bedding,0.271,0.0,13.0,,13.0,True,True
Wayfair US,80197,CENTRADE INC.,Jessica Gu,WWMA1161,Accent Pillows,Bedding,0.17,0.0,0.0,,0.0,False,False
Wayfair US,13106,Plutus Partners LLC,Supplier Service Desk,PPTS4535,Accent Pillows,Bedding,0.22,0.0,0.0,,0.0,False,False
Wayfair US,18684,"Best Home Fashion, Inc.",Madison Carvalho,AAOF1457,Blankets And Throws,Bedding,0.35,0.0,0.0,,0.0,False,False
Wayfair US,7920,Riztex USA,Brianna Barrett,RZY11504,Accent Pillows,Bedding,0.25,0.0,0.0,,0.0,False,False
Wayfair US,25843,"Bedshe International Co.,LTD",Rainbow Wu,BDUR1397,Bedding Sets,Bedding,0.15,0.0,0.0,,0.0,False,False
Wayfair US,25843,"Bedshe International Co.,LTD",Rainbow Wu,BDUR1407,Bedding Sets,Bedding,0.15,0.0,0.0,,0.0,False,False
Wayfair US,24120,JABA USA,Supplier Service Desk,JBAU1159,Bedding Sets,Bedding,0.2,0.0,0.0,,0.0,False,False
Wayfair US,214227,"Caluha Company, LLC",Supplier Service Desk,UBAD1011,Accent Pillows,Bedding,0.1,0.0,0.0,,0.0,False,False
Wayfair US,43431,ocean home fashion inc,Asia Supplier Service Desk,MRCL1011,Bedding Sets,Bedding,0.11,0.0,0.0,,0.0,False,False
Wayfair US,22180,DesignArt Inc.,Maxwell Threlkeld,CBZG1458,Accent Pillows,Bedding,0.22,0.0,0.0,,0.0,False,False
Wayfair US,76195,Ulli Home,Jaiden Lawlor,ULIH2952,Accent Pillows,Bedding,0.07,0.0,0.0,,0.0,False,False
Wayfair US,41493,HUI Resource,Supplier Service Desk,PBHM3325,Accent Pillows,Bedding,0.4,0.0,35.34,,35.34,True,True
Wayfair US,7920,Riztex USA,Brianna Barrett,BL7787,Accent Pillows,Bedding,0.25,0.0,0.0,,0.0,False,False
Wayfair US,36405,Colcha Linens,Jaiden Lawlor,AXBT1191,Bedding Sets,Bedding,0.2,0.0,0.0,,0.0,False,False
Wayfair US,59132,South Point Home Fashions Inc.,Jessica Gu,SLPE1170,Bedding Sets,Bedding,0.15,0.0,0.0,,0.0,False,False
Wayfair US,2554,Pem America,Benjamin Hannigan,UCXE1002,Bedding Sets,Bedding,0.1,0.0,0.0,,0.0,False,False
Wayfair US,1748,Revman International,Missy Paragamian,KBFC2679,Bedding Sets,Bedding,0.2713,0.0,0.0,,0.0,False,False
Wayfair US,13106,Plutus Partners LLC,Supplier Service Desk,PPTS4458,Accent Pillows,Bedding,0.22,0.0,0.0,,0.0,False,False
Wayfair US,262,Howard Elliott Collection,Robert Williams,RD11261,Accent Pillows,Bedding,0.1,0.0,0.0,,0.0,False,False
Wayfair US,36405,Colcha Linens,Jaiden Lawlor,AXBT1121,Bedding Sets,Bedding,0.2,0.0,0.0,,0.0,False,False
Wayfair US,2740,Home City Inc.,Jaiden Lawlor,HCY4529,Sheets & Pillowcases,Bedding,0.07,0.0,51.75,,51.75,True,True
Wayfair US,23665,"Cozy Line Home Fashions, Inc.",Jaiden Lawlor,CLHF1242,Bedding Sets,Bedding,0.05,0.0,18.47,,18.47,True,True
Wayfair US,43431,ocean home fashion inc,Asia Supplier Service Desk,MRCL1210,Bedding Sets,Bedding,0.11,0.0,0.0,,0.0,False,False
Wayfair US,24282,"Nanshing America, Inc.",Jaiden Lawlor,MBSR1496,Bedding Sets,Bedding,0.1,0.0,20.34,,20.34,True,True
Wayfair US,7224,Greendale Home Fashions,Kate Schryver,GNF10145,Accent Pillows,Bedding,0.05,0.0,0.0,,0.0,False,False
Wayfair US,36405,Colcha Linens,Jaiden Lawlor,AXBT1320,Bedding Sets,Bedding,0.2,0.0,0.0,,0.0,False,False
Wayfair US,2740,Home City Inc.,Jaiden Lawlor,HCY4777,Sheets & Pillowcases,Bedding,0.07,0.0,0.0,,0.0,False,False
Wayfair US,238729,Yantaishi Xingyudianzishangwu Youxiangongsi,Asia Supplier Service Desk,GCMO8015,Blankets And Throws,Bedding,0.36,0.0,0.0,,0.0,False,False
Wayfair US,27676,Gouchee Home,Demi Wang,GCEE1689,Accent Pillows,Bedding,0.2273,0.0,0.0,,0.0,False,False
Wayfair US,72734,"VISION VORTEX CO.,LTD",Qiwen Fan,HLEO1067,Blankets And Throws,Bedding,0.4,0.0,0.0,,0.0,False,False
Wayfair US,49868,moonfairyco,Supplier Service Desk,MOFC1125,Accent Pillows,Bedding,0.2,0.0,0.0,,0.0,False,False
Wayfair US,291,Surya,Alex Melius,WLRO1763,Accent Pillows,Bedding,0.1,0.0,0.0,,0.0,False,False
Wayfair US,1748,Revman International,Missy Paragamian,ERB10447,Bedding Sets,Bedding,0.1525,0.0,0.0,,0.0,False,False
Wayfair US,35160,Lava Garden Inc.,Supplier Service Desk,ACRY1611,Accent Pillows,Bedding,0.2,0.0,0.0,,0.0,False,False
Wayfair US,22180,DesignArt Inc.,Maxwell Threlkeld,CBZF7456,Accent Pillows,Bedding,0.22,0.0,0.0,,0.0,False,False
Wayfair US,23665,"Cozy Line Home Fashions, Inc.",Jaiden Lawlor,AGTG6617,Bedding Sets,Bedding,0.05,0.0,11.3,,11.3,True,True
Wayfair US,2554,Pem America,Benjamin Hannigan,SDCM1238,Bedding Sets,Bedding,0.049,0.0,0.0,,0.0,False,False
Wayfair US,2554,Pem America,Benjamin Hannigan,UCXE1107,Bedding Sets,Bedding,0.1,0.0,0.0,,0.0,False,False
Wayfair US,17539,BNF Home,lance Zhou,SOFH1423,Accent Pillows,Bedding,0.15,0.0,0.0,,0.0,False,False
Wayfair US,291,Surya,Alex Melius,WLSG3345,Accent Pillows,Bedding,0.1,0.0,0.0,,0.0,False,False
Wayfair US,8586,Stupell Industries,Alex Sarkisian,VYH51068,Accent Pillows,Bedding,0.2,0.0,0.0,,0.0,False,False
Wayfair US,36405,Colcha Linens,Jaiden Lawlor,CETA1115,Bedding Sets,Bedding,0.2,0.0,0.0,,0.0,False,False
Wayfair US,352358,"Shenzhen Eden Grove Decoration Co., LTD",Asia Supplier Service Desk,EENK1006,Accent Pillows,Bedding,0.18,0.0,0.0,,0.0,False,False
Wayfair US,2740,Home City Inc.,Jaiden Lawlor,SPES1181,Bedding Sets,Bedding,0.07,0.0,0.0,,0.0,False,False
Wayfair US,36405,Colcha Linens,Jaiden Lawlor,AXBT1556,Bedding Sets,Bedding,0.2,0.0,0.0,,0.0,False,False
Wayfair US,23665,"Cozy Line Home Fashions, Inc.",Jaiden Lawlor,CLHF1280,Bedding Sets,Bedding,0.05,0.0,0.0,,0.0,False,False
Wayfair US,24120,JABA USA,Supplier Service Desk,HMMD3262,Bedding Sets,Bedding,0.2,0.0,0.0,,0.0,False,False
Wayfair US,49868,moonfairyco,Supplier Service Desk,MOFC1178,Accent Pillows,Bedding,0.2,0.0,0.0,,0.0,False,False
Wayfair US,291,Surya,Alex Melius,YA77884,Accent Pillows,Bedding,0.1,0.0,0.0,,0.0,False,False
Wayfair US,80197,CENTRADE INC.,Jessica Gu,WWMA1085,Accent Pillows,Bedding,0.17,0.0,17.12,,17.12,True,True
Wayfair US,76195,Ulli Home,Jaiden Lawlor,ULIH1957,Accent Pillows,Bedding,0.07,0.0,0.0,,0.0,False,False
Wayfair US,8531,Art Remedy LLC,Kate Poletynski,XBZD1133,Accent Pillows,Bedding,0.2,0.0,0.0,,0.0,False,False
Wayfair US,1748,Revman International,Missy Paragamian,DRQH2067,Bedding Sets,Bedding,0.23129999999999998,0.0,0.0,,0.0,False,False
Wayfair US,14925,Lichtenberg,Missy Paragamian,GDIG1134,Blankets And Throws,Bedding,0.2,0.0,0.0,,0.0,False,False
Wayfair US,1748,Revman International,Missy Paragamian,VRWG2210,Bedding Sets,Bedding,0.3012,0.0,17.19,,17.19,True,True
Wayfair US,35552,CAN_DesignArt Inc.,Paige Beattie,CBZG1247,Accent Pillows,Bedding,0.22,0.0,16.78,,16.78,True,True
Wayfair US,23665,"Cozy Line Home Fashions, Inc.",Jaiden Lawlor,CLHF1206,Blankets And Throws,Bedding,0.05,0.0,0.0,,0.0,False,False
Wayfair US,291,Surya,Alex Melius,YA85224,Accent Pillows,Bedding,0.1,0.0,0.0,,0.0,False,False
Wayfair US,1987,JLA Home,Missy Paragamian,NDHB1027,Kids Bedding Sets,Bedding,0.02,0.0,0.0,,0.0,False,False
Wayfair US,1748,Revman International,Missy Paragamian,MBVB1907,Bedding Sets,Bedding,0.4042,0.0,0.0,,0.0,False,False
Wayfair US,63138,"Changshu Youthsky Import Export Co.,Ltd",Jessica Gu,SEPL1070,Bedding Sets,Bedding,0.05,0.0,0.0,,0.0,False,False
Wayfair US,36405,Colcha Linens,Jaiden Lawlor,AXBT1575,Bedding Sets,Bedding,0.2,0.0,0.0,,0.0,False,False
Wayfair US,25843,"Bedshe International Co.,LTD",Rainbow Wu,BDUR1667,Bedding Sets,Bedding,0.1,0.0,0.0,,0.0,False,False
Wayfair US,22077,Glitz Home,Zoey Li,GLHO1948,Blankets And Throws,Bedding,0.15,0.0,0.0,,0.0,False,False
Wayfair US,36405,Colcha Linens,Jaiden Lawlor,AXBT1997,Bedding Sets,Bedding,0.2,0.0,0.0,,0.0,False,False
Wayfair US,58537,Covers And All,Kate Schryver,OALL2689,Accent Pillows,Bedding,0.15,0.0,17.13,,17.13,True,True
Wayfair US,291,Surya,Alex Melius,YA70012,Bed Skirts,Bedding,0.1,0.0,0.0,,0.0,False,False
Wayfair US,291,Surya,Alex Melius,YA85207,Accent Pillows,Bedding,0.1,0.0,0.0,,0.0,False,False
Wayfair US,2740,Home City Inc.,Jaiden Lawlor,SPES1144,Sheets & Pillowcases,Bedding,0.07,0.0,0.0,,0.0,False,False
Wayfair US,156771,Noori Home LLC,Carly Baker,MLDW6793,Accent Pillows,Bedding,0.28,0.0,0.0,,0.0,False,False
Wayfair US,291,Surya,Alex Melius,RDBS7550,Accent Pillows,Bedding,0.1,0.0,0.0,,0.0,False,False
Wayfair US,23665,"Cozy Line Home Fashions, Inc.",Jaiden Lawlor,CLHF1060,Bedding Sets,Bedding,0.05,0.0,0.0,,0.0,False,False
Wayfair US,17539,BNF Home,lance Zhou,HREN1276,Bedding Sets,Bedding,0.15,0.0,0.0,,0.0,False,False
Wayfair US,23665,"Cozy Line Home Fashions, Inc.",Jaiden Lawlor,CLHF1028,Bedding Sets,Bedding,0.05,0.0,0.0,,0.0,False,False
Wayfair US,22180,DesignArt Inc.,Maxwell Threlkeld,CBZG1440,Accent Pillows,Bedding,0.22,0.0,0.0,,0.0,False,False
Wayfair US,35552,CAN_DesignArt Inc.,Paige Beattie,CBXW8021,Bedding Sets,Bedding,0.22,0.0,0.0,,0.0,False,False
Wayfair US,22180,DesignArt Inc.,Maxwell Threlkeld,EBID3128,Bedding Sets,Bedding,0.22,0.0,15.06,,15.06,True,True
Wayfair US,23665,"Cozy Line Home Fashions, Inc.",Jaiden Lawlor,CLHF1080,Bedding Sets,Bedding,0.05,0.0,0.0,,0.0,False,False
Wayfair US,1987,JLA Home,Missy Paragamian,JLZL1317,Bedding Sets,Bedding,0.12,0.0,0.0,,0.0,False,False
Wayfair US,80197,CENTRADE INC.,Jessica Gu,WWMA1087,Accent Pillows,Bedding,0.17,0.0,0.0,,0.0,False,False
Wayfair US,36405,Colcha Linens,Jaiden Lawlor,AXBT1852,Bedding Sets,Bedding,0.2,0.0,0.0,,0.0,False,False
Wayfair US,12608,Lifestyle,Paige Beattie,BGLS9939,Blankets And Throws,Bedding,0.35,0.0,0.0,,0.0,False,False
Wayfair US,22180,DesignArt Inc.,Maxwell Threlkeld,CBOC2927,Accent Pillows,Bedding,0.22,0.0,16.68,,16.68,True,True
Wayfair US,36405,Colcha Linens,Jaiden Lawlor,CETA1206,Accent Pillows,Bedding,0.2,0.0,0.0,,0.0,False,False
Wayfair US,291,Surya,Alex Melius,YA63853,Blankets And Throws,Bedding,0.1,0.0,2.46,,2.46,True,True
Wayfair US,1748,Revman International,Missy Paragamian,TMBH1211,Accent Pillows,Bedding,0.3215,0.0,0.0,,0.0,False,False
Wayfair US,1748,Revman International,Missy Paragamian,BCTS1270,Bedding Sets,Bedding,0.2305,0.0,7.68,,7.68,True,True
Wayfair US,22180,DesignArt Inc.,Maxwell Threlkeld,CBZF8959,Accent Pillows,Bedding,0.22,0.0,0.0,,0.0,False,False
Wayfair US,12608,Lifestyle,Paige Beattie,BBMT4843,Accent Pillows,Bedding,0.3,0.0,0.0,,0.0,False,False
Wayfair US,32808,CAN_Cathay Home Inc.,Paige Beattie,DRVU1283,Bedding Sets,Bedding,0.4,0.0,0.0,,0.0,False,False
Wayfair US,212282,Tocco Leggero Inc,Waverly Winterer,TCAO1251,Accent Pillows,Bedding,0.05,0.0,0.0,,0.0,False,False
Wayfair US,156771,Noori Home LLC,Carly Baker,MLDW6795,Accent Pillows,Bedding,0.3,0.0,0.0,,0.0,False,False
Wayfair US,7920,Riztex USA,Brianna Barrett,RZZY1178,Accent Pillows,Bedding,0.2,0.0,22.47,,22.47,True,True
Wayfair US,36405,Colcha Linens,Jaiden Lawlor,AXBT1192,Bedding Sets,Bedding,0.2,0.0,0.0,,0.0,False,False
Wayfair US,36405,Colcha Linens,Jaiden Lawlor,AXBT1275,Bedding Sets,Bedding,0.2,0.0,0.0,,0.0,False,False
Wayfair US,35552,CAN_DesignArt Inc.,Paige Beattie,CBZF6787,Accent Pillows,Bedding,0.22,0.0,0.0,,0.0,False,False
Wayfair US,2740,Home City Inc.,Jaiden Lawlor,ANEW1166,Blankets And Throws,Bedding,0.07,0.0,0.0,,0.0,False,False
Wayfair US,1987,JLA Home,Missy Paragamian,IKIY1190,Bedding Sets,Bedding,0.02,0.0,24.14,,24.14,True,True
Wayfair US,35160,Lava Garden Inc.,Supplier Service Desk,ACRY2939,Accent Pillows,Bedding,0.1,0.0,6.55,,6.55,True,True
Wayfair US,17539,BNF Home,lance Zhou,HREN1269,Bedding Sets,Bedding,0.15,0.0,0.0,,0.0,False,False
Wayfair US,36405,Colcha Linens,Jaiden Lawlor,AXBT1595,Bedding Sets,Bedding,0.2,0.0,0.0,,0.0,False,False
Wayfair US,1987,JLA Home,Missy Paragamian,ANEW1114,Bedding Sets,Bedding,0.15,0.0,13.14,,13.14,True,True
Wayfair US,291,Surya,Alex Melius,YA64969,Accent Pillows,Bedding,0.1,0.0,0.0,,0.0,False,False
Wayfair US,36405,Colcha Linens,Jaiden Lawlor,AXBT1867,Bedding Sets,Bedding,0.2,0.0,0.0,,0.0,False,False
Wayfair US,1748,Revman International,Missy Paragamian,TMBH1235,Bedding Sets,Bedding,0.17920000000000003,0.0,0.0,,0.0,False,False
Wayfair US,22180,DesignArt Inc.,Maxwell Threlkeld,CBZF7186,Accent Pillows,Bedding,0.22,0.0,0.0,,0.0,False,False
Wayfair US,2740,Home City Inc.,Jaiden Lawlor,SPES1273,Bedding Sets,Bedding,0.07,0.0,0.0,,0.0,False,False
Wayfair US,262,Howard Elliott Collection,Robert Williams,RD12431,Accent Pillows,Bedding,0.1,0.0,0.0,,0.0,False,False
Wayfair US,381,Safavieh,Alex Resnick,WRLO5695,Blankets And Throws,Bedding,0.1379,0.0,0.0,,0.0,False,False
Wayfair US,36405,Colcha Linens,Jaiden Lawlor,CETA2888,Bedding Sets,Bedding,0.2,0.0,0.0,,0.0,False,False
Wayfair US,72667,"Jiangsu Meideni Textile CO.,LTD",lance Zhou,ALDL1082,Bedding Sets,Bedding,0.26,0.0,0.0,,0.0,False,False
Wayfair US,80197,CENTRADE INC.,Jessica Gu,WWMA1170,Accent Pillows,Bedding,0.18,0.0,10.08,,10.08,True,True
Wayfair US,13106,Plutus Partners LLC,Supplier Service Desk,PPTS4456,Accent Pillows,Bedding,0.22,0.0,0.0,,0.0,False,False
Wayfair US,14580,Amrapur Overseas Inc.,Jaiden Lawlor,MDER1015,Bedding Sets,Bedding,0.15,0.0,0.0,,0.0,False,False
Wayfair US,13106,Plutus Partners LLC,Supplier Service Desk,PPTS7232,Accent Pillows,Bedding,0.22,0.0,0.0,,0.0,False,False
Wayfair US,291,Surya,Alex Melius,YA69626,Accent Pillows,Bedding,0.1,0.0,0.0,,0.0,False,False
Wayfair US,1748,Revman International,Missy Paragamian,MSTT6664,Bedding Sets,Bedding,0.2,0.0,22.39,,22.39,True,True
Wayfair US,1987,JLA Home,Missy Paragamian,XBYB1084,Blankets And Throws,Bedding,0.02,0.0,0.0,,0.0,False,False
Wayfair US,36405,Colcha Linens,Jaiden Lawlor,AXBT1842,Bedding Sets,Bedding,0.2,0.0,0.0,,0.0,False,False
Wayfair US,291,Surya,Alex Melius,YA86747,Accent Pillows,Bedding,0.1,0.0,0.0,,0.0,False,False
Wayfair US,36405,Colcha Linens,Jaiden Lawlor,AXBT1868,Bedding Sets,Bedding,0.2,0.0,0.0,,0.0,False,False
Wayfair US,36405,Colcha Linens,Jaiden Lawlor,CETA2448,Bedding Sets,Bedding,0.2,0.0,0.0,,0.0,False,False
Wayfair US,23665,"Cozy Line Home Fashions, Inc.",Jaiden Lawlor,CLHF1442,Bedding Sets,Bedding,0.05,0.0,15.35,,15.35,True,True
Wayfair US,35552,CAN_DesignArt Inc.,Paige Beattie,CBZF9466,Accent Pillows,Bedding,0.22,0.0,0.0,,0.0,False,False
Wayfair US,1987,JLA Home,Missy Paragamian,ZMIE7678,Kids Bedding Sets,Bedding,0.12,0.0,0.0,,0.0,False,False
Wayfair US,1748,Revman International,Missy Paragamian,MSTT6671,Bedding Sets,Bedding,0.2,0.0,22.39,,22.39,True,True
Wayfair US,8586,Stupell Industries,Alex Sarkisian,VYH42781,Accent Pillows,Bedding,0.2,0.0,9.65,,9.65,True,True
Wayfair US,36405,Colcha Linens,Jaiden Lawlor,AXBT1573,Bedding Sets,Bedding,0.2,0.0,0.0,,0.0,False,False
Wayfair US,19567,Mytex,Supplier Service Desk,CST60545,Bedding Sets,Bedding,0.15,0.0,0.0,,0.0,False,False
Wayfair US,7920,Riztex USA,Brianna Barrett,LRKM2045,Accent Pillows,Bedding,0.25,0.0,0.0,,0.0,False,False
Wayfair US,291,Surya,Alex Melius,YA70002,Bedding Sets,Bedding,0.1,0.0,0.0,,0.0,False,False
Wayfair US,1748,Revman International,Missy Paragamian,MBVB1256,Bedding Sets,Bedding,0.1634,0.0,0.0,,0.0,False,False
Wayfair US,381,Safavieh,Alex Resnick,FVAB7829,Accent Pillows,Bedding,0.10339999999999999,0.0,16.63,,16.63,True,True
Wayfair US,1748,Revman International,Missy Paragamian,MBVB1908,Bedding Sets,Bedding,0.36229999999999996,0.0,21.35,,21.35,True,True
Wayfair US,23665,"Cozy Line Home Fashions, Inc.",Jaiden Lawlor,VVRE3754,Accent Pillows,Bedding,0.05,0.0,0.0,,0.0,False,False
Wayfair US,212282,Tocco Leggero Inc,Waverly Winterer,TCAO1249,Accent Pillows,Bedding,0.05,0.0,0.0,,0.0,False,False
Wayfair US,2554,Pem America,Benjamin Hannigan,BDOK1136,Bedding Sets,Bedding,0.1,0.0,0.0,,0.0,False,False
Wayfair US,1748,Revman International,Missy Paragamian,MBVB1210,Bedding Sets,Bedding,0.45770000000000005,0.0,0.0,,0.0,False,False
Wayfair US,22180,DesignArt Inc.,Maxwell Threlkeld,CBUV6847,Accent Pillows,Bedding,0.22,0.0,0.0,,0.0,False,False
Wayfair US,17539,BNF Home,lance Zhou,WRLO6961,Bedding Sets,Bedding,0.1,0.0,22.01,,22.01,True,True
Wayfair US,29398,CAN_HUI Resource,Supplier Service Desk,PBHM3163,Accent Pillows,Bedding,0.35,0.0,0.0,,0.0,False,False
Wayfair US,1748,Revman International,Missy Paragamian,DRQH2117,Bedding Sets,Bedding,0.31679999999999997,0.0,0.0,,0.0,False,False
Wayfair US,80197,CENTRADE INC.,Jessica Gu,WWMA1444,Accent Pillows,Bedding,0.04,0.0,89.94,,89.94,True,True
Wayfair US,23665,"Cozy Line Home Fashions, Inc.",Jaiden Lawlor,CLHF1241,Bedding Sets,Bedding,0.05,0.0,0.0,,0.0,False,False
Wayfair US,1748,Revman International,Missy Paragamian,MSTT6533,Bedding Sets,Bedding,0.2652,0.0,0.0,,0.0,False,False
Wayfair US,120487,Zainitex Inc,Supplier Service Desk,RVAN1025,Bedding Sets,Bedding,0.2,0.0,0.0,,0.0,False,False
Wayfair US,19567,Mytex,Supplier Service Desk,CBLN1039,Bedding Sets,Bedding,0.3,0.0,0.0,,0.0,False,False
Wayfair US,35552,CAN_DesignArt Inc.,Paige Beattie,CBXL6745,Accent Pillows,Bedding,0.22,0.0,0.0,,0.0,False,False
Wayfair US,12165,Gerson Companies,Trevor Cody,HBSI1723,Accent Pillows,Bedding,0.08,0.0,0.0,,0.0,False,False
Wayfair US,29398,CAN_HUI Resource,Supplier Service Desk,PBHM3217,Accent Pillows,Bedding,0.35,0.0,0.0,,0.0,False,False
Wayfair US,156771,Noori Home LLC,Carly Baker,MLDW9552,Accent Pillows,Bedding,0.28,0.0,0.0,,0.0,False,False
Wayfair US,211665,LAIHAMEUS INDUSTRIAL LIMITED,Asia Supplier Service Desk,LBEI1063,Accent Pillows,Bedding,0.0971,0.0,0.0,,0.0,False,False
Wayfair US,49868,moonfairyco,Supplier Service Desk,MOFC1124,Accent Pillows,Bedding,0.2,0.0,0.0,,0.0,False,False
Wayfair US,35552,CAN_DesignArt Inc.,Paige Beattie,CBZG2278,Accent Pillows,Bedding,0.22,0.0,4.93,,4.93,True,True
Wayfair US,21718,Karat Home Inc (14 Karat),Sean Xu,KTHM1773,Accent Pillows,Bedding,0.7,0.0,2.34,,2.34,True,True
Wayfair US,1748,Revman International,Missy Paragamian,MBVB1825,Blankets And Throws,Bedding,0.3954,0.0,0.0,,0.0,False,False
Wayfair US,1748,Revman International,Missy Paragamian,TBL11146,Accent Pillows,Bedding,0.3829,0.0,4.06,,4.06,True,True
Wayfair US,1748,Revman International,Missy Paragamian,VRWG2236,Bedding Sets,Bedding,0.33,0.0,0.0,,0.0,False,False
Wayfair US,381,Safavieh,Alex Resnick,MRCR1042,Accent Pillows,Bedding,0.10339999999999999,0.0,0.0,,0.0,False,False
Wayfair US,297537,"Haimen Zhencai Household Textile Co.,Ltd",Asia Supplier Service Desk,OBAE1000,Blankets And Throws,Bedding,0.15,0.0,7.39,,7.39,True,True
Wayfair US,291,Surya,Alex Melius,YA75175,Blankets And Throws,Bedding,0.1,0.0,0.0,,0.0,False,False
Wayfair US,36405,Colcha Linens,Jaiden Lawlor,AXBT1835,Bedding Sets,Bedding,0.2,0.0,0.0,,0.0,False,False
Wayfair US,1748,Revman International,Missy Paragamian,TBL10764,Bedding Sets,Bedding,0.41490000000000005,0.0,0.0,,0.0,False,False
Wayfair US,1748,Revman International,Missy Paragamian,VRWG2220,Bedding Sets,Bedding,0.33,0.0,0.0,,0.0,False,False
Wayfair US,1748,Revman International,Missy Paragamian,MSTT6605,Bedding Sets,Bedding,0.2939,0.0,0.0,,0.0,False,False
Wayfair US,215836,TRINITY  INTERNATIONAL,Wendy Wang,GGVE4460,Blankets And Throws,Bedding,0.3,0.0,0.0,,0.0,False,False
Wayfair US,24120,JABA USA,Supplier Service Desk,SCAE1577,Bedding Sets,Bedding,0.2,0.0,0.0,,0.0,False,False
Wayfair US,2740,Home City Inc.,Jaiden Lawlor,HCY3225,Bedding Sets,Bedding,0.07,0.0,0.0,,0.0,False,False
Wayfair US,1748,Revman International,Missy Paragamian,MSTT6580,Accent Pillows,Bedding,0.34979999999999994,0.0,5.35,,5.35,True,True
Wayfair US,36405,Colcha Linens,Jaiden Lawlor,AXBT1075,Bedding Sets,Bedding,0.2,0.0,0.0,,0.0,False,False
Wayfair US,291,Surya,Alex Melius,YA71852,Accent Pillows,Bedding,0.1,0.0,0.0,,0.0,False,False
Wayfair US,291,Surya,Alex Melius,YA83237,Accent Pillows,Bedding,0.1,0.0,0.0,,0.0,False,False
Wayfair US,36405,Colcha Linens,Jaiden Lawlor,AXBT1110,Bedding Sets,Bedding,0.2,0.0,0.0,,0.0,False,False
Wayfair US,1748,Revman International,Missy Paragamian,ERB10976,Accent Pillows,Bedding,0.2373,0.0,0.0,,0.0,False,False
Wayfair US,58537,Covers And All,Kate Schryver,OALL2710,Accent Pillows,Bedding,0.13,0.0,0.0,,0.0,False,False
Wayfair US,1093,Trademark Global,Karolina Coulter,LVRG2512,Blankets And Throws,Bedding,0.32,0.0,0.0,,0.0,False,False
Wayfair US,13106,Plutus Partners LLC,Supplier Service Desk,PPTS7329,Blankets And Throws,Bedding,0.22,0.0,0.0,,0.0,False,False
Wayfair US,1987,JLA Home,Missy Paragamian,VBDN1036,Kids Bedding Sets,Bedding,0.12,0.0,0.0,,0.0,False,False
Wayfair US,2554,Pem America,Benjamin Hannigan,FEFA1034,Sheets & Pillowcases,Bedding,0.1,0.0,0.0,,0.0,False,False
Wayfair US,381,Safavieh,Alex Resnick,FV79047,Accent Pillows,Bedding,0.10339999999999999,0.0,12.22,,12.22,True,True
Wayfair US,2554,Pem America,Benjamin Hannigan,VICU1064,Bedding Sets,Bedding,0.1,0.0,0.0,,0.0,False,False
Wayfair US,67551,"Suzhou lanqinglv Trading co,. ltd",lance Zhou,OELA1137,Bedding Sets,Bedding,0.3,0.0,0.0,,0.0,False,False
Wayfair US,36405,Colcha Linens,Jaiden Lawlor,AXBT1856,Bedding Sets,Bedding,0.2,0.0,0.0,,0.0,False,False
Wayfair US,2554,Pem America,Benjamin Hannigan,UCXE1060,Sheets & Pillowcases,Bedding,0.1,0.0,0.0,,0.0,False,False
Wayfair US,12608,Lifestyle,Paige Beattie,ALTH8160,Blankets And Throws,Bedding,0.35,0.0,0.0,,0.0,False,False
Wayfair US,291,Surya,Alex Melius,YA68711,Accent Pillows,Bedding,0.1,0.0,0.0,,0.0,False,False
Wayfair US,23665,"Cozy Line Home Fashions, Inc.",Jaiden Lawlor,VVRE3752,Accent Pillows,Bedding,0.05,0.0,0.0,,0.0,False,False
Wayfair US,24282,"Nanshing America, Inc.",Jaiden Lawlor,MBSR1545,Bedding Sets,Bedding,0.1,0.0,33.19,,33.19,True,True
Wayfair US,36405,Colcha Linens,Jaiden Lawlor,CETA3958,Bedding Sets,Bedding,0.2,0.0,0.0,,0.0,False,False
Wayfair US,22180,DesignArt Inc.,Maxwell Threlkeld,CBZF8746,Accent Pillows,Bedding,0.22,0.0,0.0,,0.0,False,False
Wayfair US,297537,"Haimen Zhencai Household Textile Co.,Ltd",Asia Supplier Service Desk,OBAE1004,Bedding Sets,Bedding,0.2002,0.0,0.0,,0.0,False,False
Wayfair US,1748,Revman International,Missy Paragamian,VRWG2255,Bedding Sets,Bedding,0.2778,0.0,0.0,,0.0,False,False
Wayfair US,1748,Revman International,Missy Paragamian,KCN10151,Bedding Sets,Bedding,0.2335,0.0,0.0,,0.0,False,False
Wayfair US,35552,CAN_DesignArt Inc.,Paige Beattie,CBXM5732,Bedding Sets,Bedding,0.22,0.0,0.0,,0.0,False,False
Wayfair US,19319,I Enjoy Bedding Company,Madison Carvalho,BCCY1040,Accent Pillows,Bedding,0.2,0.0,0.0,,0.0,False,False
Wayfair US,22180,DesignArt Inc.,Maxwell Threlkeld,CBZF6918,Accent Pillows,Bedding,0.22,0.0,4.93,,4.93,True,True
Wayfair US,1093,Trademark Global,Karolina Coulter,HYTF5225,Accent Pillows,Bedding,0.15,0.0,1.07,,1.07,True,True
Wayfair US,24282,"Nanshing America, Inc.",Jaiden Lawlor,MBSR1576,Bedding Sets,Bedding,0.1,0.0,0.0,,0.0,False,False
Wayfair US,23665,"Cozy Line Home Fashions, Inc.",Jaiden Lawlor,CLHF1217,Bedding Sets,Bedding,0.05,0.0,0.0,,0.0,False,False
Wayfair US,2554,Pem America,Benjamin Hannigan,SDCM1275,Sheets & Pillowcases,Bedding,0.0864,0.0,9.17,,9.17,True,True
Wayfair US,231459,Fabdivine LLC,Benjamin Hannigan,DBDI1048,Accent Pillows,Bedding,0.18,0.0,0.0,,0.0,False,False
Wayfair US,12608,Lifestyle,Paige Beattie,WNST1166,Blankets And Throws,Bedding,0.35,0.0,0.0,,0.0,False,False
Wayfair US,36405,Colcha Linens,Jaiden Lawlor,CETA4733,Bedding Sets,Bedding,0.6,0.0,0.0,,0.0,False,False
Wayfair US,231459,Fabdivine LLC,Benjamin Hannigan,DBDI2005,Accent Pillows,Bedding,0.1,0.0,0.0,,0.0,False,False
Wayfair US,23665,"Cozy Line Home Fashions, Inc.",Jaiden Lawlor,CLHF1434,Bedding Sets,Bedding,0.05,0.0,0.0,,0.0,False,False
Wayfair US,1093,Trademark Global,Karolina Coulter,PLYH1100,Blankets And Throws,Bedding,0.41,0.0,0.0,,0.0,False,False
Wayfair US,1987,JLA Home,Missy Paragamian,JLZL1322,Bedding Sets,Bedding,0.02,0.0,0.0,,0.0,False,False
Wayfair US,2554,Pem America,Benjamin Hannigan,SDCM1154,Bedding Sets,Bedding,0.09,0.0,0.0,,0.0,False,False
Wayfair US,2554,Pem America,Benjamin Hannigan,FYEB1015,Bedding Sets,Bedding,0.1,0.0,21.82,,21.82,True,True
Wayfair US,2554,Pem America,Benjamin Hannigan,SDCM1085,Bedding Sets,Bedding,0.1,0.0,7.54,,7.54,True,True
Wayfair US,35552,CAN_DesignArt Inc.,Paige Beattie,CBXL6802,Accent Pillows,Bedding,0.22,0.0,0.0,,0.0,False,False
Wayfair US,36405,Colcha Linens,Jaiden Lawlor,CETA3330,Bedding Sets,Bedding,0.2,0.0,0.0,,0.0,False,False
Wayfair US,2554,Pem America,Benjamin Hannigan,KBPN1039,Bedding Sets,Bedding,0.1,0.0,0.0,,0.0,False,False
Wayfair US,231459,Fabdivine LLC,Benjamin Hannigan,DBDI1107,Accent Pillows,Bedding,0.18,0.0,0.0,,0.0,False,False
Wayfair US,43431,ocean home fashion inc,Asia Supplier Service Desk,MRCL1100,Bedding Sets,Bedding,0.11,0.0,0.0,,0.0,False,False
Wayfair US,2554,Pem America,Benjamin Hannigan,SDCM1268,Bedding Sets,Bedding,0.1,0.0,16.0,,16.0,True,True
Wayfair US,13106,Plutus Partners LLC,Supplier Service Desk,PPTS4389,Accent Pillows,Bedding,0.22,0.0,0.0,,0.0,False,False
Wayfair US,8531,Art Remedy LLC,Kate Poletynski,XBZD2226,Accent Pillows,Bedding,0.2,0.0,0.0,,0.0,False,False
Wayfair US,13106,Plutus Partners LLC,Supplier Service Desk,PPTS4695,Blankets And Throws,Bedding,0.22,0.0,0.0,,0.0,False,False
Wayfair US,2554,Pem America,Benjamin Hannigan,CANN1180,Bedding Sets,Bedding,0.1,0.0,0.0,,0.0,False,False
Wayfair US,35552,CAN_DesignArt Inc.,Paige Beattie,CBZG1736,Accent Pillows,Bedding,0.22,0.0,0.0,,0.0,False,False
Wayfair US,291,Surya,Alex Melius,YA77833,Accent Pillows,Bedding,0.1,0.0,0.0,,0.0,False,False
Wayfair US,12608,Lifestyle,Paige Beattie,BGLS1065,Blankets And Throws,Bedding,0.35,0.0,0.0,,0.0,False,False
Wayfair US,1987,JLA Home,Missy Paragamian,XS10550,Blankets And Throws,Bedding,0.02,0.0,11.72,,11.72,True,True
Wayfair US,1748,Revman International,Missy Paragamian,ERB10803,Blankets And Throws,Bedding,0.47350000000000003,0.0,0.0,,0.0,False,False
Wayfair US,2740,Home City Inc.,Jaiden Lawlor,SPES1193,Bedding Sets,Bedding,0.07,0.0,0.0,,0.0,False,False
Wayfair US,22180,DesignArt Inc.,Maxwell Threlkeld,CBXM5888,Bedding Sets,Bedding,0.22,0.0,0.0,,0.0,False,False
Wayfair US,2554,Pem America,Benjamin Hannigan,SDCM1100,Bedding Sets,Bedding,0.0786,0.0,0.0,,0.0,False,False
Wayfair US,13106,Plutus Partners LLC,Supplier Service Desk,PPTS4921,Accent Pillows,Bedding,0.22,0.0,0.0,,0.0,False,False
Wayfair US,25843,"Bedshe International Co.,LTD",Rainbow Wu,BDUR3034,Blankets And Throws,Bedding,0.05,0.0,0.0,,0.0,False,False
Wayfair US,7224,Greendale Home Fashions,Kate Schryver,LATD3654,Accent Pillows,Bedding,0.25,0.0,19.35,,19.35,True,True
Wayfair US,36405,Colcha Linens,Jaiden Lawlor,CETA2869,Accent Pillows,Bedding,0.2,0.0,0.0,,0.0,False,False
Wayfair US,49868,moonfairyco,Supplier Service Desk,MOFC1305,Accent Pillows,Bedding,0.2,0.0,0.0,,0.0,False,False
Wayfair US,23665,"Cozy Line Home Fashions, Inc.",Jaiden Lawlor,CLHF1066,Bedding Sets,Bedding,0.05,0.0,0.0,,0.0,False,False
Wayfair US,23665,"Cozy Line Home Fashions, Inc.",Jaiden Lawlor,CLHF1072,Kids Bedding Sets,Bedding,0.05,0.0,0.0,,0.0,False,False
Wayfair US,76195,Ulli Home,Jaiden Lawlor,ULIH2603,Accent Pillows,Bedding,0.07,0.0,0.0,,0.0,False,False
Wayfair US,279921,Maxaya LLC,Prisha Mark,MXAY6689,Accent Pillows,Bedding,0.21989999999999998,0.0,0.0,,0.0,False,False
Wayfair US,279921,Maxaya LLC,Prisha Mark,MXAY8764,Accent Pillows,Bedding,0.21989999999999998,0.0,0.0,,0.0,False,False
Wayfair US,212282,Tocco Leggero Inc,Waverly Winterer,GGGR1217,Blankets And Throws,Bedding,0.05,0.0,0.0,,0.0,False,False
Wayfair US,313243,"SHANGHAI DAYA IMPORT & EXPORT CO., LTD.",Asia Supplier Service Desk,TSMO1004,Bedding Sets,Bedding,0.12,0.0,0.0,,0.0,False,False
Wayfair US,76195,Ulli Home,Jaiden Lawlor,ULIH2766,Accent Pillows,Bedding,0.07,0.0,0.0,,0.0,False,False
Wayfair US,78708,Foshan Shiyue (Visionary) Trading Limited Company,Benjamin Hannigan,VSIO1133,Accent Pillows,Bedding,0.15,0.0,0.0,,0.0,False,False
Wayfair US,21718,Karat Home Inc (14 Karat),Sean Xu,KTHM1297,Bedding Sets,Bedding,0.2,0.0,0.0,,0.0,False,False
Wayfair US,36405,Colcha Linens,Jaiden Lawlor,CETA3328,Bedding Sets,Bedding,0.2,0.0,0.0,,0.0,False,False
Wayfair US,2740,Home City Inc.,Jaiden Lawlor,HCY4611,Bedding Sets,Bedding,0.07,0.0,0.0,,0.0,False,False
Wayfair US,36405,Colcha Linens,Jaiden Lawlor,CETA2601,Bedding Sets,Bedding,0.2,0.0,0.0,,0.0,False,False
Wayfair US,24120,JABA USA,Supplier Service Desk,JBAU1119,Bedding Sets,Bedding,0.2,0.0,0.0,,0.0,False,False
Wayfair US,43431,ocean home fashion inc,Asia Supplier Service Desk,MRCL1184,Bedding Sets,Bedding,0.11,0.0,0.0,,0.0,False,False
Wayfair US,36405,Colcha Linens,Jaiden Lawlor,AXBT1216,Bedding Sets,Bedding,0.2,0.0,0.0,,0.0,False,False
Wayfair US,36405,Colcha Linens,Jaiden Lawlor,CETA1201,Bedding Sets,Bedding,0.2,0.0,0.0,,0.0,False,False
Wayfair US,291,Surya,Alex Melius,YA81474,Accent Pillows,Bedding,0.1,0.0,12.16,,12.16,True,True
Wayfair US,22180,DesignArt Inc.,Maxwell Threlkeld,CBZF6628,Accent Pillows,Bedding,0.22,0.0,0.0,,0.0,False,False
Wayfair US,17539,BNF Home,lance Zhou,MIPN2453,Blankets And Throws,Bedding,0.1,0.0,0.0,,0.0,False,False
Wayfair US,2740,Home City Inc.,Jaiden Lawlor,SEHO3045,Sheets & Pillowcases,Bedding,0.07,0.0,10.24,,10.24,True,True
Wayfair US,1748,Revman International,Missy Paragamian,KCN10124,Blankets And Throws,Bedding,0.46520000000000006,0.0,0.0,,0.0,False,False
Wayfair US,2740,Home City Inc.,Jaiden Lawlor,ZYWR1796,Sheets & Pillowcases,Bedding,0.08,0.0,0.0,,0.0,False,False
Wayfair US,6812,Nearly Natural,Maxwell Threlkeld,MBVL8281,Accent Pillows,Bedding,0.1,0.0,0.0,,0.0,False,False
Wayfair US,291,Surya,Alex Melius,YA83880,Accent Pillows,Bedding,0.1,0.0,0.0,,0.0,False,False
Wayfair US,2554,Pem America,Benjamin Hannigan,RYV1005,Bedding Sets,Bedding,0.1,0.0,0.0,,0.0,False,False
Wayfair US,24282,"Nanshing America, Inc.",Jaiden Lawlor,MBSR1326,Bedding Sets,Bedding,0.1,0.0,0.0,,0.0,False,False
Wayfair US,23665,"Cozy Line Home Fashions, Inc.",Jaiden Lawlor,CLHF1031,Bedding Sets,Bedding,0.05,0.0,0.0,,0.0,False,False
Wayfair US,81366,Aholicdeals Inc,Supplier Service Desk,AOAI1505,Sheets & Pillowcases,Bedding,0.05,0.0,0.0,,0.0,False,False
Wayfair US,2554,Pem America,Benjamin Hannigan,UCXE1110,Bedding Sets,Bedding,0.1,0.0,0.0,,0.0,False,False
Wayfair US,1987,JLA Home,Missy Paragamian,MBSA1074,Bedding Sets,Bedding,0.12,0.0,0.0,,0.0,False,False
Wayfair US,1093,Trademark Global,Karolina Coulter,LVRG2510,Blankets And Throws,Bedding,0.25,0.0,0.0,,0.0,False,False
Wayfair US,1748,Revman International,Missy Paragamian,VRWG2208,Sheets & Pillowcases,Bedding,0.1382,0.0,28.38,,28.38,True,True
Wayfair US,29398,CAN_HUI Resource,Supplier Service Desk,PBHM2009,Accent Pillows,Bedding,0.25,0.0,5.35,,5.35,True,True
Wayfair US,23665,"Cozy Line Home Fashions, Inc.",Jaiden Lawlor,CLHF1308,Bedding Sets,Bedding,0.05,0.0,0.0,,0.0,False,False
Wayfair US,24282,"Nanshing America, Inc.",Jaiden Lawlor,MBSR1381,Bedding Sets,Bedding,0.15,0.0,0.0,,0.0,False,False
Wayfair US,80197,CENTRADE INC.,Jessica Gu,WWMA1268,Accent Pillows,Bedding,0.15,0.0,0.0,,0.0,False,False
Wayfair US,16941,Sunham Home Fashions,Benjamin Hannigan,LCST1303,Bedding Sets,Bedding,0.12,0.0,0.0,,0.0,False,False
Wayfair US,231459,Fabdivine LLC,Benjamin Hannigan,DBDI1121,Accent Pillows,Bedding,0.21,0.0,0.0,,0.0,False,False
Wayfair US,36405,Colcha Linens,Jaiden Lawlor,CHLN7423,Bedding Sets,Bedding,0.2,0.0,0.0,,0.0,False,False
Wayfair US,12248,India's Heritage,Supplier Service Desk,JLZD1407,Bedding Accessories,Bedding,0.25,0.0,0.0,,0.0,False,False
Wayfair US,286791,"Boxer Home, LLC dba BOKSER HOME",Benjamin Hannigan,BKIE1046,Bedding Sets,Bedding,0.2,0.0,0.0,,0.0,False,False
Wayfair US,36405,Colcha Linens,Jaiden Lawlor,CETA1214,Bedding Sets,Bedding,0.2,0.0,0.0,,0.0,False,False
Wayfair US,76195,Ulli Home,Jaiden Lawlor,ULIH1947,Accent Pillows,Bedding,0.07,0.0,0.0,,0.0,False,False
Wayfair US,24282,"Nanshing America, Inc.",Jaiden Lawlor,MBSR1630,Bedding Sets,Bedding,0.1,0.0,22.23,,22.23,True,True
Wayfair US,13106,Plutus Partners LLC,Supplier Service Desk,PPTS4803,Accent Pillows,Bedding,0.22,0.0,0.0,,0.0,False,False
Wayfair US,14925,Lichtenberg,Missy Paragamian,GDIG1139,Accent Pillows,Bedding,0.2,0.0,0.0,,0.0,False,False
Wayfair US,231459,Fabdivine LLC,Benjamin Hannigan,DBDI1466,Accent Pillows,Bedding,0.13,0.0,0.0,,0.0,False,False
Wayfair US,29398,CAN_HUI Resource,Supplier Service Desk,PBHM3221,Accent Pillows,Bedding,0.35,0.0,0.0,,0.0,False,False
Wayfair US,43431,ocean home fashion inc,Asia Supplier Service Desk,MRCL1053,Kids Bedding Sets,Bedding,0.11,0.0,0.0,,0.0,False,False
Wayfair US,381,Safavieh,Alex Resnick,FV82629,Accent Pillows,Bedding,0.1955,0.0,0.0,,0.0,False,False
Wayfair US,36405,Colcha Linens,Jaiden Lawlor,CETA3331,Bed Skirts,Bedding,0.2,0.0,0.0,,0.0,False,False
Wayfair US,304913,Zhongshan Shuoda Hardware & Electrical co. Ltd,Asia Supplier Service Desk,TNMI1025,Blankets And Throws,Bedding,0.3,0.0,0.0,,0.0,False,False
Wayfair US,7920,Riztex USA,Brianna Barrett,RZY11197,Blankets And Throws,Bedding,0.25,0.0,0.0,,0.0,False,False
Wayfair US,36405,Colcha Linens,Jaiden Lawlor,AXBT1125,Bedding Sets,Bedding,0.2,0.0,0.0,,0.0,False,False
Wayfair US,13106,Plutus Partners LLC,Supplier Service Desk,PPTS7351,Blankets And Throws,Bedding,0.22,0.0,0.0,,0.0,False,False
Wayfair US,76195,Ulli Home,Jaiden Lawlor,ULIH3119,Accent Pillows,Bedding,0.07,0.0,0.0,,0.0,False,False
Wayfair US,19319,I Enjoy Bedding Company,Madison Carvalho,JLYI1195,Bedding Sets,Bedding,0.2,0.0,6.36,,6.36,True,True
Wayfair US,291,Surya,Alex Melius,BNGL5264,Blankets And Throws,Bedding,0.1,0.0,0.0,,0.0,False,False
Wayfair US,12608,Lifestyle,Paige Beattie,BLMY1465,Blankets And Throws,Bedding,0.35,0.0,0.0,,0.0,False,False
Wayfair US,1748,Revman International,Missy Paragamian,DRQH2115,Bedding Sets,Bedding,0.1417,0.0,70.13,,70.13,True,True
Wayfair US,64269,Smithy Home Couture,Supplier Service Desk,XXIA1093,Accent Pillows,Bedding,0.15,0.0,0.0,,0.0,False,False
Wayfair US,25843,"Bedshe International Co.,LTD",Rainbow Wu,BEQS1000,Bedding Sets,Bedding,0.15,0.0,0.0,,0.0,False,False
Wayfair US,291,Surya,Alex Melius,YA76633,Accent Pillows,Bedding,0.1,0.0,6.25,,6.25,True,True
Wayfair US,7920,Riztex USA,Brianna Barrett,BL18582,Accent Pillows,Bedding,0.25,0.0,0.0,,0.0,False,False
Wayfair US,35552,CAN_DesignArt Inc.,Paige Beattie,CBZF6602,Accent Pillows,Bedding,0.22,0.0,0.0,,0.0,False,False
Wayfair US,1748,Revman International,Missy Paragamian,TBL10952,Accent Pillows,Bedding,0.4257,0.0,9.46,,9.46,True,True
Wayfair US,1748,Revman International,Missy Paragamian,KBFC2676,Bedding Sets,Bedding,0.2616,0.0,0.0,,0.0,False,False
Wayfair US,14580,Amrapur Overseas Inc.,Jaiden Lawlor,MDER1167,Bedding Sets,Bedding,0.15,0.0,10.49,,10.49,True,True
Wayfair US,35552,CAN_DesignArt Inc.,Paige Beattie,CBXL6711,Accent Pillows,Bedding,0.22,0.0,0.0,,0.0,False,False
Wayfair US,23665,"Cozy Line Home Fashions, Inc.",Jaiden Lawlor,CLHF1149,Bedding Sets,Bedding,0.05,0.0,0.0,,0.0,False,False
Wayfair US,14925,Lichtenberg,Missy Paragamian,GDIG1132,Blankets And Throws,Bedding,0.2,0.0,0.0,,0.0,False,False
Wayfair US,1748,Revman International,Missy Paragamian,ERB10896,Bedding Sets,Bedding,0.26539999999999997,0.0,0.0,,0.0,False,False
Wayfair US,291,Surya,Alex Melius,EDIV1343,Accent Pillows,Bedding,0.1,0.0,0.0,,0.0,False,False
Wayfair US,231459,Fabdivine LLC,Benjamin Hannigan,BGLT1269,Accent Pillows,Bedding,0.18,0.0,0.0,,0.0,False,False
Wayfair US,291,Surya,Alex Melius,YA83809,Accent Pillows,Bedding,0.1,0.0,0.0,,0.0,False,False
Wayfair US,19567,Mytex,Supplier Service Desk,NDWB1075,Bedding Sets,Bedding,0.3,0.0,22.17,,22.17,True,True
Wayfair US,313243,"SHANGHAI DAYA IMPORT & EXPORT CO., LTD.",Asia Supplier Service Desk,TSMO1003,Bedding Sets,Bedding,0.12,0.0,0.0,,0.0,False,False
Wayfair US,231459,Fabdivine LLC,Benjamin Hannigan,DBDI1102,Accent Pillows,Bedding,0.18,0.0,0.0,,0.0,False,False
Wayfair US,291,Surya,Alex Melius,BCHH8202,Accent Pillows,Bedding,0.1,0.0,0.0,,0.0,False,False
Wayfair US,291,Surya,Alex Melius,LGLY5437,Accent Pillows,Bedding,0.1,0.0,0.0,,0.0,False,False
Wayfair US,291,Surya,Alex Melius,YA83805,Accent Pillows,Bedding,0.1,0.0,0.0,,0.0,False,False
Wayfair US,156771,Noori Home LLC,Carly Baker,MLDZ3511,Accent Pillows,Bedding,0.28,0.0,0.0,,0.0,False,False
Wayfair US,40097,jml trading llc,Asia Supplier Service Desk,JMLT1692,Blankets And Throws,Bedding,0.1,0.0,0.0,,0.0,False,False
Wayfair US,1748,Revman International,Missy Paragamian,KCN10078,Bedding Sets,Bedding,0.0453,0.0,0.0,,0.0,False,False
Wayfair US,9321,Arcadia Home Design Inc,Phoebe Leonard,ACAD1797,Accent Pillows,Bedding,0.2,0.0,0.0,,0.0,False,False
Wayfair US,156771,Noori Home LLC,Carly Baker,MLDW6789,Accent Pillows,Bedding,0.28,0.0,0.0,,0.0,False,False
Wayfair US,2554,Pem America,Benjamin Hannigan,KBPN1093,Bedding Sets,Bedding,0.1,0.0,0.0,,0.0,False,False
Wayfair US,1748,Revman International,Missy Paragamian,MSTT6570,Bedding Sets,Bedding,0.3418,0.0,2.57,,2.57,True,True
Wayfair US,13106,Plutus Partners LLC,Supplier Service Desk,PPTS7422,Accent Pillows,Bedding,0.22,0.0,0.0,,0.0,False,False
Wayfair US,22180,DesignArt Inc.,Maxwell Threlkeld,CBZE8051,Bedding Sets,Bedding,0.22,0.0,0.0,,0.0,False,False
Wayfair US,192453,Quality Brands Distribution llc,Supplier Service Desk,BFEM2175,Accent Pillows,Bedding,0.54,0.0,0.0,,0.0,False,False
Wayfair US,25843,"Bedshe International Co.,LTD",Rainbow Wu,BDUR2855,Blankets And Throws,Bedding,0.05,0.0,0.0,,0.0,False,False
Wayfair US,22180,DesignArt Inc.,Maxwell Threlkeld,CBUV5092,Accent Pillows,Bedding,0.22,0.0,0.0,,0.0,False,False
Wayfair US,40097,jml trading llc,Asia Supplier Service Desk,JMLT1627,Blankets And Throws,Bedding,0.05,0.0,0.0,,0.0,False,False
Wayfair US,36405,Colcha Linens,Jaiden Lawlor,AXBT1912,Bedding Sets,Bedding,0.2,0.0,78.12,,78.12,True,True
Wayfair US,36405,Colcha Linens,Jaiden Lawlor,CETA4013,Bedding Sets,Bedding,0.2,0.0,0.0,,0.0,False,False
Wayfair US,7920,Riztex USA,Brianna Barrett,RZY11485,Accent Pillows,Bedding,0.25,0.0,0.0,,0.0,False,False
Wayfair US,15889,BedGear,Charlie O'Brien,FCNB1140,Sheets & Pillowcases,Bedding,0.2,0.0,0.0,,0.0,False,False
Wayfair US,36405,Colcha Linens,Jaiden Lawlor,AXBT1193,Bedding Sets,Bedding,0.2,0.0,0.0,,0.0,False,False
Wayfair US,13106,Plutus Partners LLC,Supplier Service Desk,PPTS4891,Blankets And Throws,Bedding,0.22,0.0,0.0,,0.0,False,False
Wayfair US,25843,"Bedshe International Co.,LTD",Rainbow Wu,BDUR1591,Blankets And Throws,Bedding,0.05,0.0,0.0,,0.0,False,False
Wayfair US,1987,JLA Home,Missy Paragamian,IKIY1015,Bedding Sets,Bedding,0.15,0.0,0.0,,0.0,False,False
Wayfair US,35552,CAN_DesignArt Inc.,Paige Beattie,CBUV4524,Accent Pillows,Bedding,0.22,0.0,0.0,,0.0,False,False
Wayfair US,35160,Lava Garden Inc.,Supplier Service Desk,ACRY2836,Accent Pillows,Bedding,0.2,0.0,0.0,,0.0,False,False
Wayfair US,1748,Revman International,Missy Paragamian,ERB10926,Bedding Sets,Bedding,0.2351,0.0,0.0,,0.0,False,False
Wayfair US,14556,Cathay Home Inc.,Benjamin Hannigan,DRVU1233,Bedding Sets,Bedding,0.12,0.0,0.0,,0.0,False,False
Wayfair US,19680,JS Royal Home,Supplier Service Desk,VDER1006,Sheets & Pillowcases,Bedding,0.1,0.0,0.0,,0.0,False,False
Wayfair US,43431,ocean home fashion inc,Asia Supplier Service Desk,MRCL1174,Bedding Sets,Bedding,0.11,0.0,0.0,,0.0,False,False
Wayfair US,2554,Pem America,Benjamin Hannigan,OBYI1001,Bedding Sets,Bedding,0.1,0.0,0.0,-1.0,0.0,False,False
Wayfair US,24282,"Nanshing America, Inc.",Jaiden Lawlor,MBSR1376,Bedding Sets,Bedding,0.1,0.0,17.81,-17811.0,17.81,True,True
Wayfair US,7920,Riztex USA,Brianna Barrett,BRSD3779,Accent Pillows,Bedding,0.25,0.0,0.0,-1.0,0.0,False,False
Wayfair US,17539,BNF Home,lance Zhou,CRLM1444,Bedding Sets,Bedding,0.15,0.0,0.0,-1.0,0.0,False,False
Wayfair US,214227,"Caluha Company, LLC",Supplier Service Desk,UBAD1009,Accent Pillows,Bedding,0.15,-0.5,0.0,-1.0,0.5,False,True
Wayfair US,7920,Riztex USA,Brianna Barrett,RZY11349,Accent Pillows,Bedding,0.26,-2.04,0.0,-1.0,2.04,False,True
