source_page,source_row,supplier_id,supplier_name,srm,sku,class_name,rec_discount_pct,discount_pct,b2b_discount_pct,wsc_rev_l12m,grs_l12m,l10_non_promo_daily_avg,member_monday_sales,member_monday_lift_pct,incremental_sales,active_on_member_monday,positive_lift
1,4,32808,CAN_Cathay Home Inc.,Paige Beattie,WFBS1741,Sheets & Pillowcases,0.5,0.25,0.28,96407.94,201256.68,3564.89,4800.99,0.3467,1236.1,True,True
1,5,25843,"Bedshe International Co.,LTD",Rainbow Wu,BDUR1247,Bedding Sets,0.5,0.42,0.45,54025.71,64637.33,1618.18,3020.1,0.8664000000000001,1401.9199999999998,True,True
1,6,25843,"Bedshe International Co.,LTD",Rainbow Wu,BDUR1377,Bedding Sets,0.5,0.2,0.23,58383.0,79134.22,1490.49,1160.79,-0.2212,-329.70000000000005,True,False
1,7,72878,WW Sheets,Jaiden Lawlor,WSHE1046,Sheets & Pillowcases,0.2,0.1,0.11,34818.4,65881.07,1195.0,1193.87,-0.0009,-1.1300000000001091,True,False
1,8,25843,"Bedshe International Co.,LTD",Rainbow Wu,BDUR1474,Bedding Sets,0.4854,0.22,0.25,43750.52,50403.85,1128.93,1416.22,0.2545,287.28999999999996,True,True
1,9,1987,JLA Home,Missy Paragamian,NCWB1200,Bedding Sets,0.44909999999999994,0.07,0.2588,189824.15,231507.55,1128.4,1506.34,0.33490000000000003,377.9399999999998,True,True
1,10,24696,Daniel Linen/Home Sweet Home Dreams Inc.,Supplier Service Desk,ANDV3018,Sheets & Pillowcases,0.2,0.02,0.021,78662.02,137705.87,984.33,1229.92,0.2495,245.59000000000003,True,True
1,11,25843,"Bedshe International Co.,LTD",Rainbow Wu,BDUR1691,Bedding Sets,0.5,0.4,0.43,12855.71,15771.26,925.48,1675.0,0.8099,749.52,True,True
1,12,27315,CAN_Beco Industries,Paige Beattie,NAL1994,Sheets & Pillowcases,0.5,0.15,0.25,15343.26,19759.57,911.95,1016.3,0.1144,104.34999999999991,True,True
1,13,231356,"SHENZHENMENGMI TEXTILE CO.,LTD",lance Zhou,SEDZ1026,Bedding Sets,0.2145,0.15,,8360.69,13469.77,863.44,1352.02,0.5658,488.5799999999999,True,True
1,14,25843,"Bedshe International Co.,LTD",Rainbow Wu,BDUR1646,Sheets & Pillowcases,0.2,0.25,0.28,25474.38,34558.31,831.64,1366.09,0.6426000000000001,534.4499999999999,True,True
1,15,27315,CAN_Beco Industries,Paige Beattie,KBFC2338,Sheets & Pillowcases,0.5,0.15,0.25,19144.85,25499.34,815.24,770.32,-0.055099999999999996,-44.91999999999996,True,False
1,16,25843,"Bedshe International Co.,LTD",Rainbow Wu,BDUR2441,Bedding Sets,0.4114,0.2,0.23,38595.54,58925.86,801.57,614.53,-0.23329999999999998,-187.04000000000008,True,False
1,17,25843,"Bedshe International Co.,LTD",Rainbow Wu,BDUR1383,Bedding Sets,0.5,0.2,0.23,12548.34,18094.9,739.67,777.14,0.0507,37.47000000000003,True,True
1,18,25843,"Bedshe International Co.,LTD",Rainbow Wu,BDUR1128,Bedding Sets,0.46,0.1,0.13,36615.69,56689.36,655.94,435.06,-0.3367,-220.88000000000005,True,False
1,19,1987,JLA Home,Missy Paragamian,ANDV5108,Bedding Sets,0.44909999999999994,0.1,0.45549999999999996,16997.18,27064.71,655.74,698.79,0.06559999999999999,43.049999999999955,True,True
1,20,25843,"Bedshe International Co.,LTD",Rainbow Wu,BDUR1416,Blankets And Throws,0.2,0.08,0.09,34842.15,48495.19,649.7,731.74,0.1263,82.03999999999996,True,True
1,21,12684,Bargain Online Shops LLC,Jaiden Lawlor,LFMF4294,Bedding Sets,0.27940000000000004,0.1,,44261.84,80450.96,615.14,1165.68,0.895,550.5400000000001,True,True
1,22,1987,JLA Home,Missy Paragamian,TCKF1568,Blankets And Throws,0.45130000000000003,0.17,0.4972,21806.4,28841.4,611.83,84.29,-0.8622,-527.5400000000001,True,False
1,23,1748,Revman International,Missy Paragamian,KBFC2375,Bedding Sets,0.3144,0.22,,50343.93,75899.76,598.65,543.39,-0.09230000000000001,-55.25999999999999,True,False
1,24,72878,WW Sheets,Jaiden Lawlor,WSHE1041,Sheets & Pillowcases,0.2,0.05,0.06,36007.5,69795.26,588.4,553.21,-0.059800000000000006,-35.18999999999994,True,False
1,25,1748,Revman International,Missy Paragamian,ERB10798,Sheets & Pillowcases,0.2,0.15410000000000001,,20185.85,24572.93,557.21,479.56,-0.1394,-77.65000000000003,True,False
1,26,1987,JLA Home,Missy Paragamian,DRBH4419,Bedding Sets,0.5,0.17,0.31629999999999997,31482.94,45729.92,555.51,239.04,-0.5697,-316.47,True,False
1,27,25843,"Bedshe International Co.,LTD",Rainbow Wu,BDUR1712,Bedding Sets,0.3387,0.1,0.13,12882.81,17262.23,537.68,835.73,0.5543,298.05000000000007,True,True
1,28,1748,Revman International,Missy Paragamian,MBVB1497,Bedding Sets,0.2555,0.22,,41762.83,53486.55,527.3,643.08,0.21960000000000002,115.78000000000009,True,True
1,29,1748,Revman International,Missy Paragamian,KBFC2322,Bedding Sets,0.2,0.22,,31289.31,43758.82,482.83,376.16,-0.22089999999999999,-106.66999999999996,True,False
1,30,231356,"SHENZHENMENGMI TEXTILE CO.,LTD",lance Zhou,SEDZ1090,Bedding Sets,0.4125,0.2,,3242.7,4838.21,481.66,395.58,-0.1787,-86.08000000000004,True,False
1,31,1748,Revman International,Missy Paragamian,KBFC1889,Bedding Sets,0.3144,0.22,,51041.17,62787.91,473.65,661.12,0.3958,187.47000000000003,True,True
1,32,25843,"Bedshe International Co.,LTD",Rainbow Wu,BDUR1424,Blankets And Throws,0.2041,0.13,0.14,13526.08,25879.92,471.29,491.74,0.0434,20.44999999999999,True,True
1,33,27315,CAN_Beco Industries,Paige Beattie,TBL10947,Sheets & Pillowcases,,0.15,0.25,7564.14,11665.97,463.3,475.39,0.026099999999999998,12.089999999999975,True,True
1,34,25843,"Bedshe International Co.,LTD",Rainbow Wu,BDUR1473,Bedding Sets,0.5,0.11,0.14,27396.73,37259.04,444.07,738.26,0.6625,294.19,True,True
1,35,80197,CENTRADE INC.,Jessica Gu,WWMA1006,Accent Pillows,0.5,0.17,0.22,13056.14,17954.28,443.23,435.81,-0.0167,-7.420000000000016,True,False
1,36,25843,"Bedshe International Co.,LTD",Rainbow Wu,BDUR1678,Bedding Sets,0.32899999999999996,0.2,0.23,15364.11,19783.72,441.85,245.88,-0.4435,-195.97000000000003,True,False
1,37,1987,JLA Home,Missy Paragamian,ALTL5504,Bedding Sets,0.44909999999999994,0.1,0.5,31308.15,45189.57,431.71,510.68,0.18289999999999998,78.97000000000003,True,True
1,38,25843,"Bedshe International Co.,LTD",Rainbow Wu,BDUR1643,Bedding Sets,0.5,0.3,0.33,9175.55,11527.72,420.33,470.23,0.11869999999999999,49.900000000000034,True,True
1,39,25843,"Bedshe International Co.,LTD",Rainbow Wu,BDUR1334,Sheets & Pillowcases,0.2,0.2,0.23,21710.43,25285.82,400.27,801.48,1.0024,401.21000000000004,True,True
1,40,25843,"Bedshe International Co.,LTD",Rainbow Wu,BDUR1254,Blankets And Throws,0.3864,0.08,0.09,35991.75,47215.22,394.98,753.98,0.9089,359.0,True,True
1,41,27315,CAN_Beco Industries,Paige Beattie,KBFC2425,Bedding Sets,0.391,0.15,0.25,47616.27,61246.91,383.9,329.21,-0.1425,-54.69,True,False
1,42,25843,"Bedshe International Co.,LTD",Rainbow Wu,BDUR1420,Blankets And Throws,0.5,0.08,0.09,33120.33,33858.79,374.36,1029.82,1.7509000000000001,655.4599999999999,True,True
1,43,81366,Aholicdeals Inc,Supplier Service Desk,AOAI1023,Sheets & Pillowcases,0.2059,0.1,0.11,17684.36,32197.84,367.56,203.61,-0.446,-163.95,True,False
1,44,20128,"SLNY Home INC, DBA Spirit Linen",Supplier Service Desk,WNPR5086,Bedding Sets,0.3565,0.15,0.15,36228.26,61680.29,359.79,376.7,0.047,16.909999999999968,True,True
1,45,25843,"Bedshe International Co.,LTD",Rainbow Wu,BDUR2833,Blankets And Throws,0.5,0.08,0.11,6578.52,8820.88,359.08,399.25,0.1119,40.170000000000016,True,True
1,46,1987,JLA Home,Missy Paragamian,BDIS1484,Bedding Sets,0.44909999999999994,0.17,0.3262,123674.25,169373.21,343.86,377.21,0.09699999999999999,33.349999999999966,True,True
1,47,1987,JLA Home,Missy Paragamian,NGIN1145,Bedding Sets,0.5,0.17,0.5,21365.16,31225.95,343.36,575.86,0.6770999999999999,232.5,True,True
1,48,25843,"Bedshe International Co.,LTD",Rainbow Wu,BDUR1619,Blankets And Throws,0.2798,0.08,0.09,59632.06,77197.73,328.57,516.89,0.5731,188.32,True,True
1,49,25843,"Bedshe International Co.,LTD",Rainbow Wu,BDUR1384,Bedding Sets,0.5,0.2,0.23,24580.47,33350.4,316.56,509.93,0.6108,193.37,True,True
1,50,25843,"Bedshe International Co.,LTD",Rainbow Wu,BDUR1720,Bedding Sets,0.5,0.25,0.28,9350.57,12919.17,305.62,438.71,0.4355,133.08999999999997,True,True
1,51,25843,"Bedshe International Co.,LTD",Rainbow Wu,BDUR1792,Blankets And Throws,0.4023,0.09,0.1,3138.93,4286.5,301.6,414.2,0.3734,112.59999999999997,True,True
1,52,25843,"Bedshe International Co.,LTD",Rainbow Wu,BDUR1641,Bedding Sets,0.5,0.2,0.23,15489.89,19322.0,300.65,593.41,0.9738,292.76,True,True
1,53,1748,Revman International,Missy Paragamian,MSTT6606,Bedding Sets,0.2695,0.22,,14943.22,23630.88,294.29,266.2,-0.09539999999999998,-28.090000000000032,True,False
1,54,1748,Revman International,Missy Paragamian,KBFC1944,Bedding Sets,0.3144,0.22,,52393.89,60937.82,289.48,287.18,-0.0079,-2.3000000000000114,True,False
1,55,241365,"CGK HOLDINGS, INC.",Jaiden Lawlor,CKAI1012,Sheets & Pillowcases,0.2787,0.22,0.3287,5875.06,10010.36,286.36,304.66,0.0639,18.30000000000001,True,True
1,56,80197,CENTRADE INC.,Jessica Gu,WWMA1109,Accent Pillows,0.5,0.17,0.22,50202.3,73681.81,284.7,450.24,0.5815,165.54000000000002,True,True
1,57,1748,Revman International,Missy Paragamian,MBVB1113,Bedding Sets,0.3144,0.22,,24486.92,30720.23,273.46,163.14,-0.40340000000000004,-110.32,True,False
1,58,43431,ocean home fashion inc,Asia Supplier Service Desk,MRCL1110,Bedding Sets,0.33630000000000004,0.11,0.12,29775.04,39382.31,272.96,345.15,0.2644,72.19,True,True
1,59,1748,Revman International,Missy Paragamian,LAH1089,Bedding Sets,0.2,0.27,,11860.37,16644.51,270.66,0.0,-1.0,-270.66,False,False
1,60,25843,"Bedshe International Co.,LTD",Rainbow Wu,BDUR1728,Bedding Sets,0.5,0.1,0.13,17146.04,26533.94,269.08,312.86,0.16269999999999998,43.78000000000003,True,True
1,61,27315,CAN_Beco Industries,Paige Beattie,KBFC1850,Bedding Sets,0.5,0.15,0.25,45729.97,52049.7,268.63,556.7,1.0724,288.07000000000005,True,True
1,62,1748,Revman International,Missy Paragamian,KBFC1890,Bedding Sets,0.3393,0.22,,49935.08,69105.16,264.57,86.86,-0.6717,-177.70999999999998,True,False
1,63,1987,JLA Home,Missy Paragamian,EDIV1004,Blankets And Throws,0.5,0.1,0.5,14568.92,20010.85,257.68,126.2,-0.5102,-131.48000000000002,True,False
1,64,1748,Revman International,Missy Paragamian,KBFC2678,Bedding Sets,0.3144,0.22,,22519.49,27976.34,256.5,181.25,-0.2934,-75.25,True,False
2,1,27315,CAN_Beco Industries,Paige Beattie,RBSE4277,Sheets & Pillowcases,0.5,0.15,0.25,6326.33,7995.81,251.77,419.9,0.6678000000000001,168.12999999999997,True,True
2,2,1987,JLA Home,Missy Paragamian,ALCT8589,Bedding Sets,0.44909999999999994,0.17,0.4935,27980.04,35505.93,248.28,57.8,-0.7672,-190.48000000000002,True,False
2,3,25843,"Bedshe International Co.,LTD",Rainbow Wu,BDUR1204,Bedding Sets,0.4515,0.2,0.23,14917.4,23573.28,239.75,310.68,0.2958,70.93,True,True
2,4,1987,JLA Home,Missy Paragamian,ZPCD7415,Bedding Sets,0.44909999999999994,0.17,0.3019,48853.78,69077.13,234.62,336.28,0.43329999999999996,101.65999999999997,True,True
2,5,1987,JLA Home,Missy Paragamian,RBSD4978,Bedding Sets,0.47159999999999996,0.12,0.5,12817.97,17752.88,228.44,280.34,0.22719999999999999,51.89999999999998,True,True
2,6,1748,Revman International,Missy Paragamian,ERB10847,Blankets And Throws,0.3136,0.19260000000000002,,6983.21,12255.62,226.54,252.52,0.11470000000000001,25.980000000000018,True,True
2,7,241365,"CGK HOLDINGS, INC.",Jaiden Lawlor,CKAI1015,Sheets & Pillowcases,0.2787,0.22,0.3287,6192.16,9691.55,226.22,494.8,1.1873,268.58000000000004,True,True
2,8,32808,CAN_Cathay Home Inc.,Paige Beattie,WFBS2099,Bedding Sets,0.5,0.4,0.43,20161.17,39978.9,225.66,241.48,0.0701,15.819999999999993,True,True
2,9,325542,Thermeez,Supplier Service Desk,ICKO1002,Sheets & Pillowcases,0.3951,0.02,,7275.16,11684.58,222.03,310.28,0.3975,88.24999999999997,True,True
2,10,1987,JLA Home,Missy Paragamian,RDBS6987,Bedding Sets,0.47159999999999996,0.15,0.5,37218.37,48938.32,218.14,406.97,0.8656,188.83000000000004,True,True
2,11,25843,"Bedshe International Co.,LTD",Rainbow Wu,BDUR1196,Bedding Sets,0.5,0.2,0.23,22329.2,36382.83,217.64,597.29,1.7444,379.65,True,True
2,12,1748,Revman International,Missy Paragamian,ERB1771,Bedding Sets,0.2,0.1566,,31979.2,39380.87,216.94,283.32,0.306,66.38,True,True
2,13,80197,CENTRADE INC.,Jessica Gu,WWMA1229,Accent Pillows,0.5,0.17,0.22,13922.32,21468.05,213.63,387.6,0.8144,173.97000000000003,True,True
2,14,25843,"Bedshe International Co.,LTD",Rainbow Wu,BDUR1253,Bedding Sets,0.5,0.45,0.48,9508.42,17049.91,212.79,59.49,-0.7204,-153.29999999999998,True,False
2,15,25843,"Bedshe International Co.,LTD",Rainbow Wu,BDUR3137,Bedding Sets,0.3048,0.21,0.24,8137.04,10268.97,210.29,419.88,0.9967,209.59,True,True
2,16,25843,"Bedshe International Co.,LTD",Rainbow Wu,BDUR1491,Bedding Sets,0.5,0.2,0.23,12671.42,15840.22,209.2,233.37,0.1155,24.170000000000016,True,True
2,17,25843,"Bedshe International Co.,LTD",Rainbow Wu,BDUR1333,Sheets & Pillowcases,0.5,0.2,0.23,5584.61,7218.07,200.78,604.67,2.0116,403.89,True,True
2,18,1748,Revman International,Missy Paragamian,ERB10909,Bedding Sets,0.3144,0.22,,30248.78,37763.98,199.99,318.61,0.5931000000000001,118.62,True,True
2,19,1748,Revman International,Missy Paragamian,KBFC2055,Bedding Sets,0.3207,0.22,,15709.24,21725.64,199.79,186.07,-0.06860000000000001,-13.719999999999999,True,False
2,20,32808,CAN_Cathay Home Inc.,Paige Beattie,WFBS2118,Bedding Sets,0.5,0.2,0.23,7287.52,15457.26,199.76,46.89,-0.7653,-152.87,True,False
2,21,1987,JLA Home,Missy Paragamian,CHRH4782,Bedding Sets,0.5,0.17,0.5,26185.4,40975.16,195.36,193.28,-0.010700000000000001,-2.0800000000000125,True,False
2,22,40013,Phantoscope,Jessica Gu,PHSC1043,Accent Pillows,0.5,0.21,0.23,29792.07,58948.23,194.96,106.11,-0.4557,-88.85000000000001,True,False
2,23,1987,JLA Home,Missy Paragamian,LFMF5145,Bedding Sets,0.5,0.17,0.3764,26704.6,33856.71,191.82,72.06,-0.6243,-119.75999999999999,True,False
2,24,1987,JLA Home,Missy Paragamian,ALTL5503,Bedding Sets,0.5,0.1,0.5,24694.72,32669.57,191.18,183.56,-0.039900000000000005,-7.6200000000000045,True,False
2,25,1748,Revman International,Missy Paragamian,TBL10355,Bedding Sets,0.2,0.2064,,21468.6,30620.41,190.67,69.24,-0.6369,-121.42999999999999,True,False
2,26,27315,CAN_Beco Industries,Paige Beattie,KBFC2058,Sheets & Pillowcases,0.5,0.15,0.25,6195.05,9764.9,187.87,0.0,-1.0,-187.87,False,False
2,27,1748,Revman International,Missy Paragamian,ERB10776,Bedding Sets,0.3144,0.22,,13008.13,15130.83,186.98,502.81,1.6891,315.83000000000004,True,True
2,28,208039,"Glen Raven Consumer Solutions,",LMLaCdison Carvalho,SNBR1734,Blankets And Throws,0.2,0.1,,10394.64,17672.76,185.52,0.0,-1.0,-185.52,False,False
2,29,1987,JLA Home,Missy Paragamian,SEHO8030,Bedding Sets,0.39299999999999996,0.15,0.2619,24405.28,35076.9,184.74,72.57,-0.6072,-112.17000000000002,True,False
2,30,27315,CAN_Beco Industries,Paige Beattie,KBFC1937,Bedding Sets,0.5,0.15,0.25,20901.75,28666.71,183.11,337.91,0.8454,154.8,True,True
2,31,1748,Revman International,Missy Paragamian,KBFC2421,Bedding Sets,0.3144,0.21710000000000002,,21957.78,29890.5,182.06,259.49,0.4253,77.43,True,True
2,32,1748,Revman International,Missy Paragamian,KBFC2429,Bedding Sets,0.3144,0.22,,22807.56,30481.29,181.07,0.0,-1.0,-181.07,False,False
2,33,25843,"Bedshe International Co.,LTD",Rainbow Wu,BDUR1413,Blankets And Throws,0.5,0.12,0.13,1711.83,3608.54,179.85,189.17,0.0518,9.319999999999993,True,True
2,34,25843,"Bedshe International Co.,LTD",Rainbow Wu,BDUR1110,Bedding Sets,0.5,0.11,0.14,14923.02,19347.06,179.12,234.28,0.308,55.16,True,True
2,35,1987,JLA Home,Missy Paragamian,NCWB1221,Bedding Sets,0.47159999999999996,0.17,0.5,100687.42,128161.48,178.11,290.99,0.6338,112.88,True,True
2,36,24696,Daniel Linen/Home Sweet Home Dreams Inc.,Supplier Service Desk,RCLF2356,Sheets & Pillowcases,0.2,0.02,0.021,11802.96,18347.2,178.06,296.58,0.6656,118.51999999999998,True,True
2,37,27315,CAN_Beco Industries,Paige Beattie,ERB10504,Bedding Sets,0.5,0.15,0.25,39208.91,44887.05,177.72,321.5,0.8090999999999999,143.78,True,True
2,38,1748,Revman International,Missy Paragamian,NAL1875,Bedding Sets,0.2,0.2213,,30854.98,37264.99,176.26,313.06,0.7761,136.8,True,True
2,39,63138,"Changshu Youthsky Import Export Co.,Ltd",Jessica Gu,SEPL1000,Bedding Sets,0.22390000000000002,0.05,0.05,5434.7,6902.54,173.96,0.0,-1.0,-173.96,False,False
2,40,1987,JLA Home,Missy Paragamian,NCWA2724,Bedding Sets,0.44909999999999994,0.12,0.2328,38070.09,48271.73,173.63,103.5,-0.4039,-70.13,True,False
2,41,1748,Revman International,Missy Paragamian,KBFC1932,Bedding Sets,0.255,0.22,,29392.02,34011.01,172.69,130.71,-0.24309999999999998,-41.97999999999999,True,False
2,42,1987,JLA Home,Missy Paragamian,CHMB2542,Bedding Sets,0.44909999999999994,0.1,0.4968,7560.46,9905.93,172.28,168.22,-0.0236,-4.060000000000002,True,False
2,43,25843,"Bedshe International Co.,LTD",Rainbow Wu,BDUR1433,Blankets And Throws,0.5,0.05,0.06,10397.38,11898.2,171.34,184.68,0.0779,13.340000000000003,True,True
2,44,25843,"Bedshe International Co.,LTD",Rainbow Wu,BDUR1880,Bedding Sets,0.5,0.1,0.13,2300.34,3565.0,170.99,101.76,-0.40490000000000004,-69.23,True,False
2,45,25843,"Bedshe International Co.,LTD",Rainbow Wu,BDUR1205,Bedding Sets,0.5,0.43,0.46,9771.08,16221.89,170.72,156.42,-0.08380000000000001,-14.300000000000011,True,False
2,46,37327,Instyle Products Corp,Rikki Sartor,KBST1112,Accent Pillows,0.5,0.28,,42999.43,78287.17,170.63,260.74,0.5281,90.11000000000001,True,True
2,47,231356,"SHENZHENMENGMI TEXTILE CO.,LTD",lance Zhou,SEDZ1236,Bedding Sets,0.301,0.15,,3779.83,5499.98,170.39,211.6,0.2419,41.21000000000001,True,True
2,48,241365,"CGK HOLDINGS, INC.",Jaiden Lawlor,CKAI1005,Bed Skirts,0.3774,0.22,,6268.44,14395.28,167.44,261.65,0.5626,94.20999999999998,True,True
2,49,27315,CAN_Beco Industries,Paige Beattie,ERB10430,Bedding Sets,,0.15,0.25,18578.85,21000.12,163.82,57.8,-0.6472,-106.02,True,False
2,50,1748,Revman International,Missy Paragamian,VRWG2187,Bedding Sets,0.2695,0.22,,37087.89,47088.8,161.38,249.24,0.5444,87.86000000000001,True,True
2,51,1987,JLA Home,Missy Paragamian,ALTL2450,Bedding Sets,0.47159999999999996,0.17,0.5,22683.92,32379.92,160.7,225.01,0.40020000000000006,64.31,True,True
2,52,76232,Kindred Home,Supplier Service Desk,GSTL1063,Blankets And Throws,0.2371,0.2857,,2912.35,6780.24,159.97,173.17,0.0825,13.199999999999989,True,True
2,53,1748,Revman International,Missy Paragamian,TBL10356,Bedding Sets,0.2,0.1813,,44793.04,56280.34,158.53,165.42,0.0434,6.889999999999986,True,True
2,54,25843,"Bedshe International Co.,LTD",Rainbow Wu,BDUR1481,Bedding Sets,0.5,0.29,0.32,24637.94,37605.24,158.53,108.39,-0.31629999999999997,-50.14,True,False
2,55,1987,JLA Home,Missy Paragamian,NCWA2547,Sheets & Pillowcases,0.47350000000000003,0.15,0.5,19629.35,28548.2,158.17,38.44,-0.757,-119.72999999999999,True,False
2,56,25843,"Bedshe International Co.,LTD",Rainbow Wu,BDUR1435,Blankets And Throws,0.2259,0.08,0.09,15368.98,17799.77,157.46,655.31,3.1618,497.8499999999999,True,True
2,57,2554,Pem America,Benjamin Hannigan,FYEB1023,Bedding Sets,0.48960000000000004,0.35,0.389,10114.19,16251.71,156.99,124.84,-0.2048,-32.150000000000006,True,False
2,58,1987,JLA Home,Missy Paragamian,NCWA1382,Bedding Sets,0.44909999999999994,0.17,0.4935,17948.56,24756.57,156.8,50.98,-0.6748999999999999,-105.82000000000002,True,False
2,59,17102,Trade-Linker,Jaiden Lawlor,CHMB2443,Sheets & Pillowcases,0.2,0.1,,10483.55,26959.47,156.42,259.29,0.6577,102.87000000000003,True,True
2,60,27315,CAN_Beco Industries,Paige Beattie,QO10370,Sheets & Pillowcases,0.5,0.15,0.25,5019.2,6997.89,156.16,271.49,0.7384999999999999,115.33000000000001,True,True
2,61,25843,"Bedshe International Co.,LTD",Rainbow Wu,BDUR1645,Bedding Sets,0.3774,0.2,0.23,11016.42,14986.86,155.81,201.17,0.29109999999999997,45.359999999999985,True,True
2,62,27315,CAN_Beco Industries,Paige Beattie,KBFC1852,Bedding Sets,0.5,0.15,0.25,15481.24,20906.58,154.85,130.03,-0.1603,-24.819999999999993,True,False
2,63,1748,Revman International,Missy Paragamian,ERB10535,Blankets And Throws,0.2113,0.22,,14117.26,17795.39,153.55,199.36,0.2983,45.81,True,True
2,64,1748,Revman International,Missy Paragamian,ERB1776,Bedding Sets,0.2554,0.22,,13033.75,14639.43,152.31,201.06,0.32,48.75,True,True
3,1,27315,CAN_Beco Industries,Paige Beattie,MBVB1697,Bedding Sets,0.5,0.15,0.25,19831.57,24575.31,152.29,378.8,1.4872999999999998,226.51000000000002,True,True
3,2,73596,Fresh Linen Collection Inc,Supplier Service Desk,CESH1031,Sheets & Pillowcases,0.2,0.02,0.021,9750.62,17072.6,150.9,98.79,-0.3453,-52.11,True,False
3,3,63138,"Changshu Youthsky Import Export Co.,Ltd",Jessica Gu,SEPL1001,Bedding Sets,0.2,0.05,0.05,9413.75,10296.06,150.78,0.0,-1.0,-150.78,False,False
3,4,1987,JLA Home,Missy Paragamian,BADI1248,Bedding Sets,0.39299999999999996,0.05,0.43810000000000004,8994.64,13833.34,148.63,270.92,0.8228,122.29000000000002,True,True
3,5,1748,Revman International,Missy Paragamian,TBL10766,Bedding Sets,0.2,0.22,,15254.25,21574.59,148.6,105.73,-0.28850000000000003,-42.86999999999999,True,False
3,6,25843,"Bedshe International Co.,LTD",Rainbow Wu,BDUR1395,Bedding Sets,0.5,0.2,0.23,15792.48,19028.89,146.71,206.34,0.4064,59.629999999999995,True,True
3,7,1748,Revman International,Missy Paragamian,TBB1655,Bedding Sets,0.3144,0.22,,18786.06,26482.32,145.71,586.76,3.0268,441.04999999999995,True,True
3,8,1748,Revman International,Missy Paragamian,KBFC2842,Bedding Sets,0.32159999999999994,0.22,,5929.82,8355.81,141.88,77.06,-0.4569,-64.82,True,False
3,9,1748,Revman International,Missy Paragamian,ERB10876,Bedding Sets,0.3144,0.22,,12453.58,15834.27,141.52,135.56,-0.0421,-5.960000000000008,True,False
3,10,1987,JLA Home,Missy Paragamian,BTY1023,Blankets And Throws,0.33840000000000003,0.12,0.2,8447.4,10262.34,140.03,0.0,-1.0,-140.03,False,False
3,11,25843,"Bedshe International Co.,LTD",Rainbow Wu,BDUR1464,Blankets And Throws,0.3226,0.08,0.09,6074.61,7619.93,139.18,207.84,0.49329999999999996,68.66,True,True
3,12,1748,Revman International,Missy Paragamian,MBVB1021,Bedding Sets,0.2,0.1607,,23634.82,28519.24,138.83,0.0,-1.0,-138.83,False,False
3,13,25843,"Bedshe International Co.,LTD",Rainbow Wu,BDUR1996,Sheets & Pillowcases,0.5,0.2,0.23,39834.19,45162.64,138.83,403.79,1.9084999999999999,264.96000000000004,True,True
3,14,1748,Revman International,Missy Paragamian,MBVB1802,Bedding Sets,0.2,0.22,,17659.47,23263.93,137.45,211.48,0.5386,74.03,True,True
3,15,1748,Revman International,Missy Paragamian,MSTT6519,Sheets & Pillowcases,0.2,0.1521,,2645.09,4110.4,137.14,110.26,-0.196,-26.87999999999998,True,False
3,16,1987,JLA Home,Missy Paragamian,WDMG1178,Bedding Sets,0.39299999999999996,0.15,0.441,25075.18,38228.14,136.69,49.07,-0.6409999999999999,-87.62,True,False
3,17,27315,CAN_Beco Industries,Paige Beattie,ERB10969,Sheets & Pillowcases,0.5,0.15,0.25,15140.39,18815.31,134.87,143.76,0.0659,8.889999999999986,True,True
3,18,25843,"Bedshe International Co.,LTD",Rainbow Wu,BDUR1165,Bedding Sets,0.2444,0.04,0.07,15265.76,13271.85,133.17,46.36,-0.6518999999999999,-86.80999999999999,True,False
3,19,25843,"Bedshe International Co.,LTD",Rainbow Wu,BDUR1343,Bedding Sets,0.5,0.3,0.33,6183.91,11180.4,132.14,201.81,0.5272,69.67000000000002,True,True
3,20,1987,JLA Home,Missy Paragamian,ACOT4687,Bedding Sets,0.39299999999999996,0.15,0.441,19467.47,30352.78,130.55,0.0,-1.0,-130.55,False,False
3,21,1748,Revman International,Missy Paragamian,MBVB1900,Bedding Sets,0.3361,0.22,,5978.62,8131.1,129.93,0.0,-1.0,-129.93,False,False
3,22,25843,"Bedshe International Co.,LTD",Rainbow Wu,BDUR2298,Bedding Sets,0.5,0.2,0.23,16903.84,20687.02,127.21,82.88,-0.34850000000000003,-44.33,True,False
3,23,1748,Revman International,Missy Paragamian,KBFC2771,Bedding Sets,0.3144,0.22,,9818.65,13821.33,126.75,0.0,-1.0,-126.75,False,False
3,24,1748,Revman International,Missy Paragamian,KBFC2583,Bedding Sets,0.4404,0.22,,14927.34,20353.37,125.7,174.28,0.3865,48.58,True,True
3,25,27315,CAN_Beco Industries,Paige Beattie,POFR1110,Sheets & Pillowcases,0.5,0.15,0.25,4505.73,6768.66,124.87,176.87,0.4164,52.0,True,True
3,26,208039,"Glen Raven Consumer Solutions,",LMLaCdison Carvalho,SNBR1733,Blankets And Throws,0.2,0.1,,8366.93,16476.02,124.08,84.6,-0.3182,-39.480000000000004,True,False
3,27,1748,Revman International,Missy Paragamian,MBVB1176,Blankets And Throws,0.31989999999999996,0.22,,6784.86,10403.73,122.93,88.62,-0.2791,-34.31,True,False
3,28,80197,CENTRADE INC.,Jessica Gu,WWMA1133,Accent Pillows,0.3518,0.17,0.22,13830.13,20267.89,122.65,182.17,0.4852,59.51999999999998,True,True
3,29,1748,Revman International,Missy Paragamian,KCN10138,Bedding Sets,0.2,0.22,,18996.1,28591.99,120.81,253.7,1.1001,132.89,True,True
3,30,27315,CAN_Beco Industries,Paige Beattie,MBVB1271,Sheets & Pillowcases,0.5,0.15,0.25,14659.0,18520.46,120.32,48.41,-0.5977,-71.91,True,False
3,31,1748,Revman International,Missy Paragamian,ERB10859,Bedding Sets,0.2,0.2231,,15883.2,21546.78,119.2,384.87,2.2289,265.67,True,True
3,32,27315,CAN_Beco Industries,Paige Beattie,ERB10448,Bedding Sets,0.5,0.15,0.25,23082.39,27147.44,118.55,54.34,-0.5416,-64.21,True,False
3,33,1987,JLA Home,Missy Paragamian,NCWB1118,Bedding Sets,0.44909999999999994,0.17,0.4935,47507.53,58589.52,118.04,0.0,-1.0,-118.04,False,False
3,34,1748,Revman International,Missy Paragamian,TBB1735,Bedding Sets,0.353,0.22,,26819.26,41295.13,117.22,0.0,-1.0,-117.22,False,False
3,35,1987,JLA Home,Missy Paragamian,BTY1111,Blankets And Throws,0.5,0.12,0.2311,8750.98,10124.7,116.57,0.0,-1.0,-116.57,False,False
3,36,352358,"Shenzhen Eden Grove Decoration Co., LTD",Asia Supplier Service Desk,EENK1000,Accent Pillows,0.44789999999999996,0.12,0.15,4192.8,9968.15,116.56,327.63,1.8107,211.07,True,True
3,37,231356,"SHENZHENMENGMI TEXTILE CO.,LTD",lance Zhou,SEDZ1212,Bedding Sets,0.3791,0.1,,1206.25,1611.39,116.18,77.76,-0.3307,-38.42,True,False
3,38,1987,JLA Home,Missy Paragamian,SEHO8031,Bedding Sets,0.39299999999999996,0.17,0.48869999999999997,9547.37,13019.85,115.97,115.69,-0.0024,-0.28000000000000114,True,False
3,39,1748,Revman International,Missy Paragamian,DRQH1912,Bedding Sets,0.2,0.1716,,4213.62,6819.19,115.3,1041.3,8.0309,926.0,True,True
3,40,1987,JLA Home,Missy Paragamian,ATGR7123,Bedding Sets,0.47159999999999996,0.15,0.2646,22541.32,35390.52,114.5,57.77,-0.4954,-56.73,True,False
3,41,1748,Revman International,Missy Paragamian,TBL10351,Bedding Sets,0.3144,0.22,,10303.28,14163.65,113.62,67.78,-0.4035,-45.84,True,False
3,42,1748,Revman International,Missy Paragamian,ERB10780,Bedding Sets,0.3144,0.22,,8121.74,11541.7,113.09,116.18,0.0273,3.0900000000000034,True,True
3,43,1748,Revman International,Missy Paragamian,THPS6518,Bedding Sets,0.2,0.22,,15575.85,20050.56,111.47,135.93,0.2194,24.460000000000008,True,True
3,44,1748,Revman International,Missy Paragamian,TBB1956,Bedding Sets,0.3144,0.2064,,6971.51,9294.22,110.09,76.69,-0.3034,-33.400000000000006,True,False
3,45,25843,"Bedshe International Co.,LTD",Rainbow Wu,BDUR2440,Bedding Sets,0.5,0.2,0.23,11048.96,15832.15,109.53,66.85,-0.3897,-42.68000000000001,True,False
3,46,27315,CAN_Beco Industries,Paige Beattie,MKK1382,Sheets & Pillowcases,0.5,0.15,0.25,7269.05,14334.12,109.11,36.3,-0.6673,-72.81,True,False
3,47,119490,Bes Home Corp.,Benjamin Hannigan,LLIJ1431,Accent Pillows,0.3385,0.16,,2076.07,3864.4,108.42,150.98,0.3925,42.55999999999999,True,True
3,48,1987,JLA Home,Missy Paragamian,ACOT4539,Blankets And Throws,0.5,0.05,0.5,8434.4,12803.23,108.38,97.5,-0.10039999999999999,-10.879999999999995,True,False
3,49,1748,Revman International,Missy Paragamian,KBFC1924,Bed Skirts,0.2,0.22,,8260.94,14054.15,108.29,48.69,-0.5504,-59.60000000000001,True,False
3,50,25843,"Bedshe International Co.,LTD",Rainbow Wu,BDUR3391,Sheets & Pillowcases,,0.2,0.23,1375.08,2026.47,107.71,76.79,-0.287,-30.919999999999987,True,False
3,51,1987,JLA Home,Missy Paragamian,HSHM1793,Bedding Sets,0.5,0.17,0.35700000000000004,28689.21,35131.63,106.84,59.28,-0.44520000000000004,-47.56,True,False
3,52,1748,Revman International,Missy Paragamian,KBFC2461,Bedding Sets,0.3144,0.22,,27968.41,39159.83,106.49,175.16,0.6448,68.67,True,True
3,53,67551,"Suzhou lanqinglv Trading co,. ltd",lance Zhou,OELA1511,Bedding Sets,0.5,0.33,,9078.44,14291.81,106.38,89.92,-0.1547,-16.459999999999994,True,False
3,54,1987,JLA Home,Missy Paragamian,NCWA2136,Blankets And Throws,0.45130000000000003,0.12,0.4972,21978.68,28297.8,106.23,204.65,0.9265000000000001,98.42,True,True
3,55,112418,SAF IJAZ,Supplier Service Desk,ABEJ1061,Bedding Sets,0.2,0.07,0.07,14337.9,26965.18,106.06,149.95,0.4138,43.889999999999986,True,True
3,56,1987,JLA Home,Missy Paragamian,CHMB2079,Bedding Sets,0.5,0.1,0.4631,20931.13,29329.96,105.72,89.58,-0.1527,-16.14,True,False
3,57,1748,Revman International,Missy Paragamian,TBL10940,Bedding Sets,0.3236,0.22,,15973.15,21171.53,104.52,86.86,-0.16899999999999998,-17.659999999999997,True,False
3,58,112418,SAF IJAZ,Supplier Service Desk,ABEJ1070,Bedding Sets,0.2,0.05,0.05,7320.25,14522.92,104.42,0.0,-1.0,-104.42,False,False
3,59,25843,"Bedshe International Co.,LTD",Rainbow Wu,BDUR1702,Bedding Sets,0.5,0.2,0.23,8706.86,10983.53,103.44,162.85,0.5743,59.41,True,True
3,60,1987,JLA Home,Missy Paragamian,NCWA1452,Bedding Sets,0.44909999999999994,0.17,0.4935,22149.71,27881.58,103.12,136.07,0.3195,32.94999999999999,True,True
3,61,241365,"CGK HOLDINGS, INC.",Jaiden Lawlor,CKAI1008,Sheets & Pillowcases,0.2787,0.22,0.3287,1569.59,2788.34,103.1,42.44,-0.5884,-60.66,True,False
3,62,25843,"Bedshe International Co.,LTD",Rainbow Wu,BDUR1194,Bedding Sets,0.278,0.09,0.12,7262.5,13865.02,103.04,81.85,-0.2057,-21.190000000000012,True,False
3,63,1987,JLA Home,Missy Paragamian,LRFY2571,Bedding Sets,0.44909999999999994,0.17,0.4968,10955.76,13307.52,101.91,0.0,-1.0,-101.91,False,False
3,64,1987,JLA Home,Missy Paragamian,HUH1804,Bedding Sets,0.47159999999999996,0.15,0.4623,11312.73,16444.3,101.33,0.0,-1.0,-101.33,False,False
4,1,80197,CENTRADE INC.,Jessica Gu,WWMA1004,Accent Pillows,0.5,0.17,0.22,7986.91,11897.93,101.25,300.64,1.9694,199.39,True,True
4,2,1748,Revman International,Missy Paragamian,TBB1756,Bedding Sets,0.3015,0.22,,5793.83,8332.59,101.09,0.0,-1.0,-101.09,False,False
4,3,1452,Loloi Rugs,Alex Melius,KBPK4544,Accent Pillows,0.2686,0.0611,0.11109999999999999,1725.79,3458.57,100.51,467.1,3.6472,366.59000000000003,True,True
4,4,1748,Revman International,Missy Paragamian,ERB10871,Bedding Sets,0.2,0.22,,19796.27,26155.39,100.39,52.87,-0.4733,-47.52,True,False
4,5,1987,JLA Home,Missy Paragamian,LOPK4494,Bedding Sets,0.44909999999999994,0.15,0.4935,35299.56,40256.63,99.78,170.91,0.7129000000000001,71.13,True,True
4,6,1748,Revman International,Missy Paragamian,MBVB1898,Bedding Sets,0.3144,0.22,,5675.35,8630.97,99.77,119.45,0.1973,19.680000000000007,True,True
4,7,1748,Revman International,Missy Paragamian,KBFC2414,Bedding Sets,0.35009999999999997,0.22,,23863.39,32128.9,99.22,79.3,-0.20079999999999998,-19.92,True,False
4,8,1987,JLA Home,Missy Paragamian,ATGD4067,Bedding Sets,0.47159999999999996,0.12,0.4743,17346.71,21294.54,99.03,0.0,-1.0,-99.03,False,False
4,9,1987,JLA Home,Missy Paragamian,NCWA2674,Bedding Sets,0.47159999999999996,0.15,0.5,15661.33,21551.66,98.85,76.56,-0.2255,-22.289999999999992,True,False
4,10,17102,Trade-Linker,Jaiden Lawlor,LBHX5403,Sheets & Pillowcases,0.2,0.12,,4002.9,6945.48,98.72,32.86,-0.6670999999999999,-65.86,True,False
4,11,1748,Revman International,Missy Paragamian,ERB10691,Sheets & Pillowcases,0.3134,0.22,,3186.73,6898.83,98.7,11.56,-0.8829,-87.14,True,False
4,12,1748,Revman International,Missy Paragamian,KBFC2039,Bed Skirts,0.3763,0.22,,7417.57,10288.4,97.57,110.94,0.1371,13.370000000000005,True,True
4,13,23665,"Cozy Line Home Fashions, Inc.",Jaiden Lawlor,CLHF1073,Bedding Sets,0.4999,0.05,0.1,4717.16,7995.97,96.69,248.38,1.5687,151.69,True,True
4,14,1748,Revman International,Missy Paragamian,KBFC1945,Bedding Sets,0.2985,0.22,,30579.57,34926.33,96.45,0.0,-1.0,-96.45,False,False
4,15,1748,Revman International,Missy Paragamian,ERB10975,Bedding Sets,0.4888,0.2214,,15797.91,21737.14,95.33,116.04,0.2173,20.710000000000008,True,True
4,16,1987,JLA Home,Missy Paragamian,NCWA1383,Blankets And Throws,0.5,0.12,0.4997,18393.49,28696.69,95.16,169.27,0.7787999999999999,74.11000000000001,True,True
4,17,1987,JLA Home,Missy Paragamian,ATGR7047,Bedding Sets,0.5,0.17,0.5,15134.97,20935.07,94.74,45.09,-0.5241,-49.64999999999999,True,False
4,18,14580,Amrapur Overseas Inc.,Jaiden Lawlor,WLDM1133,Bedding Sets,0.5,0.1,0.15,16025.39,27863.06,92.09,148.73,0.6151,56.639999999999986,True,True
4,19,1748,Revman International,Missy Paragamian,MBVB1721,Bedding Sets,0.3144,0.1815,,21464.36,28910.19,91.6,174.82,0.9085,83.22,True,True
4,20,1987,JLA Home,Missy Paragamian,CKSC1004,Bedding Sets,0.3368,0.2,0.3851,12088.08,18148.17,91.4,230.06,1.517,138.66,True,True
4,21,32808,CAN_Cathay Home Inc.,Paige Beattie,DRVU1120,Bedding Sets,0.5,0.2,0.23,11653.62,22018.61,91.29,196.11,1.1481999999999999,104.82000000000001,True,True
4,22,25843,"Bedshe International Co.,LTD",Rainbow Wu,BDUR1136,Bedding Sets,0.2216,0.2,0.21,3030.87,4209.03,91.2,105.72,0.1592,14.519999999999996,True,True
4,23,1987,JLA Home,Missy Paragamian,WLAO4825,Bedding Sets,0.39299999999999996,0.15,0.441,5040.08,7279.25,89.48,0.0,-1.0,-89.48,False,False
4,24,1987,JLA Home,Missy Paragamian,LFMF1127,Bedding Sets,0.44909999999999994,0.2,0.3336,4778.96,7169.51,88.76,0.0,-1.0,-88.76,False,False
4,25,25843,"Bedshe International Co.,LTD",Rainbow Wu,BDUR1244,Bedding Sets,0.5,0.35,0.38,5404.7,7409.85,88.58,241.41,1.7255,152.82999999999998,True,True
4,26,1748,Revman International,Missy Paragamian,VRWG2174,Blankets And Throws,0.2,0.1577,,7502.03,9870.16,88.19,135.93,0.5414,47.74000000000001,True,True
4,27,1748,Revman International,Missy Paragamian,MBVB1314,Bedding Sets,0.2419,0.22,,11460.78,14372.55,87.99,0.0,-1.0,-87.99,False,False
4,28,1987,JLA Home,Missy Paragamian,DRBH4422,Bedding Sets,0.44909999999999994,0.15,0.2934,14834.89,18017.4,87.89,0.0,-1.0,-87.89,False,False
4,29,37327,Instyle Products Corp,Rikki Sartor,KBST1035,Bedding Sets,0.5,0.28,,14556.9,31353.15,87.68,0.0,-1.0,-87.68,False,False
4,30,1748,Revman International,Missy Paragamian,VRWG2186,Bedding Sets,0.2,0.2378,,9009.82,11795.63,87.14,125.48,0.44,38.34,True,True
4,31,1748,Revman International,Missy Paragamian,ERB1869,Bedding Sets,0.215,0.27,,7065.94,8137.41,86.82,0.0,-1.0,-86.82,False,False
4,32,1987,JLA Home,Missy Paragamian,NGIN1204,Bedding Sets,0.5,0.17,0.5,20074.2,30974.54,86.8,66.56,-0.2332,-20.239999999999995,True,False
4,33,32808,CAN_Cathay Home Inc.,Paige Beattie,WFBS2111,Bedding Sets,0.5,0.25,0.28,4035.44,8844.74,86.2,22.49,-0.7391,-63.71000000000001,True,False
4,34,1748,Revman International,Missy Paragamian,TBB1906,Bedding Sets,0.3144,0.2118,,18310.34,23985.43,85.94,76.31,-0.11199999999999999,-9.629999999999995,True,False
4,35,23665,"Cozy Line Home Fashions, Inc.",Jaiden Lawlor,CLHF1148,Bedding Sets,0.36310000000000003,0.05,0.1,24469.11,35842.18,85.42,41.79,-0.5108,-43.63,True,False
4,36,1748,Revman International,Missy Paragamian,OCHI1049,Bedding Sets,0.3144,0.1506,,4845.8,6743.73,85.18,48.63,-0.4291,-36.550000000000004,True,False
4,37,43431,ocean home fashion inc,Asia Supplier Service Desk,MRCL1133,Bedding Sets,0.2955,0.11,0.12,7193.04,8987.4,84.46,0.0,-1.0,-84.46,False,False
4,38,1748,Revman International,Missy Paragamian,KBFC2353,Bed Skirts,0.3697,0.22,,10523.34,18170.94,83.8,77.06,-0.08039999999999999,-6.739999999999995,True,False
4,39,1987,JLA Home,Missy Paragamian,NCWB1243,Bedding Sets,0.5,0.2,0.40270000000000006,7696.8,11888.25,83.57,0.0,-1.0,-83.57,False,False
4,40,1748,Revman International,Missy Paragamian,ERB10928,Bedding Sets,0.3144,0.22,,17246.09,19665.92,83.49,126.15,0.511,42.66000000000001,True,True
4,41,1748,Revman International,Missy Paragamian,VRWG1972,Bedding Sets,0.3053,0.22,,12191.12,14269.13,83.44,301.53,2.6137,218.08999999999997,True,True
4,42,1748,Revman International,Missy Paragamian,KBFC1903,Bedding Sets,0.3144,0.22,,9388.29,12658.69,83.08,0.0,-1.0,-83.08,False,False
4,43,40013,Phantoscope,Jessica Gu,PHSC1040,Accent Pillows,0.5,0.16,0.18,2706.66,5264.64,82.94,138.98,0.6756,56.03999999999999,True,True
4,44,1748,Revman International,Missy Paragamian,KBFC1902,Bedding Sets,0.3144,0.22,,14790.63,17593.61,82.53,0.0,-1.0,-82.53,False,False
4,45,1748,Revman International,Missy Paragamian,TBL10404,Bedding Sets,0.4523,0.22,,17585.1,22258.7,82.41,226.56,1.7491999999999999,144.15,True,True
4,46,76195,Ulli Home,Jaiden Lawlor,ULIH2816,Accent Pillows,0.2,0.04,0.09,4540.37,8544.56,82.21,0.0,-1.0,-82.21,False,False
4,47,1748,Revman International,Missy Paragamian,KBFC2410,Bedding Sets,0.2289,0.22,,12452.14,15915.25,82.18,67.97,-0.1729,-14.210000000000008,True,False
4,48,1987,JLA Home,Missy Paragamian,NCWA1989,Bedding Sets,0.47159999999999996,0.15,0.5,20832.3,25251.78,82.12,0.0,-1.0,-82.12,False,False
4,49,1987,JLA Home,Missy Paragamian,DRBC5853,Bedding Sets,0.47159999999999996,0.15,0.5,9765.69,15731.72,81.98,172.12,1.0994,90.14,True,True
4,50,25843,"Bedshe International Co.,LTD",Rainbow Wu,BDUR1186,Bedding Sets,0.2,0.33,0.36,6043.47,10007.75,81.89,102.05,0.24609999999999999,20.159999999999997,True,True
4,51,1748,Revman International,Missy Paragamian,NAL1642,Bedding Sets,0.3144,0.1607,,6650.39,9213.89,81.56,155.11,0.9018,73.55000000000001,True,True
4,52,27315,CAN_Beco Industries,Paige Beattie,KBFC1775,Bed Skirts,0.5,0.15,0.25,7920.45,12840.63,81.35,44.46,-0.4535,-36.88999999999999,True,False
4,53,120032,Oveesha L.L.C.,Supplier Service Desk,KILF4701,Accent Pillows,0.2781,0.2,,2873.36,5244.38,81.05,15.35,-0.8106,-65.7,True,False
4,54,25843,"Bedshe International Co.,LTD",Rainbow Wu,BDUR2536,Sheets & Pillowcases,0.5,0.2,0.23,3747.99,5773.86,80.55,212.56,1.6388999999999998,132.01,True,True
4,55,80197,CENTRADE INC.,Jessica Gu,WWMA1197,Accent Pillows,0.5,0.17,0.22,9018.42,12614.31,79.83,150.8,0.889,70.97000000000001,True,True
4,56,1987,JLA Home,Missy Paragamian,CKSC1010,Bedding Sets,0.47159999999999996,0.17,0.5,41184.4,53696.23,79.56,115.72,0.45439999999999997,36.16,True,True
4,57,27315,CAN_Beco Industries,Paige Beattie,DRQH1938,Bedding Sets,0.5,0.15,0.25,3779.0,5915.71,79.46,0.0,-1.0,-79.46,False,False
4,58,27315,CAN_Beco Industries,Paige Beattie,MBVB1148,Bedding Sets,0.5,0.15,0.25,14393.5,18580.87,79.37,99.6,0.2548,20.22999999999999,True,True
4,59,1452,Loloi Rugs,Alex Melius,KBPK3599,Accent Pillows,0.2279,0.03,0.08,7052.75,10895.34,79.25,72.66,-0.0832,-6.590000000000003,True,False
4,60,1748,Revman International,Missy Paragamian,KBFC1866,Bedding Sets,0.33770000000000006,0.22,,16400.23,23599.99,79.08,268.1,2.3904,189.02000000000004,True,True
4,61,1748,Revman International,Missy Paragamian,TBL10442,Bedding Sets,0.3144,0.22,,18350.86,24488.0,78.79,0.0,-1.0,-78.79,False,False
4,62,1987,JLA Home,Missy Paragamian,BADI1280,Sheets & Pillowcases,0.4988,0.15,0.31579999999999997,4596.54,7479.99,78.47,158.34,1.0179,79.87,True,True
4,63,1987,JLA Home,Missy Paragamian,SEHO8200,Bedding Sets,0.39299999999999996,0.15,0.3223,14224.43,20764.01,78.15,182.89,1.3403,104.73999999999998,True,True
4,64,25843,"Bedshe International Co.,LTD",Rainbow Wu,BDUR1203,Blankets And Throws,0.5,0.1,0.13,9743.25,16891.74,78.04,15.02,-0.8076000000000001,-63.02000000000001,True,False
5,1,27315,CAN_Beco Industries,Paige Beattie,MBVB1319,Bedding Sets,0.5,0.15,0.25,18149.86,24139.99,77.67,0.0,-1.0,-77.67,False,False
5,2,27315,CAN_Beco Industries,Paige Beattie,MKK1331,Bedding Sets,0.5,0.15,0.25,3792.24,7780.63,77.36,74.1,-0.042199999999999994,-3.260000000000005,True,False
5,3,1748,Revman International,Missy Paragamian,MBVB1295,Blankets And Throws,0.2,0.1501,,8745.92,13174.07,77.09,0.0,-1.0,-77.09,False,False
5,4,1987,JLA Home,Missy Paragamian,EDIV1213,Bedding Sets,0.5,0.15,0.5,7088.0,9603.91,76.95,23.33,-0.6968000000000001,-53.620000000000005,True,False
5,5,27315,CAN_Beco Industries,Paige Beattie,QO10372,Sheets & Pillowcases,0.5,0.15,0.25,2806.4,4095.92,76.66,0.0,-1.0,-76.66,False,False
5,6,25843,"Bedshe International Co.,LTD",Rainbow Wu,BDUR3125,Bedding Sets,0.3387,0.2,0.23,6457.6,8923.71,76.48,34.55,-0.5483,-41.93000000000001,True,False
5,7,1987,JLA Home,Missy Paragamian,HLDS8541,Bedding Sets,0.39299999999999996,0.15,0.2173,10631.88,16673.75,76.39,59.03,-0.2273,-17.36,True,False
5,8,1987,JLA Home,Missy Paragamian,ZPCD7288,Bedding Sets,0.47159999999999996,0.15,0.2712,7783.32,9633.31,76.21,154.62,1.0288,78.41000000000001,True,True
5,9,1748,Revman International,Missy Paragamian,NAL1874,Bedding Sets,0.3144,0.22,,12209.84,14900.13,76.0,0.0,-1.0,-76.0,False,False
5,10,16941,Sunham Home Fashions,Benjamin Hannigan,LCST1051,Sheets & Pillowcases,0.5,0.08,0.13,994.21,1489.73,75.97,50.82,-0.331,-25.15,True,False
5,11,1748,Revman International,Missy Paragamian,ERB10950,Bedding Sets,0.3144,0.27,,7400.26,10143.62,75.42,172.54,1.2878,97.11999999999999,True,True
5,12,1748,Revman International,Missy Paragamian,MSTT6658,Bedding Sets,0.2695,0.22,,7184.98,10326.27,75.4,367.15,3.8692,291.75,True,True
5,13,1748,Revman International,Missy Paragamian,TBB1659,Bedding Sets,0.3289,0.22,,13917.2,16750.7,74.61,135.56,0.8169,60.95,True,True
5,14,1748,Revman International,Missy Paragamian,TBL10746,Bedding Sets,0.2,0.22,,14217.77,21915.85,74.54,52.87,-0.2907,-21.67000000000001,True,False
5,15,17102,Trade-Linker,Jaiden Lawlor,BBHO1037,Sheets & Pillowcases,0.2532,0.12,,3541.07,8463.57,74.26,53.77,-0.2759,-20.490000000000002,True,False
5,16,1987,JLA Home,Missy Paragamian,NCWA1419,Bedding Sets,0.44909999999999994,0.17,0.33030000000000004,16828.12,22651.66,74.2,58.6,-0.2102,-15.600000000000001,True,False
5,17,1987,JLA Home,Missy Paragamian,NCWA1236,Bedding Sets,0.44909999999999994,0.15,0.4968,19252.55,26712.9,73.88,65.8,-0.1094,-8.079999999999998,True,False
5,18,1987,JLA Home,Missy Paragamian,DBYH4441,Bedding Sets,0.47159999999999996,0.12,0.5,2541.19,2722.42,73.79,0.0,-1.0,-73.79,False,False
5,19,241365,"CGK HOLDINGS, INC.",Jaiden Lawlor,CKAI1019,Sheets & Pillowcases,0.2787,0.22,0.3287,2347.95,3791.65,73.46,151.16,1.0576,77.7,True,True
5,20,2387,Cloud9 Design Inc.,Supplier Service Desk,DUKM2403,Bedding Sets,0.5,0.1,0.5,1594.0,2621.37,73.44,0.0,-1.0,-73.44,False,False
5,21,1987,JLA Home,Missy Paragamian,WRLO7087,Bedding Sets,0.44909999999999994,0.17,0.4781,10781.67,13430.14,73.14,0.0,-1.0,-73.14,False,False
5,22,1987,JLA Home,Missy Paragamian,HUH10137,Bedding Sets,0.5,0.12,0.2,4384.92,7286.5,72.91,0.0,-1.0,-72.91,False,False
5,23,27315,CAN_Beco Industries,Paige Beattie,MKK10091,Bedding Sets,,0.15,0.25,18479.29,24376.73,72.47,532.18,6.3434,459.7099999999999,True,True
5,24,80197,CENTRADE INC.,Jessica Gu,WWMA1193,Accent Pillows,0.3126,0.17,0.22,10538.5,15117.58,72.4,126.22,0.7433,53.81999999999999,True,True
5,25,25843,"Bedshe International Co.,LTD",Rainbow Wu,BDUR2303,Bedding Sets,0.5,0.2,0.23,31388.22,41517.85,72.3,133.6,0.8479000000000001,61.3,True,True
5,26,1987,JLA Home,Missy Paragamian,ZPCD1732,Bedding Sets,0.5,0.2,0.5,5131.98,6746.16,72.22,125.17,0.7331,52.95,True,True
5,27,23665,"Cozy Line Home Fashions, Inc.",Jaiden Lawlor,CLHF1026,Bedding Sets,0.4071,0.05,0.1,12743.65,19351.46,72.12,53.11,-0.2636,-19.010000000000005,True,False
5,28,241365,"CGK HOLDINGS, INC.",Jaiden Lawlor,CKAI1026,Sheets & Pillowcases,0.3567,0.22,0.4067,3323.13,6533.2,71.92,63.71,-0.11410000000000001,-8.21,True,False
5,29,1987,JLA Home,Missy Paragamian,HSHM1794,Bedding Sets,0.5,0.12,0.5,5289.03,6654.45,71.65,5.71,-0.9203,-65.94000000000001,True,False
5,30,1748,Revman International,Missy Paragamian,KBFC1792,Bedding Sets,0.3144,0.22,,12158.44,16404.29,71.47,167.12,1.3385,95.65,True,True
5,31,1987,JLA Home,Missy Paragamian,NCWB1273,Bedding Sets,0.47159999999999996,0.12,0.5,25986.7,34581.83,71.22,152.14,1.1362999999999999,80.91999999999999,True,True
5,32,241365,"CGK HOLDINGS, INC.",Jaiden Lawlor,CKAI1021,Sheets & Pillowcases,0.3567,0.22,0.4067,1990.58,3568.29,70.98,115.0,0.6203,44.019999999999996,True,True
5,33,1987,JLA Home,Missy Paragamian,DBYH8281,Bedding Sets,0.44909999999999994,0.17,0.4935,22716.29,26902.93,70.61,220.86,2.1278,150.25,True,True
5,34,1748,Revman International,Missy Paragamian,DRQH1942,Bedding Sets,0.3144,0.1769,,12934.6,21387.5,70.42,210.67,1.9916,140.25,True,True
5,35,1987,JLA Home,Missy Paragamian,RDBL5119,Bedding Sets,0.4727,0.15,0.5,17479.17,23545.09,70.27,117.8,0.6764,47.53,True,True
5,36,1987,JLA Home,Missy Paragamian,ATGD5378,Bedding Sets,0.44909999999999994,0.15,0.24989999999999998,11453.09,14178.58,70.09,0.0,-1.0,-70.09,False,False
5,37,1987,JLA Home,Missy Paragamian,NCWA1930,Bedding Sets,0.44909999999999994,0.15,0.5,20350.49,23163.6,69.82,85.7,0.2275,15.88000000000001,True,True
5,38,1987,JLA Home,Missy Paragamian,ATGR7043,Bedding Sets,0.5,0.12,0.5,9342.93,11099.42,69.75,0.0,-1.0,-69.75,False,False
5,39,1987,JLA Home,Missy Paragamian,NCWA2775,Bedding Sets,0.3368,0.15,0.3851,4614.99,7985.08,69.65,53.25,-0.23550000000000001,-16.400000000000006,True,False
5,40,2554,Pem America,Benjamin Hannigan,FYEB1024,Blankets And Throws,0.4385,0.2,0.248,4975.77,8100.72,69.59,269.09,2.8668,199.49999999999997,True,True
5,41,1748,Revman International,Missy Paragamian,KBFC1862,Bedding Sets,0.231,0.22,,13763.36,17052.5,69.54,94.4,0.3575,24.86,True,True
5,42,67551,"Suzhou lanqinglv Trading co,. ltd",lance Zhou,OELA1251,Bedding Sets,0.4826,0.22,,6966.35,11818.07,69.37,29.32,-0.5772999999999999,-40.050000000000004,True,False
5,43,24696,Daniel Linen/Home Sweet Home Dreams Inc.,Supplier Service Desk,ACOT7450,Sheets & Pillowcases,0.2,0.02,0.021,3753.75,7198.66,69.03,30.42,-0.5593,-38.61,True,False
5,44,25843,"Bedshe International Co.,LTD",Rainbow Wu,BDUR1683,Bedding Sets,0.37829999999999997,0.2,0.23,5640.16,6823.51,68.29,0.0,-1.0,-68.29,False,False
5,45,37327,Instyle Products Corp,Rikki Sartor,KBST1230,Bedding Sets,0.5,0.32,,6861.19,10710.26,67.91,0.0,-1.0,-67.91,False,False
5,46,1748,Revman International,Missy Paragamian,KBFC1938,Bedding Sets,0.3256,0.27,,7460.02,10175.32,67.9,0.0,-1.0,-67.9,False,False
5,47,25843,"Bedshe International Co.,LTD",Rainbow Wu,BDUR1189,Bedding Sets,0.5,0.2,0.23,10059.09,14720.51,67.88,77.18,0.13699999999999998,9.300000000000011,True,True
5,48,25843,"Bedshe International Co.,LTD",Rainbow Wu,BDUR1727,Bedding Sets,0.5,0.2,0.21,9955.75,13023.0,67.86,273.01,3.023,205.14999999999998,True,True
5,49,1987,JLA Home,Missy Paragamian,RBRS8644,Bedding Sets,0.5,0.12,0.5,20382.93,24502.03,67.57,111.75,0.6537999999999999,44.18000000000001,True,True
5,50,1748,Revman International,Missy Paragamian,BCTS1253,Sheets & Pillowcases,0.2,0.1618,,3631.45,5726.99,67.41,59.92,-0.11109999999999999,-7.489999999999995,True,False
5,51,25843,"Bedshe International Co.,LTD",Rainbow Wu,BDUR3233,Blankets And Throws,0.32409999999999994,0.06,0.07,10062.57,11833.72,67.37,274.8,3.0787,207.43,True,True
5,52,1748,Revman International,Missy Paragamian,ERB1773,Bedding Sets,0.20149999999999998,0.20010000000000003,,20685.2,22894.7,67.06,0.0,-1.0,-67.06,False,False
5,53,1987,JLA Home,Missy Paragamian,WLR1330,Bedding Sets,0.44909999999999994,0.12,0.31739999999999996,8140.67,10439.39,66.43,0.0,-1.0,-66.43,False,False
5,54,1987,JLA Home,Missy Paragamian,ALCT8597,Blankets And Throws,0.45130000000000003,0.12,0.4178,6167.51,8734.22,66.37,56.06,-0.1553,-10.310000000000002,True,False
5,55,25843,"Bedshe International Co.,LTD",Rainbow Wu,BDUR1567,Blankets And Throws,0.341,0.08,0.09,3070.94,3127.94,66.23,135.65,1.0482,69.42,True,True
5,56,1748,Revman International,Missy Paragamian,VRWG2206,Bedding Sets,0.3144,0.22,,13454.92,21692.98,65.58,151.0,1.3027000000000002,85.42,True,True
5,57,1748,Revman International,Missy Paragamian,TBL11142,Bedding Sets,0.45880000000000004,0.3362,,231.07,394.0,65.34,0.0,-1.0,-65.34,False,False
5,58,1987,JLA Home,Missy Paragamian,NCWA1608,Bedding Sets,0.47159999999999996,0.1,0.5,9521.55,13747.42,65.32,102.26,0.5656,36.94000000000001,True,True
5,59,25843,"Bedshe International Co.,LTD",Rainbow Wu,BDUR1714,Bedding Sets,0.2,0.2,0.23,9099.61,10598.11,65.07,64.5,-0.0087,-0.5699999999999932,True,False
5,60,1987,JLA Home,Missy Paragamian,BCHH2244,Bedding Sets,0.47159999999999996,0.15,0.5,5718.36,8059.27,64.92,119.46,0.8402,54.53999999999999,True,True
5,61,27315,CAN_Beco Industries,Paige Beattie,BCTS1232,Bedding Sets,0.5,0.15,0.25,24591.42,29309.76,64.38,0.0,-1.0,-64.38,False,False
5,62,1748,Revman International,Missy Paragamian,VRWG2180,Bedding Sets,0.3144,0.21230000000000002,,8985.43,10741.67,64.31,87.71,0.3638,23.39999999999999,True,True
5,63,112418,SAF IJAZ,Supplier Service Desk,ABEJ1020,Bedding Sets,0.2,0.07,0.07,16412.49,27587.9,63.88,0.0,-1.0,-63.88,False,False
5,64,1748,Revman International,Missy Paragamian,ERB1390,Bedding Sets,0.2,0.22,,5416.5,7689.8,63.72,125.88,0.9754999999999999,62.16,True,True
6,1,2554,Pem America,Benjamin Hannigan,BDOK1099,Bedding Sets,0.4963,0.15,0.201,4985.66,8060.48,63.16,94.82,0.5013000000000001,31.659999999999997,True,True
6,2,1987,JLA Home,Missy Paragamian,BGLS1280,Bedding Sets,0.44909999999999994,0.12,0.262,6425.95,9129.48,62.97,56.75,-0.0987,-6.219999999999999,True,False
6,3,20128,"SLNY Home INC, DBA Spirit Linen",Supplier Service Desk,TCTZ1786,Sheets & Pillowcases,0.36,0.15,0.15,9221.93,17971.24,62.69,28.64,-0.5432,-34.05,True,False
6,4,228805,IMPERIAL HOMEWARE LONDO,NS LuIpMpIlTieEr DService Desk,IPCR1013,Bedding Sets,0.5,0.1,,1744.96,4051.03,62.49,32.8,-0.47509999999999997,-29.690000000000005,True,False
6,5,1748,Revman International,Missy Paragamian,KBFC2400,Bedding Sets,0.23829999999999998,0.22,,12396.48,17641.65,62.43,0.0,-1.0,-62.43,False,False
6,6,1748,Revman International,Missy Paragamian,ERB10938,Bedding Sets,0.3144,0.22,,6119.37,8317.63,62.41,73.21,0.17300000000000001,10.799999999999997,True,True
6,7,1987,JLA Home,Missy Paragamian,NCWA2498,Bedding Sets,0.44909999999999994,0.12,0.4968,7436.66,11102.68,62.29,182.41,1.9284000000000001,120.12,True,True
6,8,1987,JLA Home,Missy Paragamian,BTY1115,Blankets And Throws,0.5,0.12,0.5,6302.76,7107.11,62.02,35.15,-0.43329999999999996,-26.870000000000005,True,False
6,9,25843,"Bedshe International Co.,LTD",Rainbow Wu,BDUR1263,Bedding Sets,0.46840000000000004,0.3,0.33,10890.15,14718.59,61.8,90.18,0.4592,28.38000000000001,True,True
6,10,1748,Revman International,Missy Paragamian,VRWG2253,Bedding Sets,0.33549999999999996,0.22,,2183.16,3270.84,61.79,0.0,-1.0,-61.79,False,False
6,11,25843,"Bedshe International Co.,LTD",Rainbow Wu,BDUR2944,Bedding Sets,0.5,0.2,0.23,5126.6,7071.51,61.76,30.43,-0.5073,-31.33,True,False
6,12,23665,"Cozy Line Home Fashions, Inc.",Jaiden Lawlor,CLHF1150,Bedding Sets,0.4999,0.05,0.1,9423.53,14572.01,61.76,0.0,-1.0,-61.76,False,False
6,13,27315,CAN_Beco Industries,Paige Beattie,KBFC1970,Sheets & Pillowcases,0.5,0.15,0.25,3477.54,4719.25,61.73,0.0,-1.0,-61.73,False,False
6,14,25843,"Bedshe International Co.,LTD",Rainbow Wu,BDUR1460,Blankets And Throws,0.5,0.08,0.09,3191.99,3637.21,61.53,116.18,0.8881999999999999,54.650000000000006,True,True
6,15,1987,JLA Home,Missy Paragamian,SEHO8017,Bedding Sets,0.44909999999999994,0.15,0.4326,12525.68,16444.63,61.33,0.0,-1.0,-61.33,False,False
6,16,63138,"Changshu Youthsky Import Export Co.,Ltd",Jessica Gu,SEPL1078,Bedding Sets,,0.05,0.05,1812.0,2128.4,60.97,96.13,0.5768,35.16,True,True
6,17,1987,JLA Home,Missy Paragamian,WLR1331,Bedding Sets,0.44909999999999994,0.12,0.4968,16161.66,22199.98,60.87,85.36,0.4023,24.490000000000002,True,True
6,18,1452,Loloi Rugs,Alex Melius,KBPK4730,Accent Pillows,0.3389,0.0613,0.11130000000000001,506.23,1332.2,60.86,32.86,-0.46009999999999995,-28.0,True,False
6,19,1987,JLA Home,Missy Paragamian,WNST1719,Bedding Sets,0.39299999999999996,0.17,0.441,8005.33,11877.61,60.72,47.47,-0.2182,-13.25,True,False
6,20,112418,SAF IJAZ,Supplier Service Desk,ABEJ1018,Bedding Sets,0.2,0.07,0.07,15739.17,30140.43,60.65,70.49,0.1623,9.839999999999996,True,True
6,21,1987,JLA Home,Missy Paragamian,NCWA2763,Bedding Sets,0.39299999999999996,0.15,0.428,17678.77,28252.22,60.54,227.49,2.7575,166.95000000000002,True,True
6,22,1748,Revman International,Missy Paragamian,MBVB1762,Blankets And Throws,0.2,0.12380000000000001,,6874.27,8675.65,60.4,0.0,-1.0,-60.4,False,False
6,23,1748,Revman International,Missy Paragamian,ERB10807,Blankets And Throws,0.5,0.35710000000000003,,4257.14,5867.72,60.0,17.29,-0.7118000000000001,-42.71,True,False
6,24,1748,Revman International,Missy Paragamian,TBB1742,Accent Pillows,0.2,0.22,,5239.74,8116.89,59.97,22.65,-0.6223,-37.32,True,False
6,25,1748,Revman International,Missy Paragamian,KBFC2588,Sheets & Pillowcases,0.5,0.1182,,1374.75,1843.72,59.83,0.0,-1.0,-59.83,False,False
6,26,1987,JLA Home,Missy Paragamian,NGIN1031,Bedding Sets,0.39299999999999996,0.12,0.2867,5665.63,10501.01,59.82,79.35,0.3264,19.529999999999994,True,True
6,27,1748,Revman International,Missy Paragamian,MBVB1338,Bedding Sets,0.23420000000000002,0.22,,7680.64,9556.91,59.82,64.22,0.0736,4.399999999999999,True,True
6,28,1748,Revman International,Missy Paragamian,MSTT6707,Bedding Sets,,0.22,,1449.38,2513.62,59.67,61.62,0.0326,1.9499999999999957,True,True
6,29,1987,JLA Home,Missy Paragamian,GCEO4069,Blankets And Throws,0.45130000000000003,0.17,0.33340000000000003,4910.89,6349.86,59.67,39.39,-0.3398,-20.28,True,False
6,30,1748,Revman International,Missy Paragamian,KBFC1936,Bedding Sets,0.3814,0.27,,7299.55,9043.72,59.55,90.15,0.5139,30.60000000000001,True,True
6,31,1987,JLA Home,Missy Paragamian,ONAW6769,Bedding Sets,0.44909999999999994,0.15,0.3123,21745.68,25387.72,59.19,84.25,0.42340000000000005,25.060000000000002,True,True
6,32,76195,Ulli Home,Jaiden Lawlor,ULIH4094,Accent Pillows,0.24739999999999998,0.06,0.11,2885.96,5849.48,59.14,22.21,-0.6245,-36.93,True,False
6,33,55893,WonderfulCo,lance Zhou,WNTX1058,Bedding Sets,0.5,0.1,,13504.4,21989.21,59.13,164.03,1.7738999999999998,104.9,True,True
6,34,1748,Revman International,Missy Paragamian,KBFC1894,Bedding Sets,0.3144,0.22,,9613.43,11390.17,59.12,118.26,1.0003,59.14000000000001,True,True
6,35,112418,SAF IJAZ,Supplier Service Desk,ABEJ1088,Bedding Sets,0.2,0.07,0.07,4418.85,8071.5,58.88,79.46,0.34950000000000003,20.57999999999999,True,True
6,36,25843,"Bedshe International Co.,LTD",Rainbow Wu,BDUR3580,Bedding Sets,0.4064,0.1,0.15,697.48,1025.65,58.78,117.07,0.9915999999999999,58.28999999999999,True,True
6,37,1987,JLA Home,Missy Paragamian,HUH1351,Bedding Sets,0.44909999999999994,0.2,0.3616,7304.75,9930.37,58.67,0.0,-1.0,-58.67,False,False
6,38,1987,JLA Home,Missy Paragamian,NGIN1226,Sheets & Pillowcases,0.5,0.17,0.4507,4092.13,8198.17,58.66,0.0,-1.0,-58.66,False,False
6,39,27315,CAN_Beco Industries,Paige Beattie,DRQH1918,Bedding Sets,0.5,0.15,0.25,8104.63,10712.68,58.51,312.58,4.3423,254.07,True,True
6,40,1748,Revman International,Missy Paragamian,KBFC1982,Bedding Sets,0.2,0.22,,13484.91,15060.97,57.77,88.62,0.5341,30.85,True,True
6,41,1748,Revman International,Missy Paragamian,MBVB1743,Sheets & Pillowcases,0.3134,0.2091,,4587.07,6285.5,57.71,36.76,-0.363,-20.950000000000003,True,False
6,42,1748,Revman International,Missy Paragamian,KBFC1957,Bedding Sets,0.3144,0.22,,6669.91,9602.96,57.63,0.0,-1.0,-57.63,False,False
6,43,1987,JLA Home,Missy Paragamian,NCWA1516,Bedding Sets,0.5,0.15,0.5,12028.16,16894.77,57.6,48.45,-0.1589,-9.149999999999999,True,False
6,44,27315,CAN_Beco Industries,Paige Beattie,MBVB1754,Bedding Sets,0.5,0.15,0.25,6786.53,8964.49,57.52,79.04,0.3741,21.520000000000003,True,True
6,45,1987,JLA Home,Missy Paragamian,BDIS1365,Bedding Sets,0.3368,0.15,0.3851,38630.59,47717.18,57.19,35.22,-0.38409999999999994,-21.97,True,False
6,46,25843,"Bedshe International Co.,LTD",Rainbow Wu,BDUR1941,Bedding Sets,0.2576,0.15,0.18,14071.92,19164.37,56.77,114.84,1.0229000000000001,58.07,True,True
6,47,1748,Revman International,Missy Paragamian,QO10430,Bedding Sets,0.3071,0.22,,5206.7,9342.62,56.52,115.59,1.045,59.07,True,True
6,48,1987,JLA Home,Missy Paragamian,WLAO2621,Blankets And Throws,0.45130000000000003,0.12,0.4972,19722.87,30053.47,56.38,35.78,-0.3654,-20.6,True,False
6,49,27315,CAN_Beco Industries,Paige Beattie,MKK10092,Bedding Sets,0.5,0.15,0.25,5428.37,9179.12,56.27,0.0,-1.0,-56.27,False,False
6,50,1987,JLA Home,Missy Paragamian,DRBH6341,Bedding Sets,0.39299999999999996,0.15,0.441,10484.72,14185.83,56.21,0.0,-1.0,-56.21,False,False
6,51,22695,ELEGANCE LINEN,Benjamin Hannigan,VRKG1252,Sheets & Pillowcases,0.4279,0.25,0.3,1351.95,2515.55,56.06,156.46,1.7911000000000001,100.4,True,True
6,52,1748,Revman International,Missy Paragamian,KBFC1896,Bedding Sets,0.5,0.2275,,5690.65,7940.25,55.89,0.0,-1.0,-55.89,False,False
6,53,1987,JLA Home,Missy Paragamian,NCWB1280,Bedding Sets,0.5,0.12,0.5,6623.06,8992.63,55.88,0.0,-1.0,-55.88,False,False
6,54,67551,"Suzhou lanqinglv Trading co,. ltd",lance Zhou,OELA1479,Bedding Sets,0.4782,0.32,,8833.57,16091.18,55.82,73.54,0.3175,17.720000000000006,True,True
6,55,1748,Revman International,Missy Paragamian,MSTT6656,Bedding Sets,0.2695,0.22,,6558.03,11208.82,55.56,49.09,-0.1165,-6.469999999999999,True,False
6,56,1748,Revman International,Missy Paragamian,ERB10790,Bedding Sets,0.3144,0.1889,,13167.28,15177.83,55.5,78.64,0.4169,23.14,True,True
6,57,1987,JLA Home,Missy Paragamian,NDHA1007,Kids Bedding Sets,0.4661,0.15,0.5,12050.06,18526.48,55.25,0.0,-1.0,-55.25,False,False
6,58,1987,JLA Home,Missy Paragamian,WRLO7366,Bedding Sets,0.5,0.12,0.4888,17484.93,21130.98,55.1,78.81,0.4304,23.71,True,True
6,59,27315,CAN_Beco Industries,Paige Beattie,MBVB1454,Bedding Sets,0.5,0.15,0.25,10425.84,12717.55,55.08,115.6,1.0987,60.519999999999996,True,True
6,60,14580,Amrapur Overseas Inc.,Jaiden Lawlor,BNJV2637,Sheets & Pillowcases,0.4458,0.1,0.15,2788.99,5199.81,55.08,82.01,0.4889,26.930000000000007,True,True
6,61,1987,JLA Home,Missy Paragamian,JLZL1038,Accent Pillows,0.5,0.2,0.2816,6084.15,10358.85,54.98,33.87,-0.384,-21.11,True,False
6,62,27315,CAN_Beco Industries,Paige Beattie,DRQH2047,Sheets & Pillowcases,0.5,0.15,0.25,3221.25,4353.06,54.94,34.68,-0.3688,-20.259999999999998,True,False
6,63,1987,JLA Home,Missy Paragamian,JLZL1262,Bedding Sets,0.5,0.15,0.4547,4637.96,7273.42,54.82,34.94,-0.3626,-19.880000000000003,True,False
6,64,76195,Ulli Home,Jaiden Lawlor,ULIH2774,Accent Pillows,0.2698,0.06,0.11,1015.38,1997.64,54.74,0.0,-1.0,-54.74,False,False
7,1,1748,Revman International,Missy Paragamian,KBFC2497,Bedding Sets,0.2,0.22,,7313.95,9927.12,54.48,57.8,0.060899999999999996,3.3200000000000003,True,True
7,2,1748,Revman International,Missy Paragamian,ERB10772,Bedding Sets,0.4575,0.22,,6175.95,8485.02,54.37,53.94,-0.0079,-0.4299999999999997,True,False
7,3,1748,Revman International,Missy Paragamian,ERB10951,Sheets & Pillowcases,0.3134,0.22,,3530.14,5830.43,54.35,116.82,1.1493,62.46999999999999,True,True
7,4,1748,Revman International,Missy Paragamian,KBFC2025,Bedding Sets,0.2,0.22,,10085.97,15224.46,54.35,125.87,1.3159,71.52000000000001,True,True
7,5,1748,Revman International,Missy Paragamian,ERB1391,Bedding Sets,0.2,0.22,,7529.34,9203.17,54.15,0.0,-1.0,-54.15,False,False
7,6,1748,Revman International,Missy Paragamian,ERB1774,Bedding Sets,0.24600000000000002,0.22,,6198.63,7754.26,53.93,44.46,-0.17559999999999998,-9.469999999999999,True,False
7,7,1987,JLA Home,Missy Paragamian,VBDN1055,Kids Bedding Sets,0.4439,0.17,0.5,6263.33,9395.85,53.58,0.0,-1.0,-53.58,False,False
7,8,1748,Revman International,Missy Paragamian,MBVB1213,Bedding Sets,0.5,0.451,,20540.89,25375.43,53.36,0.0,-1.0,-53.36,False,False
7,9,40013,Phantoscope,Jessica Gu,PHSC1877,Accent Pillows,0.33770000000000006,0.17,0.19,1777.75,3753.34,53.27,13.37,-0.7490000000000001,-39.900000000000006,True,False
7,10,1987,JLA Home,Missy Paragamian,EBRD5195,Blankets And Throws,0.45130000000000003,0.17,0.3064,1667.58,2268.06,53.26,0.0,-1.0,-53.26,False,False
7,11,241365,"CGK HOLDINGS, INC.",Jaiden Lawlor,CKAI1020,Sheets & Pillowcases,0.4111,0.22,,2676.19,6017.46,53.15,43.8,-0.17600000000000002,-9.350000000000001,True,False
7,12,67551,"Suzhou lanqinglv Trading co,. ltd",lance Zhou,OELA1178,Bedding Sets,0.33590000000000003,0.22,,6002.2,9918.56,53.11,43.97,-0.1721,-9.14,True,False
7,13,63138,"Changshu Youthsky Import Export Co.,Ltd",Jessica Gu,SEPL1082,Bedding Sets,0.2,0.05,0.05,6533.7,7755.58,53.09,100.32,0.8898,47.22999999999999,True,True
7,14,1748,Revman International,Missy Paragamian,ERB10983,Bedding Sets,0.3057,0.22,,7976.13,13644.82,52.65,57.8,0.0978,5.149999999999999,True,True
7,15,12684,Bargain Online Shops LLC,Jaiden Lawlor,EDIV2459,Sheets & Pillowcases,,0.1,,1239.6,2312.25,52.44,73.87,0.4086,21.430000000000007,True,True
7,16,1987,JLA Home,Missy Paragamian,CHRH6445,Bedding Sets,0.47159999999999996,0.17,0.2967,7520.51,9343.4,52.31,76.31,0.45890000000000003,24.0,True,True
7,17,32808,CAN_Cathay Home Inc.,Paige Beattie,BKWT4087,Sheets & Pillowcases,0.5,0.25,0.28,2504.34,7998.74,52.21,37.46,-0.2825,-14.75,True,False
7,18,25843,"Bedshe International Co.,LTD",Rainbow Wu,BDUR1689,Bedding Sets,0.2808,0.15,0.16,2443.31,3583.52,51.6,109.81,1.1281,58.21,True,True
7,19,1748,Revman International,Missy Paragamian,TBB1658,Bedding Sets,0.3144,0.22,,15525.74,21882.35,50.77,0.0,-1.0,-50.77,False,False
7,20,1987,JLA Home,Missy Paragamian,HUH10124,Bedding Sets,0.47159999999999996,0.15,0.332,7909.07,12033.02,50.75,0.0,-1.0,-50.75,False,False
7,21,1987,JLA Home,Missy Paragamian,LOPK4501,Bedding Sets,0.44909999999999994,0.15,0.4968,14285.84,20294.47,50.67,0.0,-1.0,-50.67,False,False
7,22,25843,"Bedshe International Co.,LTD",Rainbow Wu,BDUR1164,Bedding Sets,0.3387,0.2,0.23,2987.24,4164.11,50.3,98.27,0.9538,47.97,True,True
7,23,1987,JLA Home,Missy Paragamian,RDBT1431,Bedding Sets,0.39299999999999996,0.15,0.441,14247.95,18074.79,50.27,75.5,0.5018,25.229999999999997,True,True
7,24,1748,Revman International,Missy Paragamian,MBVB1845,Sheets & Pillowcases,0.4545,0.22,,1217.13,2006.58,49.86,42.87,-0.1402,-6.990000000000002,True,False
7,25,1748,Revman International,Missy Paragamian,ONAW2729,Bedding Sets,0.3144,0.1778,,14138.64,16876.01,49.61,52.86,0.0655,3.25,True,True
7,26,1748,Revman International,Missy Paragamian,KCN10136,Bedding Sets,0.2378,0.22,,6253.84,9895.35,49.45,99.64,1.0151000000000001,50.19,True,True
7,27,1987,JLA Home,Missy Paragamian,UNOR2322,Bedding Sets,0.44909999999999994,0.17,0.4328,11145.66,15459.4,49.39,113.2,1.2918,63.81,True,True
7,28,1987,JLA Home,Missy Paragamian,RDBS3541,Bedding Sets,0.3368,0.12,0.3851,7675.41,9868.59,49.27,65.84,0.33640000000000003,16.57,True,True
7,29,76195,Ulli Home,Jaiden Lawlor,ULIH2834,Accent Pillows,0.2,0.04,0.09,3887.27,7180.81,49.09,75.7,0.5421,26.61,True,True
7,30,25843,"Bedshe International Co.,LTD",Rainbow Wu,BDUR1480,Bedding Sets,0.3321,0.14,0.17,5752.88,6961.96,49.06,0.0,-1.0,-49.06,False,False
7,31,1748,Revman International,Missy Paragamian,KCN10115,Bedding Sets,0.3144,0.18109999999999998,,13002.56,17075.21,48.9,60.96,0.24670000000000003,12.060000000000002,True,True
7,32,1748,Revman International,Missy Paragamian,ERB1759,Blankets And Throws,0.4192,0.4424,,14196.42,19146.26,48.77,26.39,-0.45890000000000003,-22.380000000000003,True,False
7,33,1748,Revman International,Missy Paragamian,ERB10540,Blankets And Throws,0.33799999999999997,0.22,,3838.02,5823.4,48.76,19.27,-0.6048,-29.49,True,False
7,34,24282,"Nanshing America, Inc.",Jaiden Lawlor,MBSR1283,Bedding Sets,0.5,0.12,0.13,1272.53,1994.32,48.64,0.0,-1.0,-48.64,False,False
7,35,76195,Ulli Home,Jaiden Lawlor,ULIH6063,Blankets And Throws,0.33509999999999995,0.12,0.1,1588.65,2560.47,48.33,0.0,-1.0,-48.33,False,False
7,36,25843,"Bedshe International Co.,LTD",Rainbow Wu,BDUR1142,Bedding Sets,0.3274,0.2,0.23,5076.29,5662.07,48.2,63.25,0.3123,15.049999999999997,True,True
7,37,1748,Revman International,Missy Paragamian,TBB1945,Blankets And Throws,0.22510000000000002,0.1696,,6243.22,8211.64,47.98,110.0,1.2925,62.02,True,True
7,38,1748,Revman International,Missy Paragamian,DRQH2044,Bedding Sets,0.2376,0.22,,9556.99,16075.85,47.9,0.0,-1.0,-47.9,False,False
7,39,1748,Revman International,Missy Paragamian,KBFC1905,Bedding Sets,0.3144,0.22,,6890.5,8883.8,47.9,157.72,2.293,109.82,True,True
7,40,25843,"Bedshe International Co.,LTD",Rainbow Wu,BDUR1493,Bedding Sets,0.2,0.04,0.07,1579.83,1807.03,47.59,0.0,-1.0,-47.59,False,False
7,41,1987,JLA Home,Missy Paragamian,RDBL6665,Bedding Sets,0.44909999999999994,0.15,0.4968,9237.4,12818.46,47.58,69.15,0.4532,21.570000000000007,True,True
7,42,27315,CAN_Beco Industries,Paige Beattie,ERB10874,Bedding Sets,0.391,0.15,0.25,10269.74,11219.52,47.33,44.46,-0.0605,-2.8699999999999974,True,False
7,43,1987,JLA Home,Missy Paragamian,HUH10113,Bedding Sets,0.44909999999999994,0.15,0.3049,6436.29,11094.37,47.28,0.0,-1.0,-47.28,False,False
7,44,1987,JLA Home,Missy Paragamian,WLR1343,Blankets And Throws,0.5,0.12,0.3306,4070.22,6427.03,47.19,179.12,2.7960000000000003,131.93,True,True
7,45,24282,"Nanshing America, Inc.",Jaiden Lawlor,NAAM1099,Bedding Sets,0.5,0.12,0.13,6354.48,9258.15,47.16,71.06,0.5065999999999999,23.900000000000006,True,True
7,46,25843,"Bedshe International Co.,LTD",Rainbow Wu,BDUR1122,Bedding Sets,0.5,0.2,0.23,5384.48,7257.34,47.16,32.25,-0.3161,-14.909999999999997,True,False
7,47,107502,QKXB INC,Asia Supplier Service Desk,JHAA1004,Accent Pillows,0.5,0.4157,0.1,1609.73,2938.35,47.07,55.46,0.1783,8.39,True,True
7,48,27315,CAN_Beco Industries,Paige Beattie,SBQY1046,Bedding Sets,0.5,0.15,0.25,13349.67,20045.67,46.99,0.0,-1.0,-46.99,False,False
7,49,1748,Revman International,Missy Paragamian,KBFC2619,Bedding Sets,0.3328,0.22,,11007.72,12932.19,46.95,0.0,-1.0,-46.95,False,False
7,50,1748,Revman International,Missy Paragamian,VRWG2249,Bedding Sets,0.3901,0.22,,1253.39,1543.78,46.94,0.0,-1.0,-46.94,False,False
7,51,1748,Revman International,Missy Paragamian,KCN10131,Bedding Sets,0.2,0.22,,11909.71,15114.17,46.89,0.0,-1.0,-46.89,False,False
7,52,1987,JLA Home,Missy Paragamian,AAHR1052,Sheets & Pillowcases,0.3946,0.17,0.4226,4382.16,5875.9,46.66,58.16,0.2466,11.5,True,True
7,53,27315,CAN_Beco Industries,Paige Beattie,KBFC2602,Bedding Sets,0.391,0.15,0.25,10886.7,15214.05,46.58,0.0,-1.0,-46.58,False,False
7,54,80197,CENTRADE INC.,Jessica Gu,WWMA1163,Accent Pillows,0.5,0.17,0.22,1245.88,1942.96,46.56,102.54,1.2023000000000001,55.980000000000004,True,True
7,55,1748,Revman International,Missy Paragamian,MBVB1800,Bedding Sets,0.3144,0.22,,7744.72,9540.44,46.52,727.91,14.6472,681.39,True,True
7,56,1748,Revman International,Missy Paragamian,XRT10091,Sheets & Pillowcases,0.2,0.09480000000000001,,2422.77,3523.95,46.5,202.13,3.3468,155.63,True,True
7,57,24696,Daniel Linen/Home Sweet Home Dreams Inc.,Supplier Service Desk,CHMB1670,Sheets & Pillowcases,0.2,0.02,0.021,2826.82,4879.1,46.39,36.12,-0.2214,-10.270000000000003,True,False
7,58,23665,"Cozy Line Home Fashions, Inc.",Jaiden Lawlor,CLHF1171,Bedding Sets,0.496,0.05,0.1,11073.86,15673.64,46.11,0.0,-1.0,-46.11,False,False
7,59,1748,Revman International,Missy Paragamian,DRQH2048,Bedding Sets,0.2,0.22,,372.0,628.63,45.98,138.32,2.008,92.34,True,True
7,60,241365,"CGK HOLDINGS, INC.",Jaiden Lawlor,CKAI1013,Sheets & Pillowcases,,0.22,,1540.18,2940.36,45.75,70.12,0.5328,24.370000000000005,True,True
7,61,1748,Revman International,Missy Paragamian,MBVB1819,Bedding Sets,0.3144,0.22,,1823.44,2360.15,45.74,39.52,-0.136,-6.219999999999999,True,False
7,62,25843,"Bedshe International Co.,LTD",Rainbow Wu,BDUR1568,Blankets And Throws,0.31170000000000003,0.08,0.09,1434.67,1299.43,45.37,52.04,0.1471,6.670000000000002,True,True
7,63,1748,Revman International,Missy Paragamian,ERB1660,Accent Pillows,0.2754,0.22,,11403.64,16422.9,45.35,61.04,0.34590000000000004,15.689999999999998,True,True
7,64,80197,CENTRADE INC.,Jessica Gu,WWMA1088,Accent Pillows,0.5,0.17,0.22,6102.78,9010.24,45.2,221.42,3.8987,176.21999999999997,True,True
8,1,25843,"Bedshe International Co.,LTD",Rainbow Wu,BDUR1496,Sheets & Pillowcases,0.4011,0.2,0.21,3912.25,4957.12,45.09,29.36,-0.3488,-15.730000000000004,True,False
8,2,1748,Revman International,Missy Paragamian,TBL10943,Blankets And Throws,0.2857,0.1918,,4124.86,6850.91,44.78,40.23,-0.1017,-4.550000000000004,True,False
8,3,112418,SAF IJAZ,Supplier Service Desk,ABEJ1012,Bedding Sets,0.2,0.07,0.07,6852.11,12039.2,44.77,0.0,-1.0,-44.77,False,False
8,4,27315,CAN_Beco Industries,Paige Beattie,MKK10013,Bedding Sets,0.5,0.15,0.25,5850.15,11941.58,44.7,0.0,-1.0,-44.7,False,False
8,5,1748,Revman International,Missy Paragamian,KBFC2113,Bedding Sets,0.2,0.1945,,10918.58,14816.42,44.69,128.38,1.8729,83.69,True,True
8,6,1987,JLA Home,Missy Paragamian,CRLM3608,Bedding Sets,0.44909999999999994,0.12,0.4968,9545.52,10675.17,44.56,45.24,0.015300000000000001,0.6799999999999997,True,True
8,7,27315,CAN_Beco Industries,Paige Beattie,MKK10067,Bedding Sets,0.5,0.15,0.25,6395.29,12450.6,44.53,0.0,-1.0,-44.53,False,False
8,8,1987,JLA Home,Missy Paragamian,XBYB1023,Bedding Sets,0.5,0.12,0.41960000000000003,11765.01,16199.87,44.5,54.32,0.2206,9.82,True,True
8,9,69162,Kusnug,Rikki Sartor,KSNU1135,Sheets & Pillowcases,0.3353,0.15,0.2,3109.28,8398.84,44.43,17.96,-0.5958,-26.47,True,False
8,10,1987,JLA Home,Missy Paragamian,LRKM5570,Bedding Sets,0.39299999999999996,0.17,0.5,11057.94,14832.91,44.4,0.0,-1.0,-44.4,False,False
8,11,241365,"CGK HOLDINGS, INC.",Jaiden Lawlor,CKAI1006,Bedding Sets,0.5,0.22,,2519.87,4383.75,44.36,143.12,2.2265,98.76,True,True
8,12,112418,SAF IJAZ,Supplier Service Desk,ABEJ1082,Bedding Sets,0.2,0.07,0.07,5079.23,9327.26,44.28,79.46,0.7945,35.17999999999999,True,True
8,13,1987,JLA Home,Missy Paragamian,QMP2248,Blankets And Throws,0.5,0.12,0.5,4162.64,5809.68,44.26,0.0,-1.0,-44.26,False,False
8,14,1748,Revman International,Missy Paragamian,KBFC2112,Bedding Sets,0.3144,0.22,,7270.91,10121.86,44.23,0.0,-1.0,-44.23,False,False
8,15,2554,Pem America,Benjamin Hannigan,BCMH3068,Bedding Sets,0.25370000000000004,0.15,0.201,1080.01,1996.07,44.16,84.39,0.9111,40.230000000000004,True,True
8,16,80197,CENTRADE INC.,Jessica Gu,WWMA1092,Accent Pillows,0.4314,0.17,0.22,5483.14,7051.99,44.07,0.0,-1.0,-44.07,False,False
8,17,32808,CAN_Cathay Home Inc.,Paige Beattie,WFBS1855,Bed Skirts,0.5,0.35,0.38,6739.13,24392.35,43.98,135.43,2.0791999999999997,91.45000000000002,True,True
8,18,1748,Revman International,Missy Paragamian,ERB1232,Bedding Sets,0.3144,0.22,,3443.89,4772.77,43.96,64.22,0.4607,20.259999999999998,True,True
8,19,1748,Revman International,Missy Paragamian,MBVB1704,Bedding Sets,0.3048,0.2608,,13957.67,18976.97,43.81,0.0,-1.0,-43.81,False,False
8,20,1987,JLA Home,Missy Paragamian,AGRV3760,Bedding Sets,0.39299999999999996,0.2,0.37670000000000003,14837.75,20895.19,43.7,150.26,2.4388,106.55999999999999,True,True
8,21,1748,Revman International,Missy Paragamian,ERB10890,Blankets And Throws,0.35960000000000003,0.22,,2761.33,4220.36,43.45,0.0,-1.0,-43.45,False,False
8,22,1987,JLA Home,Missy Paragamian,ENDE4206,Blankets And Throws,0.5,0.17,0.5,3169.06,4583.22,43.41,70.37,0.6212,26.960000000000008,True,True
8,23,1987,JLA Home,Missy Paragamian,NCWA2431,Bedding Sets,0.44909999999999994,0.15,0.4968,6386.69,9825.14,43.38,38.24,-0.1185,-5.140000000000001,True,False
8,24,1987,JLA Home,Missy Paragamian,ALTH2202,Sheets & Pillowcases,0.4509,0.15,0.5,2369.94,4460.46,43.37,148.62,2.4265,105.25,True,True
8,25,41493,HUI Resource,Supplier Service Desk,PBHM3490,Accent Pillows,0.5,0.35,0.45,1134.0,2655.49,43.36,17.85,-0.5882999999999999,-25.509999999999998,True,False
8,26,1748,Revman International,Missy Paragamian,KBFC2189,Bedding Sets,0.2,0.19820000000000002,,4561.67,6441.34,43.35,39.61,-0.0863,-3.740000000000002,True,False
8,27,1748,Revman International,Missy Paragamian,VRWG2198,Bedding Sets,0.3591,0.3398,,2904.79,3808.04,43.23,0.0,-1.0,-43.23,False,False
8,28,1748,Revman International,Missy Paragamian,QO10470,Bedding Sets,,0.22,,515.33,918.62,43.21,0.0,-1.0,-43.21,False,False
8,29,1987,JLA Home,Missy Paragamian,HUH1698,Bedding Sets,0.5,0.17,0.5,9418.3,16091.8,43.18,75.46,0.7475,32.279999999999994,True,True
8,30,14580,Amrapur Overseas Inc.,Jaiden Lawlor,LURR1436,Bedding Sets,0.4459,0.1,0.15,10859.34,17254.04,43.04,22.37,-0.4802,-20.669999999999998,True,False
8,31,1748,Revman International,Missy Paragamian,KBFC2492,Bedding Sets,0.3144,0.22,,4595.75,6415.97,42.95,50.09,0.1664,7.140000000000001,True,True
8,32,1987,JLA Home,Missy Paragamian,NCWB1196,Bedding Sets,0.44909999999999994,0.12,0.44770000000000004,15941.36,18662.79,42.85,0.0,-1.0,-42.85,False,False
8,33,27315,CAN_Beco Industries,Paige Beattie,KBFC2589,Sheets & Pillowcases,0.39399999999999996,0.15,0.25,782.31,1255.23,42.75,98.48,1.3037999999999998,55.730000000000004,True,True
8,34,67551,"Suzhou lanqinglv Trading co,. ltd",lance Zhou,OELA1466,Bedding Sets,0.5,0.32,,3989.23,7867.4,42.52,70.92,0.6679999999999999,28.4,True,True
8,35,1748,Revman International,Missy Paragamian,KBFC2539,Sheets & Pillowcases,0.2,0.0724,,4112.74,5671.67,42.32,39.52,-0.0663,-2.799999999999997,True,False
8,36,1748,Revman International,Missy Paragamian,TBB1804,Blankets And Throws,0.3373,0.22,,1267.2,1678.61,42.21,82.43,0.953,40.220000000000006,True,True
8,37,32808,CAN_Cathay Home Inc.,Paige Beattie,CRLM5536,Sheets & Pillowcases,0.5,0.4,0.43,882.83,1932.93,42.12,28.93,-0.3132,-13.189999999999998,True,False
8,38,25843,"Bedshe International Co.,LTD",Rainbow Wu,BDUR1177,Bedding Sets,0.5,0.2,0.23,4108.99,6790.25,42.0,0.0,-1.0,-42.0,False,False
8,39,1987,JLA Home,Missy Paragamian,TRNT2911,Bedding Sets,0.47159999999999996,0.17,0.3343,2327.8,2926.71,41.95,0.0,-1.0,-41.95,False,False
8,40,25843,"Bedshe International Co.,LTD",Rainbow Wu,BDUR2338,Bedding Sets,0.2803,0.04,0.07,3437.71,4038.14,41.8,0.0,-1.0,-41.8,False,False
8,41,1748,Revman International,Missy Paragamian,ERB10879,Blankets And Throws,0.3136,0.22260000000000002,,3901.22,5528.28,41.72,0.0,-1.0,-41.72,False,False
8,42,67551,"Suzhou lanqinglv Trading co,. ltd",lance Zhou,OELA1451,Bedding Sets,0.47200000000000003,0.35,,2696.98,4464.72,41.37,0.0,-1.0,-41.37,False,False
8,43,1987,JLA Home,Missy Paragamian,NCWB1242,Bedding Sets,0.44909999999999994,0.15,0.4935,9011.1,12981.59,41.3,82.44,0.9961,41.14,True,True
8,44,1987,JLA Home,Missy Paragamian,HMPT2793,Bedding Sets,0.39299999999999996,0.15,0.441,11766.88,15994.99,41.13,62.99,0.5315,21.86,True,True
8,45,30347,Lifestyle Group Distribution Inc,Waverly Winterer,UNOR2459,Accent Pillows,0.5,0.2,0.24,3362.41,5962.78,41.04,34.07,-0.1698,-6.969999999999999,True,False
8,46,25843,"Bedshe International Co.,LTD",Rainbow Wu,BDUR3393,Sheets & Pillowcases,,0.2,0.23,1039.89,1936.31,40.73,112.23,1.7558,71.5,True,True
8,47,1452,Loloi Rugs,Alex Melius,ABEH1150,Accent Pillows,0.5,0.3766,0.4266,3883.85,7655.32,40.7,32.35,-0.2051,-8.350000000000001,True,False
8,48,1748,Revman International,Missy Paragamian,BCTS1191,Sheets & Pillowcases,0.2,0.22,,2298.8,3264.57,40.6,0.0,-1.0,-40.6,False,False
8,49,41493,HUI Resource,Supplier Service Desk,PBHM3084,Accent Pillows,0.5,0.35,0.4,1470.0,2708.38,40.51,0.0,-1.0,-40.51,False,False
8,50,112418,SAF IJAZ,Supplier Service Desk,ABEJ1046,Bedding Sets,0.2,0.07,0.07,7621.96,14022.64,40.29,158.92,2.9449,118.63,True,True
8,51,14580,Amrapur Overseas Inc.,Jaiden Lawlor,MDER1150,Blankets And Throws,0.4365,0.1,0.15,1537.9,3546.24,40.27,26.81,-0.3342,-13.460000000000004,True,False
8,52,348967,Nanyang Dingjiayue Shangmao Youxiansi,Jessica Gu,WAGS1114,Bedding Sets,,0.15,,719.04,1033.55,40.2,307.2,6.6426,267.0,True,True
8,53,214227,"Caluha Company, LLC",Supplier Service Desk,UBAD1019,Accent Pillows,0.44530000000000003,0.1,,2673.23,4699.02,40.15,110.42,1.7502000000000002,70.27000000000001,True,True
8,54,25843,"Bedshe International Co.,LTD",Rainbow Wu,BDUR2345,Bedding Sets,0.3775,0.14,0.17,1122.86,1545.52,40.05,0.0,-1.0,-40.05,False,False
8,55,43431,ocean home fashion inc,Asia Supplier Service Desk,MRCL1124,Bedding Sets,0.2658,0.11,0.12,5959.52,7964.68,40.0,0.0,-1.0,-40.0,False,False
8,56,2554,Pem America,Benjamin Hannigan,BDOK1049,Sheets & Pillowcases,0.46380000000000005,0.2,0.248,1550.2,2566.12,40.0,0.0,-1.0,-40.0,False,False
8,57,80197,CENTRADE INC.,Jessica Gu,WWMA1176,Accent Pillows,0.5,0.17,0.22,6948.61,10622.3,39.96,40.06,0.0025,0.10000000000000142,True,True
8,58,72667,"Jiangsu Meideni Textile CO.,LTD",lance Zhou,ALDL1219,Bedding Sets,0.5,0.2,,841.71,1175.74,39.83,141.79,2.5603,101.96,True,True
8,59,231356,"SHENZHENMENGMI TEXTILE CO.,LTD",lance Zhou,SEDZ1044,Sheets & Pillowcases,0.30510000000000004,0.1,,1184.8,1952.38,39.74,67.78,0.7054,28.04,True,True
8,60,1748,Revman International,Missy Paragamian,VRWG2209,Bedding Sets,0.3144,0.22,,2455.25,2953.41,39.58,0.0,-1.0,-39.58,False,False
8,61,120487,Zainitex Inc,Supplier Service Desk,RVAN1264,Sheets & Pillowcases,0.3207,0.2,0.4907,1208.86,1860.45,39.53,17.94,-0.5462,-21.59,True,False
8,62,1748,Revman International,Missy Paragamian,VRWG1936,Bedding Sets,0.4927,0.22,,12545.32,15997.77,39.47,112.15,1.8413,72.68,True,True
8,63,1987,JLA Home,Missy Paragamian,NCWA1910,Sheets & Pillowcases,0.4509,0.15,0.4986,6584.27,8239.38,39.39,59.79,0.5179,20.4,True,True
8,64,76195,Ulli Home,Jaiden Lawlor,ULIH2965,Accent Pillows,0.2,0.04,0.09,2869.49,5322.16,39.28,82.08,1.0894,42.8,True,True
9,1,67551,"Suzhou lanqinglv Trading co,. ltd",lance Zhou,OELA1450,Bedding Sets,0.4535,0.35,,2203.87,3830.83,39.25,0.0,-1.0,-39.25,False,False
9,2,1748,Revman International,Missy Paragamian,BCTS1187,Bedding Sets,0.3874,0.3653,,4350.39,5190.65,39.04,0.0,-1.0,-39.04,False,False
9,3,1452,Loloi Rugs,Alex Melius,IGNO1153,Accent Pillows,0.47369999999999995,0.01,0.06,115.26,265.82,38.75,0.0,-1.0,-38.75,False,False
9,4,16941,Sunham Home Fashions,Benjamin Hannigan,LCST1304,Bedding Sets,0.5,0.18,0.23,3474.49,5006.77,38.67,0.0,-1.0,-38.67,False,False
9,5,112418,SAF IJAZ,Supplier Service Desk,ABEJ1044,Bedding Sets,0.2,0.07,0.07,7241.04,14002.5,38.67,0.0,-1.0,-38.67,False,False
9,6,37327,Instyle Products Corp,Rikki Sartor,BGLS8972,Bedding Sets,0.5,0.3,,2355.05,4235.04,38.57,15.79,-0.5906,-22.78,True,False
9,7,1748,Revman International,Missy Paragamian,VRWG2175,Bedding Sets,0.3144,0.1746,,4251.27,5236.51,38.55,0.0,-1.0,-38.55,False,False
9,8,1748,Revman International,Missy Paragamian,KBFC2616,Bedding Sets,0.435,0.27,,3094.95,3928.56,38.44,144.24,2.7524,105.80000000000001,True,True
9,9,1987,JLA Home,Missy Paragamian,BADI1226,Bedding Sets,0.39299999999999996,0.17,0.491,4195.43,5807.05,38.35,46.58,0.2147,8.229999999999997,True,True
9,10,214227,"Caluha Company, LLC",Supplier Service Desk,UBAD1049,Accent Pillows,0.44530000000000003,0.1,,5075.26,9444.35,38.33,0.0,-1.0,-38.33,False,False
9,11,1748,Revman International,Missy Paragamian,TBL10876,Bedding Sets,0.3144,0.2065,,3497.48,4760.59,38.32,86.94,1.2688,48.62,True,True
9,12,1748,Revman International,Missy Paragamian,MBVB1058,Blankets And Throws,0.3136,0.1741,,6750.43,8390.48,38.3,112.1,1.9269999999999998,73.8,True,True
9,13,112418,SAF IJAZ,Supplier Service Desk,ABEJ1073,Bedding Sets,0.2,0.07,0.07,3224.78,6709.14,38.19,0.0,-1.0,-38.19,False,False
9,14,214227,"Caluha Company, LLC",Supplier Service Desk,UBAD1105,Accent Pillows,0.4201,0.1,,8498.0,15026.3,38.06,0.0,-1.0,-38.06,False,False
9,15,32808,CAN_Cathay Home Inc.,Paige Beattie,DRVU1147,Sheets & Pillowcases,0.5,0.4,0.43,3699.56,13318.12,37.78,28.75,-0.239,-9.030000000000001,True,False
9,16,1452,Loloi Rugs,Alex Melius,IGNO1158,Accent Pillows,0.35479999999999995,0.0385,,205.5,345.62,37.67,82.17,1.1813,44.5,True,True
9,17,5148,CGG Home Fashions,Supplier Service Desk,XRZ10069,Blankets And Throws,0.4446,0.2,,424.35,602.96,37.64,0.0,-1.0,-37.64,False,False
9,18,1987,JLA Home,Missy Paragamian,TRPT5932,Bedding Sets,0.39299999999999996,0.15,0.2539,8755.22,10165.67,37.53,0.0,-1.0,-37.53,False,False
9,19,1748,Revman International,Missy Paragamian,SBD10073,Bedding Sets,0.3144,0.22,,3652.23,6090.3,37.52,48.36,0.2891,10.839999999999996,True,True
9,20,112418,SAF IJAZ,Supplier Service Desk,ABEJ1001,Bedding Sets,0.2,0.07,0.07,14134.98,20965.14,37.49,70.53,0.8814,33.04,True,True
9,21,1748,Revman International,Missy Paragamian,ERB10929,Bedding Sets,0.3144,0.22,,6929.66,8638.16,37.46,84.78,1.2633,47.32,True,True
9,22,1987,JLA Home,Missy Paragamian,NGIN1260,Bedding Sets,0.4414,0.15,,678.3,1288.18,37.42,0.0,-1.0,-37.42,False,False
9,23,1748,Revman International,Missy Paragamian,KBFC2462,Bedding Sets,0.2,0.22,,12010.09,16913.41,37.4,0.0,-1.0,-37.4,False,False
9,24,27315,CAN_Beco Industries,Paige Beattie,MKK10121,Bedding Sets,0.391,0.15,0.25,4115.77,8359.01,37.39,121.03,2.2373,83.64,True,True
9,25,112418,SAF IJAZ,Supplier Service Desk,ABEJ1065,Bedding Sets,0.2,0.07,0.07,2260.19,4475.35,37.3,0.0,-1.0,-37.3,False,False
9,26,406214,OXFORD HOMEWARE US LTD,Supplier Service Desk,OFCR1001,Bedding Sets,0.2,0.1,,460.92,1261.65,37.23,40.26,0.08130000000000001,3.030000000000001,True,True
9,27,1987,JLA Home,Missy Paragamian,NGIN1247,Blankets And Throws,0.5,0.2,0.5,966.39,1628.8,37.21,128.71,2.4588,91.5,True,True
9,28,1748,Revman International,Missy Paragamian,KBFC2845,Bedding Sets,0.2643,0.1304,,3954.46,7034.31,36.88,0.0,-1.0,-36.88,False,False
9,29,1987,JLA Home,Missy Paragamian,BTY1244,Blankets And Throws,0.4738,0.12,0.5,10437.36,13164.18,36.84,35.17,-0.0455,-1.6700000000000017,True,False
9,30,80197,CENTRADE INC.,Jessica Gu,WWMA1089,Accent Pillows,0.4573,0.17,0.22,6085.34,10278.34,36.81,0.0,-1.0,-36.81,False,False
9,31,1748,Revman International,Missy Paragamian,TBB1734,Bedding Sets,0.3818,0.22,,12168.6,19201.03,36.72,0.0,-1.0,-36.72,False,False
9,32,25843,"Bedshe International Co.,LTD",Rainbow Wu,BDUR1745,Sheets & Pillowcases,0.2,0.2,0.23,1193.51,1387.0,36.64,112.39,2.0674,75.75,True,True
9,33,43431,ocean home fashion inc,Asia Supplier Service Desk,MRCL1244,Bedding Sets,0.2,0.11,0.12,2312.36,3615.95,36.59,139.25,2.8051999999999997,102.66,True,True
9,34,1987,JLA Home,Missy Paragamian,ALCT7365,Bedding Sets,0.47159999999999996,0.12,0.5,9575.8,12656.8,36.56,53.87,0.47350000000000003,17.309999999999995,True,True
9,35,25843,"Bedshe International Co.,LTD",Rainbow Wu,BDUR2507,Bedding Sets,0.5,0.25,0.28,4344.17,6897.94,36.51,151.59,3.1516,115.08000000000001,True,True
9,36,1987,JLA Home,Missy Paragamian,HUH1556,Bedding Sets,0.47159999999999996,0.15,0.3736,6175.46,7804.79,36.51,0.0,-1.0,-36.51,False,False
9,37,1748,Revman International,Missy Paragamian,VRWG2022,Sheets & Pillowcases,0.5,0.1164,,853.62,1885.15,36.4,86.94,1.3881999999999999,50.54,True,True
9,38,1748,Revman International,Missy Paragamian,TBL11092,Bedding Sets,0.22579999999999997,0.22,,3470.0,4710.53,36.4,0.0,-1.0,-36.4,False,False
9,39,25843,"Bedshe International Co.,LTD",Rainbow Wu,BDUR2335,Bedding Sets,0.2261,0.04,0.07,7393.78,8230.69,36.39,0.0,-1.0,-36.39,False,False
9,40,1987,JLA Home,Missy Paragamian,RSDP1914,Bedding Sets,0.5,0.17,0.4506,2401.39,3714.25,36.33,84.49,1.3258,48.16,True,True
9,41,1748,Revman International,Missy Paragamian,KBFC2693,Bedding Sets,0.4679,0.22,,4298.03,5845.56,36.32,107.89,1.9707,71.57,True,True
9,42,25843,"Bedshe International Co.,LTD",Rainbow Wu,BDUR3318,Bedding Sets,0.2371,0.15,0.18,1993.61,2843.1,35.93,55.49,0.5445,19.560000000000002,True,True
9,43,24282,"Nanshing America, Inc.",Jaiden Lawlor,MBSR1449,Bedding Sets,0.2495,0.12,0.13,456.75,633.6,35.88,0.0,-1.0,-35.88,False,False
9,44,1748,Revman International,Missy Paragamian,ERB10478,Bedding Sets,0.3975,0.22,,4119.13,6374.43,35.79,0.0,-1.0,-35.79,False,False
9,45,17102,Trade-Linker,Jaiden Lawlor,LBHX5412,Sheets & Pillowcases,0.2443,0.15,,3858.97,7823.69,35.77,0.0,-1.0,-35.77,False,False
9,46,1748,Revman International,Missy Paragamian,BCTS1284,Bedding Sets,0.3686,0.22,,4886.95,6347.63,35.73,89.02,1.4912,53.29,True,True
9,47,20128,"SLNY Home INC, DBA Spirit Linen",Supplier Service Desk,TCTZ1163,Sheets & Pillowcases,0.44310000000000005,0.15,0.15,2607.01,5218.0,35.73,12.6,-0.6474,-23.129999999999995,True,False
9,48,76195,Ulli Home,Jaiden Lawlor,ULIH2822,Accent Pillows,0.2,0.04,0.09,2112.47,4090.91,35.48,0.0,-1.0,-35.48,False,False
9,49,1987,JLA Home,Missy Paragamian,HUH1554,Bedding Sets,0.47159999999999996,0.15,0.3519,8288.78,11155.59,35.46,0.0,-1.0,-35.46,False,False
9,50,1748,Revman International,Missy Paragamian,VRWG2232,Bedding Sets,0.2956,0.22,,3066.22,4252.5,35.45,0.0,-1.0,-35.45,False,False
9,51,1987,JLA Home,Missy Paragamian,CHMB1017,Sheets & Pillowcases,0.4656,0.17,0.3862,9042.43,13933.42,35.1,0.0,-1.0,-35.1,False,False
9,52,5148,CGG Home Fashions,Supplier Service Desk,ONAW4591,Sheets & Pillowcases,0.3788,0.15,,2347.0,3488.09,35.0,0.0,-1.0,-35.0,False,False
9,53,25843,"Bedshe International Co.,LTD",Rainbow Wu,BDUR1412,Bedding Sets,0.4403,0.2,0.23,2549.92,3233.35,34.95,0.0,-1.0,-34.95,False,False
9,54,23665,"Cozy Line Home Fashions, Inc.",Jaiden Lawlor,CLHF1039,Bedding Sets,0.4595,0.05,0.1,4914.3,7043.71,34.95,47.01,0.34509999999999996,12.059999999999995,True,True
9,55,1748,Revman International,Missy Paragamian,VRWG2197,Bedding Sets,0.3251,0.22,,1203.37,1524.26,34.95,57.8,0.6539,22.849999999999994,True,True
9,56,25843,"Bedshe International Co.,LTD",Rainbow Wu,BDUR3324,Bedding Sets,0.5,0.2,0.23,1193.45,1916.19,34.88,0.0,-1.0,-34.88,False,False
9,57,1748,Revman International,Missy Paragamian,KBFC2762,Bedding Sets,0.2,0.22,,6648.42,9507.44,34.8,138.72,2.9863,103.92,True,True
9,58,1748,Revman International,Missy Paragamian,MBVB1090,Blankets And Throws,0.37560000000000004,0.22,,825.64,1209.95,34.77,0.0,-1.0,-34.77,False,False
9,59,1748,Revman International,Missy Paragamian,ERB10957,Bedding Sets,0.3144,0.2606,,3247.54,4335.8,34.76,0.0,-1.0,-34.76,False,False
9,60,1748,Revman International,Missy Paragamian,KBFC1939,Bedding Sets,0.2,0.2242,,8452.12,11758.74,34.7,49.82,0.4359,15.119999999999997,True,True
9,61,2554,Pem America,Benjamin Hannigan,BDOK1114,Bedding Sets,0.2764,0.2,0.248,1652.75,3603.68,34.6,0.0,-1.0,-34.6,False,False
9,62,25843,"Bedshe International Co.,LTD",Rainbow Wu,BDUR3328,Bedding Sets,0.5,0.2,0.23,3301.11,5441.79,34.59,140.86,3.0719,106.27000000000001,True,True
9,63,25843,"Bedshe International Co.,LTD",Rainbow Wu,BDUR3316,Bedding Sets,,0.2,0.23,1235.6,1580.62,34.58,85.23,1.4647,50.650000000000006,True,True
9,64,1748,Revman International,Missy Paragamian,KBFC2815,Bedding Sets,0.2643,0.171,,1212.66,2189.25,34.55,0.0,-1.0,-34.55,False,False
10,1,1748,Revman International,Missy Paragamian,VRWG2181,Bedding Sets,0.2,0.22,,5738.38,6408.34,34.54,0.0,-1.0,-34.54,False,False
10,2,25843,"Bedshe International Co.,LTD",Rainbow Wu,BDUR1348,Bedding Sets,0.5,0.2,0.23,1712.56,2186.12,34.53,31.48,-0.0883,-3.0500000000000007,True,False
10,3,72667,"Jiangsu Meideni Textile CO.,LTD",lance Zhou,ALDL1088,Bedding Sets,0.3472,0.15,0.2,3418.04,4125.39,34.49,0.0,-1.0,-34.49,False,False
10,4,27315,CAN_Beco Industries,Paige Beattie,MKK10066,Bedding Sets,0.5,0.15,0.25,3931.95,7151.34,34.47,0.0,-1.0,-34.47,False,False
10,5,1987,JLA Home,Missy Paragamian,NCWB1239,Bedding Sets,0.47159999999999996,0.15,0.39640000000000003,8037.38,24688.06,34.39,82.05,1.3859000000000001,47.66,True,True
10,6,120487,Zainitex Inc,Supplier Service Desk,RVAN1038,Sheets & Pillowcases,0.2866,0.15,0.45659999999999995,1713.97,2328.05,34.23,120.65,2.5243,86.42000000000002,True,True
10,7,76195,Ulli Home,Jaiden Lawlor,ULIH2829,Accent Pillows,0.2,0.04,0.09,1569.75,3011.44,34.12,41.04,0.2027,6.920000000000002,True,True
10,8,1748,Revman International,Missy Paragamian,ERB10931,Sheets & Pillowcases,0.2,0.13949999999999999,,4185.15,6237.03,34.01,113.16,2.3272,79.15,True,True
10,9,32808,CAN_Cathay Home Inc.,Paige Beattie,CHLH8179,Bedding Sets,0.5,0.3,0.33,1405.46,2849.63,33.98,40.55,0.1934,6.57,True,True
10,10,25843,"Bedshe International Co.,LTD",Rainbow Wu,BDUR1495,Sheets & Pillowcases,0.2975,0.2,0.21,1428.34,1406.74,33.96,12.28,-0.6384000000000001,-21.68,True,False
10,11,1987,JLA Home,Missy Paragamian,NCWA1897,Bedding Sets,0.39299999999999996,0.15,0.31170000000000003,12562.51,16737.16,33.94,0.0,-1.0,-33.94,False,False
10,12,1748,Revman International,Missy Paragamian,ERB10767,Bedding Sets,0.5,0.17379999999999998,,3172.84,3711.56,33.93,346.47,9.210700000000001,312.54,True,True
10,13,13106,Plutus Partners LLC,Supplier Service Desk,PPTS7412,Accent Pillows,,0.22,0.23,201.24,304.45,33.91,0.0,-1.0,-33.91,False,False
10,14,1748,Revman International,Missy Paragamian,KBFC2412,Sheets & Pillowcases,0.3134,0.22,,1512.11,2923.8,33.79,95.96,1.8402,62.169999999999995,True,True
10,15,1987,JLA Home,Missy Paragamian,NCWA1472,Bedding Sets,0.44909999999999994,0.12,0.4214,5418.84,7084.59,33.74,0.0,-1.0,-33.74,False,False
10,16,1987,JLA Home,Missy Paragamian,NCWA2192,Bedding Sets,0.44909999999999994,0.15,0.4968,14381.99,15682.21,33.74,0.0,-1.0,-33.74,False,False
10,17,1748,Revman International,Missy Paragamian,ERB10603,Bedding Sets,0.2,0.22,,9115.4,10884.82,33.53,0.0,-1.0,-33.53,False,False
10,18,2554,Pem America,Benjamin Hannigan,CANN1195,Blankets And Throws,0.258,0.2,0.248,1133.69,1890.75,33.29,0.0,-1.0,-33.29,False,False
10,19,25843,"Bedshe International Co.,LTD",Rainbow Wu,BDUR3149,Bedding Sets,0.22579999999999997,0.2,0.23,3802.12,4612.42,33.25,0.0,-1.0,-33.25,False,False
10,20,1987,JLA Home,Missy Paragamian,NCWA2590,Bedding Sets,0.3368,0.2,0.465,2214.86,4239.15,33.07,0.0,-1.0,-33.07,False,False
10,21,1748,Revman International,Missy Paragamian,KBFC2582,Bedding Sets,0.2498,0.22,,5323.29,6632.66,33.05,0.0,-1.0,-33.05,False,False
10,22,132252,Nanchang Gelinshi Electronic Co,"mYmveorncnee C Yoin., Ltd.",CNOR1117,Sheets & Pillowcases,0.2368,0.2,,988.56,1862.82,33.05,19.33,-0.41509999999999997,-13.719999999999999,True,False
10,23,1748,Revman International,Missy Paragamian,MBVB1830,Bedding Sets,0.3084,0.2645,,4695.72,6079.77,32.88,0.0,-1.0,-32.88,False,False
10,24,1748,Revman International,Missy Paragamian,DRQH2043,Bedding Sets,0.5,0.3555,,817.13,1309.68,32.8,90.15,1.7483000000000002,57.35000000000001,True,True
10,25,1987,JLA Home,Missy Paragamian,EBRD5172,Sheets & Pillowcases,0.47350000000000003,0.17,0.23879999999999998,744.96,1210.21,32.79,0.0,-1.0,-32.79,False,False
10,26,1452,Loloi Rugs,Alex Melius,CBIS1264,Accent Pillows,0.3942,0.11720000000000001,0.1672,2985.23,4478.17,32.63,91.24,1.796,58.60999999999999,True,True
10,27,214227,"Caluha Company, LLC",Supplier Service Desk,UBAD1046,Accent Pillows,0.44530000000000003,0.1,,3814.06,7530.04,32.62,0.0,-1.0,-32.62,False,False
10,28,27315,CAN_Beco Industries,Paige Beattie,MBVB1317,Bedding Sets,0.5,0.15,0.25,7986.12,9596.2,32.59,0.0,-1.0,-32.59,False,False
10,29,1748,Revman International,Missy Paragamian,TMBH1217,Bedding Sets,0.2,0.0949,,5404.98,8551.51,32.57,141.52,3.3448,108.95000000000002,True,True
10,30,1748,Revman International,Missy Paragamian,KCN10017,Bedding Sets,0.2,0.1502,,9949.34,13375.2,32.52,0.0,-1.0,-32.52,False,False
10,31,14580,Amrapur Overseas Inc.,Jaiden Lawlor,ANEW4035,Bedding Sets,0.2882,0.1,0.15,768.13,1309.94,32.41,0.0,-1.0,-32.41,False,False
10,32,1987,JLA Home,Missy Paragamian,VBDN1047,Kids Bedding Sets,0.4439,0.15,0.5,8035.89,11210.98,32.41,39.05,0.20489999999999997,6.640000000000001,True,True
10,33,30347,Lifestyle Group Distribution Inc,Waverly Winterer,BBMT4817,Accent Pillows,0.5,0.2,0.24,2492.13,3614.9,32.34,0.0,-1.0,-32.34,False,False
10,34,25843,"Bedshe International Co.,LTD",Rainbow Wu,BDUR1482,Bedding Sets,0.49670000000000003,0.3,0.33,2185.31,3295.3,32.28,25.34,-0.2151,-6.940000000000001,True,False
10,35,1748,Revman International,Missy Paragamian,ERB10774,Bedding Sets,0.3144,0.22,,5008.57,7251.11,32.26,0.0,-1.0,-32.26,False,False
10,36,1748,Revman International,Missy Paragamian,IFGN1005,Bedding Sets,0.2,0.21719999999999998,,4589.33,6433.87,32.25,86.7,1.6884000000000001,54.45,True,True
10,37,2554,Pem America,Benjamin Hannigan,EDIV1008,Sheets & Pillowcases,0.2883,0.25,0.295,1873.13,2504.74,32.23,0.0,-1.0,-32.23,False,False
10,38,25843,"Bedshe International Co.,LTD",Rainbow Wu,BDUR3303,Bedding Sets,0.308,0.2,0.23,2303.3,2937.07,32.21,32.63,0.013000000000000001,0.4200000000000017,True,True
10,39,1748,Revman International,Missy Paragamian,ERB10490,Bedding Sets,0.3771,0.22,,3751.9,5181.22,32.17,96.33,1.9945,64.16,True,True
10,40,1748,Revman International,Missy Paragamian,TBL10761,Bedding Sets,0.3237,0.22,,9365.6,13127.31,32.13,46.24,0.4393,14.11,True,True
10,41,1748,Revman International,Missy Paragamian,DRQH1905,Sheets & Pillowcases,0.3134,0.21030000000000001,,1415.38,2881.39,32.09,93.62,1.9171,61.53,True,True
10,42,1748,Revman International,Missy Paragamian,NAL1436,Bedding Sets,0.3144,0.1388,,7503.78,10259.93,32.05,63.81,0.9912000000000001,31.760000000000005,True,True
10,43,1987,JLA Home,Missy Paragamian,SEHO8981,Bedding Sets,0.39299999999999996,0.17,0.37549999999999994,2825.29,4575.67,31.87,0.0,-1.0,-31.87,False,False
10,44,1987,JLA Home,Missy Paragamian,IVYB5574,Bedding Sets,0.39299999999999996,0.17,0.47240000000000004,5107.93,8892.09,31.84,71.96,1.2599,40.11999999999999,True,True
10,45,1748,Revman International,Missy Paragamian,DRQH1936,Bedding Sets,0.3164,0.22,,962.4,1499.35,31.81,69.16,1.1742,37.349999999999994,True,True
10,46,23665,"Cozy Line Home Fashions, Inc.",Jaiden Lawlor,CLHF1477,Bedding Sets,0.3588,0.05,0.1,7681.12,11509.43,31.7,0.0,-1.0,-31.7,False,False
10,47,1748,Revman International,Missy Paragamian,MSTT6666,Bedding Sets,0.2643,0.22,,1541.25,2646.44,31.62,0.0,-1.0,-31.62,False,False
10,48,12684,Bargain Online Shops LLC,Jaiden Lawlor,SSFL1342,Bedding Sets,0.2248,0.1,,3649.2,7011.21,31.6,27.36,-0.134,-4.240000000000002,True,False
10,49,23665,"Cozy Line Home Fashions, Inc.",Jaiden Lawlor,CLHF1016,Kids Bedding Sets,0.4999,0.05,0.1,3302.19,5327.87,31.51,50.49,0.6022,18.98,True,True
10,50,1987,JLA Home,Missy Paragamian,WRMG3908,Bedding Sets,0.5,0.12,0.4991,2610.83,4061.03,31.43,0.0,-1.0,-31.43,False,False
10,51,67551,"Suzhou lanqinglv Trading co,. ltd",lance Zhou,OELA1536,Bedding Sets,0.4647,0.32,,1556.45,2036.36,31.41,54.08,0.7219,22.669999999999998,True,True
10,52,25843,"Bedshe International Co.,LTD",Rainbow Wu,BDUR3394,Bedding Sets,0.3725,0.3,0.33,1413.11,1832.02,31.39,271.25,7.6408000000000005,239.86,True,True
10,53,25843,"Bedshe International Co.,LTD",Rainbow Wu,BDUR1526,Bedding Sets,0.5,0.27,0.3,8282.18,10423.9,31.38,32.93,0.049400000000000006,1.5500000000000007,True,True
10,54,63138,"Changshu Youthsky Import Export Co.,Ltd",Jessica Gu,SEPL1073,Bedding Sets,0.2,0.05,0.05,1288.0,1559.85,31.35,0.0,-1.0,-31.35,False,False
10,55,1748,Revman International,Missy Paragamian,ERB1873,Bedding Sets,0.2,0.2021,,8352.7,11574.17,31.35,258.29,7.2401,226.94000000000003,True,True
10,56,1748,Revman International,Missy Paragamian,QO10420,Bedding Sets,0.3144,0.1881,,3647.45,5865.75,31.33,0.0,-1.0,-31.33,False,False
10,57,1748,Revman International,Missy Paragamian,KBFC2406,Bedding Sets,0.35869999999999996,0.22,,8598.94,12331.24,31.16,0.0,-1.0,-31.16,False,False
10,58,1748,Revman International,Missy Paragamian,KBFC2843,Bedding Sets,0.3154,0.22,,3287.73,5258.95,31.12,0.0,-1.0,-31.12,False,False
10,59,1748,Revman International,Missy Paragamian,KBFC1872,Bedding Sets,0.2181,0.22,,7610.0,9805.24,31.11,0.0,-1.0,-31.11,False,False
10,60,241365,"CGK HOLDINGS, INC.",Jaiden Lawlor,CKAI1009,Sheets & Pillowcases,0.2787,0.22,0.3287,894.75,1871.92,31.09,50.58,0.6271,19.49,True,True
10,61,120032,Oveesha L.L.C.,Supplier Service Desk,OEES1015,Accent Pillows,0.5,0.3,,1329.27,2349.41,31.07,0.0,-1.0,-31.07,False,False
10,62,348967,Nanyang Dingjiayue Shangmao Youxiansi,Jessica Gu,WAGS1084,Bedding Sets,0.2,0.15,0.2,408.0,571.36,31.06,0.0,-1.0,-31.06,False,False
10,63,1748,Revman International,Missy Paragamian,KBFC1963,Bedding Sets,0.3144,0.22,,6768.86,8440.07,30.99,0.0,-1.0,-30.99,False,False
10,64,1987,JLA Home,Missy Paragamian,HUH1736,Bedding Sets,0.5,0.2,0.5,2432.98,3511.47,30.99,0.0,-1.0,-30.99,False,False
11,1,1748,Revman International,Missy Paragamian,KBFC2779,Bed Skirts,0.451,0.5123,,3731.34,7824.6,30.96,28.9,-0.0666,-2.0600000000000023,True,False
11,2,1987,JLA Home,Missy Paragamian,CEAH1001,Blankets And Throws,0.4738,0.17,0.5,752.65,1013.19,30.95,34.16,0.1038,3.2099999999999973,True,True
11,3,1748,Revman International,Missy Paragamian,BCTS1293,Bedding Sets,0.3144,0.22,,7729.46,9999.81,30.93,59.28,0.9168999999999999,28.35,True,True
11,4,112418,SAF IJAZ,Supplier Service Desk,ABEJ1081,Bedding Sets,0.2,0.07,0.07,2218.77,4364.21,30.84,70.53,1.287,39.69,True,True
11,5,76195,Ulli Home,Jaiden Lawlor,ULIH2580,Accent Pillows,0.24739999999999998,0.06,0.11,485.1,979.66,30.79,46.02,0.49439999999999995,15.230000000000004,True,True
11,6,1748,Revman International,Missy Paragamian,TBL11049,Bedding Sets,0.2,0.22,,7577.82,11688.18,30.78,50.86,0.6523,20.08,True,True
11,7,1748,Revman International,Missy Paragamian,KBFC2696,Kids Bedding Sets,0.31629999999999997,0.22,,5552.72,7964.06,30.75,0.0,-1.0,-30.75,False,False
11,8,24696,Daniel Linen/Home Sweet Home Dreams Inc.,Supplier Service Desk,HSHD1373,Sheets & Pillowcases,0.2,0.02,0.021,1039.0,2051.4,30.74,24.34,-0.20809999999999998,-6.399999999999999,True,False
11,9,27315,CAN_Beco Industries,Paige Beattie,MKK10051,Bedding Sets,0.5,0.15,0.25,2813.06,5638.44,30.73,195.03,5.347,164.3,True,True
11,10,1987,JLA Home,Missy Paragamian,ALTL4910,Bedding Sets,0.39299999999999996,0.12,0.441,6139.05,10067.94,30.7,0.0,-1.0,-30.7,False,False
11,11,40013,Phantoscope,Jessica Gu,PHSC1198,Accent Pillows,0.5,0.11,0.13,2835.74,5549.03,30.65,35.22,0.1489,4.57,True,True
11,12,358408,Xinyun Keji (Shanghai) Trading C,"oJ.,e Lstsdic.a Gu",FNYU1000,Bedding Sets,0.5,0.1,0.2,1570.7,1584.89,30.51,0.0,-1.0,-30.51,False,False
11,13,1748,Revman International,Missy Paragamian,VRWG2103,Bedding Sets,0.3144,0.22,,10801.71,12543.18,30.48,71.71,1.3524,41.22999999999999,True,True
11,14,112418,SAF IJAZ,Supplier Service Desk,ABEJ1108,Bedding Sets,,0.07,0.07,928.27,1237.19,30.48,79.46,1.6068,48.97999999999999,True,True
11,15,1748,Revman International,Missy Paragamian,VRWG2161,Bedding Sets,0.2,0.21230000000000002,,9121.19,10734.03,30.46,0.0,-1.0,-30.46,False,False
11,16,241365,"CGK HOLDINGS, INC.",Jaiden Lawlor,CKAI1014,Sheets & Pillowcases,0.3567,0.22,0.4067,3273.37,6382.8,30.37,50.45,0.6614,20.080000000000002,True,True
11,17,348967,Nanyang Dingjiayue Shangmao Youxiansi,Jessica Gu,WAGS1015,Bedding Sets,0.2218,0.15,0.2718,1365.22,1995.39,30.21,198.28,5.5636,168.07,True,True
11,18,2554,Pem America,Benjamin Hannigan,SDCM1129,Bedding Sets,0.2206,0.25,,6592.31,11489.31,30.15,0.0,-1.0,-30.15,False,False
11,19,25843,"Bedshe International Co.,LTD",Rainbow Wu,BDUR3104,Bedding Sets,0.2596,0.17,0.2,703.04,997.75,30.04,-18.85,-1.6276,-48.89,False,False
11,20,1748,Revman International,Missy Paragamian,MBVB1902,Bedding Sets,0.2,0.27,,3459.98,4771.76,29.97,50.63,0.6895,20.660000000000004,True,True
11,21,231356,"SHENZHENMENGMI TEXTILE CO.,LTD",lance Zhou,SEDZ1051,Sheets & Pillowcases,0.2,0.2,,31.8,67.07,29.92,12.48,-0.583,-17.44,True,False
11,22,13106,Plutus Partners LLC,Supplier Service Desk,PPTS4450,Accent Pillows,0.4999,0.22,0.25,331.27,567.26,29.81,0.0,-1.0,-29.81,False,False
11,23,24696,Daniel Linen/Home Sweet Home Dreams Inc.,Supplier Service Desk,HSHD1308,Sheets & Pillowcases,0.2,0.02,0.021,3563.0,5694.03,29.71,0.0,-1.0,-29.71,False,False
11,24,313243,"SHANGHAI DAYA IMPORT & EXPORT CO., LTD.",Asia Supplier Service Desk,TSMO1004,Bedding Sets,0.46299999999999997,0.2,0.21,713.12,1118.31,29.68,0.0,-1.0,-29.68,False,False
11,25,1748,Revman International,Missy Paragamian,ERB10924,Bedding Sets,0.3144,0.2548,,3462.9,5057.26,29.58,106.2,2.59,76.62,True,True
11,26,24282,"Nanshing America, Inc.",Jaiden Lawlor,MBSR1491,Bedding Sets,0.4244,0.12,0.13,1178.22,2065.91,29.56,0.0,-1.0,-29.56,False,False
11,27,1748,Revman International,Missy Paragamian,VRWG2176,Bedding Sets,0.3084,0.2561,,2359.53,3003.97,29.54,0.0,-1.0,-29.54,False,False
11,28,119490,Bes Home Corp.,Benjamin Hannigan,LLIJ1207,Accent Pillows,0.5,0.16,,641.62,1998.71,29.54,28.46,-0.0365,-1.0799999999999983,True,False
11,29,112418,SAF IJAZ,Supplier Service Desk,ABEJ1117,Bedding Sets,,0.07,0.07,1051.49,1427.28,29.54,70.53,1.3878,40.99,True,True
11,30,1452,Loloi Rugs,Alex Melius,CBIS1260,Accent Pillows,0.3942,0.0809,0.1309,2867.68,5243.37,29.51,160.74,4.4463,131.23000000000002,True,True
11,31,25843,"Bedshe International Co.,LTD",Rainbow Wu,BDUR1272,Blankets And Throws,0.5,0.2,0.21,9246.68,14800.36,29.39,0.0,-1.0,-29.39,False,False
11,32,81366,Aholicdeals Inc,Supplier Service Desk,AOAI1133,Sheets & Pillowcases,0.5,0.1,0.11,1533.68,2943.99,29.31,49.49,0.6887000000000001,20.180000000000003,True,True
11,33,1748,Revman International,Missy Paragamian,MSTT6526,Sheets & Pillowcases,0.5,0.27,,1701.35,2436.22,29.3,0.0,-1.0,-29.3,False,False
11,34,112418,SAF IJAZ,Supplier Service Desk,ABEJ1060,Bedding Sets,0.2,0.07,0.07,2991.29,5565.05,29.29,79.46,1.7128,50.169999999999995,True,True
11,35,25843,"Bedshe International Co.,LTD",Rainbow Wu,BDUR1202,Bedding Sets,0.5,0.2,0.23,3307.06,6068.61,29.18,0.0,-1.0,-29.18,False,False
11,36,1748,Revman International,Missy Paragamian,KBFC2586,Bedding Sets,0.2,0.22,,3519.2,5100.51,29.17,104.33,2.5767,75.16,True,True
11,37,14580,Amrapur Overseas Inc.,Jaiden Lawlor,AMRA2555,Bedding Sets,0.5,0.1,0.15,11196.55,16176.45,29.11,0.0,-1.0,-29.11,False,False
11,38,1987,JLA Home,Missy Paragamian,NGIN1126,Bedding Sets,0.44909999999999994,0.15,0.4968,5047.24,6758.93,29.06,0.0,-1.0,-29.06,False,False
11,39,1748,Revman International,Missy Paragamian,MBVB1951,Bedding Sets,,0.27,,558.0,958.9,29.01,0.0,-1.0,-29.01,False,False
11,40,1987,JLA Home,Missy Paragamian,ALCT8690,Bedding Sets,0.5,0.12,0.3885,8238.5,10257.15,28.92,67.48,1.3333000000000002,38.56,True,True
11,41,24282,"Nanshing America, Inc.",Jaiden Lawlor,MBSR1383,Bedding Sets,0.2,0.12,0.13,404.26,616.52,28.79,0.0,-1.0,-28.79,False,False
11,42,1748,Revman International,Missy Paragamian,VRWG2254,Bedding Sets,,0.22,,200.0,423.56,28.74,0.0,-1.0,-28.74,False,False
11,43,231356,"SHENZHENMENGMI TEXTILE CO.,LTD",lance Zhou,SEDZ1269,Sheets & Pillowcases,0.3164,0.15,,1252.44,2004.94,28.73,106.03,2.6908,77.3,True,True
11,44,1748,Revman International,Missy Paragamian,MBVB1024,Bedding Sets,0.3144,0.1545,,7534.86,10259.98,28.62,105.9,2.7004,77.28,True,True
11,45,23665,"Cozy Line Home Fashions, Inc.",Jaiden Lawlor,CLHF1306,Bedding Sets,0.4999,0.05,0.1,3596.79,5571.23,28.46,0.0,-1.0,-28.46,False,False
11,46,1987,JLA Home,Missy Paragamian,HRBE1982,Kids Bedding Sets,0.4439,0.12,0.5,1151.53,1950.99,28.43,0.0,-1.0,-28.43,False,False
11,47,67551,"Suzhou lanqinglv Trading co,. ltd",lance Zhou,OELA1159,Bedding Sets,0.5,0.32,,2862.71,4503.17,28.3,30.54,0.0791,2.2399999999999984,True,True
11,48,27315,CAN_Beco Industries,Paige Beattie,MKK10011,Bedding Sets,0.5,0.15,0.25,4049.3,8154.74,28.26,0.0,-1.0,-28.26,False,False
11,49,25843,"Bedshe International Co.,LTD",Rainbow Wu,BDUR2234,Bedding Sets,0.4254,0.2,0.23,7809.24,10917.8,28.13,46.08,0.6379,17.95,True,True
11,50,1748,Revman International,Missy Paragamian,QO10383,Bedding Sets,0.2695,0.22,,552.22,904.26,28.08,0.0,-1.0,-28.08,False,False
11,51,1748,Revman International,Missy Paragamian,KBFC1931,Accent Pillows,0.3161,0.22,,7203.49,11350.26,28.07,13.49,-0.5195000000000001,-14.58,True,False
11,52,1748,Revman International,Missy Paragamian,KBFC2374,Sheets & Pillowcases,0.3134,0.1641,,771.56,1097.41,28.04,0.0,-1.0,-28.04,False,False
11,53,27315,CAN_Beco Industries,Paige Beattie,MBVB1242,Bedding Sets,0.5,0.15,0.25,5600.95,7800.51,28.02,0.0,-1.0,-28.02,False,False
11,54,1987,JLA Home,Missy Paragamian,CEAH1007,Bedding Sets,0.44909999999999994,0.15,0.5,4952.78,5655.47,27.93,0.0,-1.0,-27.93,False,False
11,55,1987,JLA Home,Missy Paragamian,NDHA1001,Kids Bedding Sets,0.5,0.2,0.5,3943.06,5905.62,27.9,0.0,-1.0,-27.9,False,False
11,56,1987,JLA Home,Missy Paragamian,NGIN1150,Bedding Sets,0.44909999999999994,0.17,0.2984,2371.68,3464.69,27.83,0.0,-1.0,-27.83,False,False
11,57,1748,Revman International,Missy Paragamian,MSTT6607,Bedding Sets,0.2864,0.27,,5095.84,8404.98,27.78,89.73,2.2298,61.95,True,True
11,58,40013,Phantoscope,Jessica Gu,PHSC1051,Accent Pillows,0.5,0.12,0.14,2098.66,3958.57,27.69,136.73,3.9372000000000003,109.03999999999999,True,True
11,59,1748,Revman International,Missy Paragamian,ERB10402,Bedding Sets,0.2,0.22,,10944.98,13847.37,27.69,0.0,-1.0,-27.69,False,False
11,60,23665,"Cozy Line Home Fashions, Inc.",Jaiden Lawlor,CLHF1230,Kids Bedding Sets,0.3859,0.05,0.1,15968.52,21262.33,27.66,0.0,-1.0,-27.66,False,False
11,61,25843,"Bedshe International Co.,LTD",Rainbow Wu,BDUR2357,Bedding Sets,0.47409999999999997,0.04,0.07,3862.75,4720.53,27.64,0.0,-1.0,-27.64,False,False
11,62,132252,Nanchang Gelinshi Electronic Co,"mYmveorncnee C Yoin., Ltd.",CNOR1055,Sheets & Pillowcases,0.5,0.3,,3014.5,4348.36,27.58,40.31,0.4618,12.730000000000004,True,True
11,63,1452,Loloi Rugs,Alex Melius,CBIS1256,Accent Pillows,0.2,0.0843,0.1344,1441.27,2486.48,27.46,0.0,-1.0,-27.46,False,False
11,64,1452,Loloi Rugs,Alex Melius,KBPK4868,Accent Pillows,0.2028,0.0375,,1571.3,2226.61,27.46,38.06,0.3859,10.600000000000001,True,True
12,1,1748,Revman International,Missy Paragamian,NAL1680,Bedding Sets,0.2,0.1747,,16230.14,18942.34,27.18,132.14,3.8622,104.95999999999998,True,True
12,2,348967,Nanyang Dingjiayue Shangmao Youxiansi,Jessica Gu,WAGS1087,Bedding Sets,0.2,0.15,0.2,494.4,637.92,27.17,0.0,-1.0,-27.17,False,False
12,3,67551,"Suzhou lanqinglv Trading co,. ltd",lance Zhou,OELA1535,Bedding Sets,0.5,0.32,,2548.82,4579.46,27.1,0.0,-1.0,-27.1,False,False
12,4,76195,Ulli Home,Jaiden Lawlor,ULIH3045,Accent Pillows,0.2698,0.06,0.11,2915.13,5943.33,27.0,0.0,-1.0,-27.0,False,False
12,5,1987,JLA Home,Missy Paragamian,NCWA2546,Sheets & Pillowcases,0.4509,0.12,0.44049999999999995,1839.2,2520.54,26.98,0.0,-1.0,-26.98,False,False
12,6,1748,Revman International,Missy Paragamian,ERB1781,Blankets And Throws,0.2,0.0679,,4578.78,6395.05,26.89,34.58,0.2859,7.689999999999998,True,True
12,7,120032,Oveesha L.L.C.,Supplier Service Desk,OEES1002,Accent Pillows,0.4672,0.2,,2072.57,3773.14,26.79,80.87,2.0191,54.080000000000005,True,True
12,8,76195,Ulli Home,Jaiden Lawlor,ULIH6048,Blankets And Throws,0.33509999999999995,0.12,0.1,604.19,858.16,26.7,0.0,-1.0,-26.7,False,False
12,9,1748,Revman International,Missy Paragamian,KBFC2590,Sheets & Pillowcases,0.2,0.1315,,1850.67,2728.83,26.61,79.04,1.9701,52.43000000000001,True,True
12,10,1748,Revman International,Missy Paragamian,MBVB1741,Sheets & Pillowcases,0.2,0.2091,,3592.05,5861.54,26.58,0.0,-1.0,-26.58,False,False
12,11,1987,JLA Home,Missy Paragamian,QMP2006,Bedding Sets,0.44909999999999994,0.12,0.4343,2202.82,2870.53,26.54,0.0,-1.0,-26.54,False,False
12,12,241365,"CGK HOLDINGS, INC.",Jaiden Lawlor,CKAI1035,Sheets & Pillowcases,0.2787,0.22,0.3287,1310.71,3001.92,26.53,167.76,5.323200000000001,141.23,True,True
12,13,1987,JLA Home,Missy Paragamian,JLZF1206,Bedding Sets,0.44909999999999994,0.15,0.4968,1983.71,2853.64,26.4,0.0,-1.0,-26.4,False,False
12,14,1748,Revman International,Missy Paragamian,QO10376,Sheets & Pillowcases,0.2,0.1578,,2943.32,4040.66,26.37,0.0,-1.0,-26.37,False,False
12,15,107502,QKXB INC,Asia Supplier Service Desk,JHAA1022,Accent Pillows,0.5,0.1765,0.1,1409.35,2578.31,26.35,13.16,-0.5006,-13.190000000000001,True,False
12,16,25843,"Bedshe International Co.,LTD",Rainbow Wu,BDUR1624,Blankets And Throws,0.3895,0.16,0.17,3918.96,5324.47,26.34,198.07,6.520599999999999,171.73,True,True
12,17,1748,Revman International,Missy Paragamian,ERB10735,Blankets And Throws,0.3136,0.22,,5879.71,8264.84,26.28,0.0,-1.0,-26.28,False,False
12,18,25843,"Bedshe International Co.,LTD",Rainbow Wu,BDUR1372,Sheets & Pillowcases,0.36219999999999997,0.15,0.17,326.29,416.44,26.13,31.35,0.1996,5.220000000000002,True,True
12,19,1987,JLA Home,Missy Paragamian,NCWA2576,Bedding Sets,0.44909999999999994,0.15,0.2584,3792.11,6360.07,26.08,81.4,2.1211,55.32000000000001,True,True
12,20,17102,Trade-Linker,Jaiden Lawlor,IRAD1019,Sheets & Pillowcases,0.2034,0.12,,1127.12,2984.04,26.05,12.8,-0.5085999999999999,-13.25,True,False
12,21,67551,"Suzhou lanqinglv Trading co,. ltd",lance Zhou,OELA1507,Bedding Sets,0.5,0.32,,3295.36,6431.08,25.91,69.64,1.6882,43.730000000000004,True,True
12,22,67551,"Suzhou lanqinglv Trading co,. ltd",lance Zhou,OELA1449,Bedding Sets,0.5,0.35,,1232.67,1822.93,25.62,0.0,-1.0,-25.62,False,False
12,23,25843,"Bedshe International Co.,LTD",Rainbow Wu,BDUR2246,Sheets & Pillowcases,0.3604,0.2,0.23,2224.91,2152.19,25.59,93.35,2.6482,67.75999999999999,True,True
12,24,14580,Amrapur Overseas Inc.,Jaiden Lawlor,MDER1075,Bedding Sets,0.3038,0.1,0.15,15308.6,25111.89,25.54,0.0,-1.0,-25.54,False,False
12,25,348967,Nanyang Dingjiayue Shangmao Youxiansi,Jessica Gu,WAGS1135,Bedding Sets,0.2,0.15,0.2,576.3,799.81,25.5,0.0,-1.0,-25.5,False,False
12,26,2554,Pem America,Benjamin Hannigan,BCMH3042,Bedding Sets,0.22089999999999999,0.15,,1156.0,1888.7,25.47,42.19,0.6565000000000001,16.72,True,True
12,27,7344,Victoria Classics,Supplier Service Desk,WNPO9140,Bedding Sets,0.35240000000000005,0.19010000000000002,0.2401,4751.25,7888.41,25.45,60.55,1.3791,35.099999999999994,True,True
12,28,1987,JLA Home,Missy Paragamian,RBSD9463,Bedding Sets,0.39299999999999996,0.15,0.441,2624.74,3388.84,25.43,0.0,-1.0,-25.43,False,False
12,29,107502,QKXB INC,Asia Supplier Service Desk,JHAA1202,Accent Pillows,0.5,0.2,0.1,2607.95,6368.18,25.41,22.56,-0.11220000000000001,-2.8500000000000014,True,False
12,30,1748,Revman International,Missy Paragamian,ERB1747,Bedding Sets,0.37439999999999996,0.33990000000000004,,6077.2,6714.42,25.39,43.88,0.7286,18.490000000000002,True,True
12,31,208039,"Glen Raven Consumer Solutions,",LMLaCdison Carvalho,SNBR1776,Blankets And Throws,0.47490000000000004,0.1,,4493.96,7438.83,25.38,228.42,8.0,203.04,True,True
12,32,1987,JLA Home,Missy Paragamian,WLR1254,Bedding Sets,0.44909999999999994,0.12,0.33149999999999996,6413.74,9198.98,25.36,114.74,3.5235000000000003,89.38,True,True
12,33,13106,Plutus Partners LLC,Supplier Service Desk,PPTS7235,Accent Pillows,,0.22,0.25,280.47,475.98,25.24,0.0,-1.0,-25.24,False,False
12,34,2387,Cloud9 Design Inc.,Supplier Service Desk,DUKM2379,Bedding Sets,,0.1,,1136.1,1547.96,25.21,0.0,-1.0,-25.21,False,False
12,35,1748,Revman International,Missy Paragamian,WRG10068,Blankets And Throws,0.3136,0.22,,468.65,802.23,25.15,0.0,-1.0,-25.15,False,False
12,36,1987,JLA Home,Missy Paragamian,TCKF1624,Blankets And Throws,0.4738,0.12,0.2511,5698.9,6986.05,25.0,0.0,-1.0,-25.0,False,False
12,37,120032,Oveesha L.L.C.,Supplier Service Desk,OEES1018,Accent Pillows,0.40840000000000004,0.2,,2134.8,3807.16,25.0,13.06,-0.4779,-11.94,True,False
12,38,25843,"Bedshe International Co.,LTD",Rainbow Wu,BDUR3082,Bedding Sets,0.38380000000000003,0.2,0.23,1167.23,1669.24,24.98,0.0,-1.0,-24.98,False,False
12,39,2554,Pem America,Benjamin Hannigan,BDOK1123,Bedding Sets,0.256,0.2,0.248,533.71,912.89,24.96,0.0,-1.0,-24.96,False,False
12,40,1748,Revman International,Missy Paragamian,KBFC2617,Bedding Sets,0.3144,0.22,,6922.92,8603.58,24.94,50.09,1.0081,25.150000000000002,True,True
12,41,1748,Revman International,Missy Paragamian,QO10473,Bedding Sets,,0.27,,825.29,1481.27,24.91,0.0,-1.0,-24.91,False,False
12,42,1987,JLA Home,Missy Paragamian,TRNT2914,Bedding Sets,0.47159999999999996,0.2,0.5,801.81,1098.93,24.89,0.0,-1.0,-24.89,False,False
12,43,23665,"Cozy Line Home Fashions, Inc.",Jaiden Lawlor,CLHF1169,Bedding Sets,0.4999,0.05,0.1,7029.54,10385.0,24.87,49.6,0.9947,24.73,True,True
12,44,25843,"Bedshe International Co.,LTD",Rainbow Wu,BDUR3302,Bedding Sets,0.2822,0.2,0.23,2800.18,2889.58,24.84,90.04,2.6252,65.2,True,True
12,45,25843,"Bedshe International Co.,LTD",Rainbow Wu,BDUR2727,Blankets And Throws,0.2,0.08,0.09,582.01,1161.35,24.71,0.0,-1.0,-24.71,False,False
12,46,67551,"Suzhou lanqinglv Trading co,. ltd",lance Zhou,OELA1497,Bedding Sets,0.4525,0.32,,1204.47,2072.79,24.68,74.76,2.0293,50.080000000000005,True,True
12,47,85516,Sunny yard LLC,Asia Supplier Service D,ENNY1278,Accent Pillows,,0.16670000000000001,,1247.42,2889.27,24.68,18.79,-0.2386,-5.890000000000001,True,False
12,48,1748,Revman International,Missy Paragamian,ERB10958,Bedding Sets,0.3766,0.2775,,2371.46,2976.88,24.67,0.0,-1.0,-24.67,False,False
12,49,2554,Pem America,Benjamin Hannigan,LFMF3780,Bedding Sets,0.2,0.15,,2697.0,6481.94,24.65,109.77,3.4523,85.12,True,True
12,50,1987,JLA Home,Missy Paragamian,XS10653,Blankets And Throws,0.5,0.17,0.5,2896.47,3813.6,24.65,0.0,-1.0,-24.65,False,False
12,51,23665,"Cozy Line Home Fashions, Inc.",Jaiden Lawlor,CLHF1239,Bedding Sets,0.4999,0.05,0.1,2812.95,4644.12,24.58,0.0,-1.0,-24.58,False,False
12,52,43431,ocean home fashion inc,Asia Supplier Service Desk,MRCL1004,Bedding Sets,0.2,0.11,0.12,1414.0,2413.49,24.53,0.0,-1.0,-24.53,False,False
12,53,1748,Revman International,Missy Paragamian,NAL1432,Bedding Sets,0.3818,0.22,,3902.87,5934.42,24.49,0.0,-1.0,-24.49,False,False
12,54,2387,Cloud9 Design Inc.,Supplier Service Desk,DUKM2402,Bedding Sets,0.5,0.1,0.5,926.5,1569.98,24.48,0.0,-1.0,-24.48,False,False
12,55,67551,"Suzhou lanqinglv Trading co,. ltd",lance Zhou,OELA1321,Bedding Sets,0.5,0.32,,4767.46,8436.8,24.47,0.0,-1.0,-24.47,False,False
12,56,73596,Fresh Linen Collection Inc,Supplier Service Desk,CESH1038,Sheets & Pillowcases,0.2,0.02,0.021,805.0,1610.01,24.46,14.11,-0.423,-10.350000000000001,True,False
12,57,76195,Ulli Home,Jaiden Lawlor,ULIH2812,Accent Pillows,0.2,0.04,0.09,968.65,1902.39,24.26,0.0,-1.0,-24.26,False,False
12,58,112418,SAF IJAZ,Supplier Service Desk,ABEJ1029,Bedding Sets,0.2,0.07,0.07,5863.32,10958.17,24.21,0.0,-1.0,-24.21,False,False
12,59,1748,Revman International,Missy Paragamian,KBFC1909,Accent Pillows,0.2419,0.22,,13730.64,20272.75,24.2,84.97,2.5106,60.769999999999996,True,True
12,60,1748,Revman International,Missy Paragamian,BCTS1364,Bedding Sets,0.2,0.22,,1456.69,2822.43,24.19,70.25,1.9041,46.06,True,True
12,61,1748,Revman International,Missy Paragamian,MBVB1952,Bedding Sets,0.2785,0.27,,1191.26,2276.64,24.14,54.09,1.2403,29.950000000000003,True,True
12,62,1748,Revman International,Missy Paragamian,KBFC2698,Bedding Sets,0.32289999999999996,0.22,,7723.62,10881.81,24.06,0.0,-1.0,-24.06,False,False
12,63,25843,"Bedshe International Co.,LTD",Rainbow Wu,BDUR1673,Bedding Sets,0.3336,0.2,0.23,1210.96,1678.38,24.0,0.0,-1.0,-24.0,False,False
12,64,1987,JLA Home,Missy Paragamian,HUH10116,Bedding Sets,0.5,0.2,0.36310000000000003,7001.35,10873.36,23.98,0.0,-1.0,-23.98,False,False
13,1,241365,"CGK HOLDINGS, INC.",Jaiden Lawlor,CKAI1018,Sheets & Pillowcases,0.3876,0.22,0.4376,1555.8,2957.42,23.95,52.8,1.2042,28.849999999999998,True,True
13,2,32808,CAN_Cathay Home Inc.,Paige Beattie,DRVU1317,Bedding Sets,0.5,0.2,0.23,6621.93,11376.44,23.82,0.0,-1.0,-23.82,False,False
13,3,1987,JLA Home,Missy Paragamian,WLRO1574,Bedding Sets,0.44909999999999994,0.12,0.4968,10053.25,12164.42,23.57,69.04,1.9293,45.470000000000006,True,True
13,4,24282,"Nanshing America, Inc.",Jaiden Lawlor,MBSR1282,Bedding Sets,0.2,0.12,0.13,1149.59,2129.39,23.51,0.0,-1.0,-23.51,False,False
13,5,313243,"SHANGHAI DAYA IMPORT & EXPORT CO., LTD.",Asia Supplier Service Desk,TSMO1002,Bedding Sets,,0.2,0.21,586.44,1024.01,23.5,0.0,-1.0,-23.5,False,False
13,6,1452,Loloi Rugs,Alex Melius,ABEH1152,Accent Pillows,0.409,0.2409,0.2909,1086.86,1983.25,23.5,0.0,-1.0,-23.5,False,False
13,7,25843,"Bedshe International Co.,LTD",Rainbow Wu,BDUR2308,Bedding Sets,0.5,0.2,0.23,8632.93,11027.02,23.41,149.72,5.396100000000001,126.31,True,True
13,8,1987,JLA Home,Missy Paragamian,NCWA2755,Bedding Sets,0.47159999999999996,0.15,0.3301,4039.36,5915.48,23.39,0.0,-1.0,-23.39,False,False
13,9,72667,"Jiangsu Meideni Textile CO.,LTD",lance Zhou,ALDL1184,Bedding Sets,0.3563,0.15,0.2,687.76,846.66,23.28,72.71,2.1235,49.42999999999999,True,True
13,10,1748,Revman International,Missy Paragamian,KBFC2106,Bedding Sets,0.2339,0.22,,4646.13,6206.41,23.24,69.33,1.983,46.09,True,True
13,11,1452,Loloi Rugs,Alex Melius,IGNO1157,Accent Pillows,0.5,0.022000000000000002,0.0721,759.19,1261.86,23.19,146.18,5.3047,122.99000000000001,True,True
13,12,44480,"Whole Linens, Inc.",Supplier Service Desk,MDWP1348,Bedding Sets,0.5,0.3,0.4,754.8,1287.21,23.17,29.56,0.2756,6.389999999999997,True,True
13,13,72667,"Jiangsu Meideni Textile CO.,LTD",lance Zhou,ALDL1005,Bedding Sets,,0.2,0.28,3996.87,4765.17,23.0,74.45,2.2367,51.45,True,True
13,14,1748,Revman International,Missy Paragamian,BCTS1265,Bedding Sets,0.3084,0.2505,,1554.7,2001.33,22.99,0.0,-1.0,-22.99,False,False
13,15,1748,Revman International,Missy Paragamian,ERB10766,Blankets And Throws,0.38270000000000004,0.22,,713.4,1092.8,22.99,0.0,-1.0,-22.99,False,False
13,16,30347,Lifestyle Group Distribution Inc,Waverly Winterer,HMRT3196,Accent Pillows,0.5,0.2,0.24,759.84,1396.51,22.96,0.0,-1.0,-22.96,False,False
13,17,112418,SAF IJAZ,Supplier Service Desk,ABEJ1000,Bedding Sets,0.2,0.07,0.07,3640.99,6394.73,22.95,0.0,-1.0,-22.95,False,False
13,18,25843,"Bedshe International Co.,LTD",Rainbow Wu,BDUR2922,Bedding Sets,0.2822,0.2,0.23,3547.09,5262.29,22.93,0.0,-1.0,-22.93,False,False
13,19,1987,JLA Home,Missy Paragamian,HUH1333,Accent Pillows,0.4439,0.15,0.49939999999999996,2649.31,4503.13,22.89,0.0,-1.0,-22.89,False,False
13,20,24282,"Nanshing America, Inc.",Jaiden Lawlor,NAAM1085,Bedding Sets,0.2,0.12,0.13,3910.31,5748.86,22.85,0.0,-1.0,-22.85,False,False
13,21,25843,"Bedshe International Co.,LTD",Rainbow Wu,BDUR3582,Sheets & Pillowcases,0.5,0.2,0.23,614.86,1041.02,22.84,73.1,2.1997999999999998,50.25999999999999,True,True
13,22,63138,"Changshu Youthsky Import Export Co.,Ltd",Jessica Gu,SEPL1048,Sheets & Pillowcases,0.2,0.05,0.05,1516.75,1731.14,22.79,0.0,-1.0,-22.79,False,False
13,23,348967,Nanyang Dingjiayue Shangmao Youxiansi,Jessica Gu,WAGS1126,Bedding Sets,,0.15,,612.0,783.54,22.77,0.0,-1.0,-22.77,False,False
13,24,1748,Revman International,Missy Paragamian,MBVB1848,Bedding Sets,0.3483,0.3716,,972.41,1522.18,22.77,0.0,-1.0,-22.77,False,False
13,25,24282,"Nanshing America, Inc.",Jaiden Lawlor,ORNE3204,Bedding Sets,0.2823,0.12,0.13,973.27,1763.09,22.7,0.0,-1.0,-22.7,False,False
13,26,40013,Phantoscope,Jessica Gu,PHSC1046,Accent Pillows,0.4568,0.21,0.23,6463.08,15620.23,22.65,23.69,0.0461,1.0400000000000027,True,True
13,27,23665,"Cozy Line Home Fashions, Inc.",Jaiden Lawlor,CLHF1378,Bedding Sets,0.2,0.05,0.1,2342.8,3738.97,22.64,0.0,-1.0,-22.64,False,False
13,28,76195,Ulli Home,Jaiden Lawlor,ULIH1362,Accent Pillows,,0.06,0.11,208.32,431.92,22.58,0.0,-1.0,-22.58,False,False
13,29,228805,IMPERIAL HOMEWARE LONDO,NS LuIpMpIlTieEr DService Desk,IPCR1080,Bedding Sets,0.2779,0.1,,507.65,1326.96,22.57,16.69,-0.2606,-5.879999999999999,True,False
13,30,27315,CAN_Beco Industries,Paige Beattie,QO10386,Bedding Sets,0.5,0.15,0.25,3600.54,4836.34,22.52,47.36,1.1032,24.84,True,True
13,31,1748,Revman International,Missy Paragamian,QO10417,Bedding Sets,0.3144,0.1703,,2791.25,4029.62,22.51,0.0,-1.0,-22.51,False,False
13,32,55893,WonderfulCo,lance Zhou,WNTX1042,Bedding Sets,0.4154,0.1,,3281.14,5366.66,22.48,44.63,0.9856999999999999,22.150000000000002,True,True
13,33,10088,Rennie & Rose,Supplier Service Desk,HIDN5818,Accent Pillows,0.2682,0.12,,1899.56,4284.97,22.41,0.0,-1.0,-22.41,False,False
13,34,41493,HUI Resource,Supplier Service Desk,PBHM3408,Accent Pillows,0.5,0.3,0.4,792.0,1499.85,22.4,0.0,-1.0,-22.4,False,False
13,35,1987,JLA Home,Missy Paragamian,NCWA2513,Bedding Sets,0.44909999999999994,0.15,0.36939999999999995,2447.31,3988.06,22.29,0.0,-1.0,-22.29,False,False
13,36,7344,Victoria Classics,Supplier Service Desk,VVRO7985,Kids Bedding Sets,0.47759999999999997,0.1567,0.20670000000000002,2239.71,3417.85,22.23,135.51,5.0964,113.27999999999999,True,True
13,37,25843,"Bedshe International Co.,LTD",Rainbow Wu,BDUR3325,Bedding Sets,0.4854,0.4,0.43,2175.49,3766.79,22.22,0.0,-1.0,-22.22,False,False
13,38,25843,"Bedshe International Co.,LTD",Rainbow Wu,BDUR2344,Bedding Sets,0.3589,0.04,0.07,1271.57,1674.12,22.12,82.92,2.7488,60.8,True,True
13,39,348967,Nanyang Dingjiayue Shangmao Youxiansi,Jessica Gu,WAGS1058,Bedding Sets,0.2218,0.15,0.2718,2913.57,4102.41,22.07,484.0,20.926199999999998,461.93,True,True
13,40,23665,"Cozy Line Home Fashions, Inc.",Jaiden Lawlor,VVRE3750,Kids Bedding Sets,0.4156,0.05,0.1,5136.29,8741.38,22.06,0.0,-1.0,-22.06,False,False
13,41,27315,CAN_Beco Industries,Paige Beattie,KBFC1795,Bedding Sets,0.5,0.15,0.25,13682.3,16499.13,22.03,0.0,-1.0,-22.03,False,False
13,42,27315,CAN_Beco Industries,Paige Beattie,QO10390,Bedding Sets,0.5,0.15,0.25,2231.44,2689.16,22.03,0.0,-1.0,-22.03,False,False
13,43,1987,JLA Home,Missy Paragamian,ALTL3370,Bedding Sets,0.47159999999999996,0.15,0.5,7385.46,11707.95,22.0,198.65,8.0312,176.65,True,True
13,44,120032,Oveesha L.L.C.,Supplier Service Desk,OEES1005,Accent Pillows,0.5,0.4,,716.64,1826.79,21.94,26.09,0.18899999999999997,4.149999999999999,True,True
13,45,1987,JLA Home,Missy Paragamian,NCWA1655,Blankets And Throws,0.45130000000000003,0.12,0.3454,1389.82,1758.54,21.92,40.97,0.8693000000000001,19.049999999999997,True,True
13,46,1987,JLA Home,Missy Paragamian,VBDN1042,Kids Bedding Sets,0.49939999999999996,0.15,0.5,7779.01,10698.07,21.86,0.0,-1.0,-21.86,False,False
13,47,1987,JLA Home,Missy Paragamian,DRBH4423,Bedding Sets,0.5,0.15,0.5,4341.63,6388.99,21.7,70.14,2.2327,48.44,True,True
13,48,1748,Revman International,Missy Paragamian,VRWG1996,Sheets & Pillowcases,0.49560000000000004,0.1229,,3847.24,6128.0,21.63,67.0,2.0980000000000003,45.370000000000005,True,True
13,49,72667,"Jiangsu Meideni Textile CO.,LTD",lance Zhou,ALDL1142,Bedding Sets,0.4053,0.2,0.25,767.72,982.72,21.59,0.0,-1.0,-21.59,False,False
13,50,2387,Cloud9 Design Inc.,Supplier Service Desk,DUKM2060,Accent Pillows,,0.1,,0.0,0.0,21.57,0.0,-1.0,-21.57,False,False
13,51,1987,JLA Home,Missy Paragamian,NCWB1278,Bedding Sets,0.39299999999999996,0.12,0.376,9643.91,13753.69,21.51,0.0,-1.0,-21.51,False,False
13,52,1748,Revman International,Missy Paragamian,ERB10400,Bedding Sets,0.32130000000000003,0.18100000000000002,,7302.37,9374.98,21.5,0.0,-1.0,-21.5,False,False
13,53,214227,"Caluha Company, LLC",Supplier Service Desk,UBAD1003,Accent Pillows,0.36200000000000004,0.1,,3929.54,8541.13,21.46,64.02,1.9831999999999999,42.559999999999995,True,True
13,54,80197,CENTRADE INC.,Jessica Gu,WWMA1003,Accent Pillows,0.4465,0.17,0.22,2143.02,4249.86,21.46,33.36,0.5549000000000001,11.899999999999999,True,True
13,55,23665,"Cozy Line Home Fashions, Inc.",Jaiden Lawlor,CLHF1448,Bed Skirts,0.46270000000000006,0.05,0.1,8007.0,15387.92,21.37,0.0,-1.0,-21.37,False,False
13,56,1452,Loloi Rugs,Alex Melius,ABEH1148,Accent Pillows,0.5,0.1114,0.16149999999999998,365.55,935.95,21.36,0.0,-1.0,-21.36,False,False
13,57,1748,Revman International,Missy Paragamian,ERB1847,Bedding Sets,0.3144,0.22,,4336.94,4966.87,21.34,76.29,2.5751,54.95,True,True
13,58,1987,JLA Home,Missy Paragamian,JLZF1166,Bedding Sets,0.44909999999999994,0.12,0.44189999999999996,2110.48,2999.91,21.34,54.45,1.5519999999999998,33.11,True,True
13,59,63138,"Changshu Youthsky Import Export Co.,Ltd",Jessica Gu,SEPL1058,Blankets And Throws,0.22089999999999999,0.05,0.05,1558.8,1845.36,21.31,25.06,0.1759,3.75,True,True
13,60,2554,Pem America,Benjamin Hannigan,BDOK1098,Bedding Sets,0.386,0.15,0.201,2187.93,4332.23,21.29,0.0,-1.0,-21.29,False,False
13,61,76195,Ulli Home,Jaiden Lawlor,ULIH2820,Accent Pillows,0.2,0.04,0.09,809.69,1524.68,21.29,0.0,-1.0,-21.29,False,False
13,62,1987,JLA Home,Missy Paragamian,NCWB1279,Bedding Sets,0.4965,0.12,0.37670000000000003,2451.79,3463.16,21.2,0.0,-1.0,-21.2,False,False
13,63,24282,"Nanshing America, Inc.",Jaiden Lawlor,MBSR1146,Bedding Sets,0.5,0.12,0.13,1863.43,2968.85,21.17,0.0,-1.0,-21.17,False,False
13,64,78708,Foshan Shiyue (Visionary) Tradin,gB Leimnjiatemdi nC Homanpnaignayn,VSIO1080,Accent Pillows,0.4517,0.2,0.25,1733.48,3357.04,21.15,0.0,-1.0,-21.15,False,False
14,1,12684,Bargain Online Shops LLC,Jaiden Lawlor,SSFL1575,Bedding Sets,0.2,0.1,,1235.2,2218.93,21.15,0.0,-1.0,-21.15,False,False
14,2,1748,Revman International,Missy Paragamian,SBD10109,Bedding Sets,0.3084,0.22,,2757.2,3408.23,21.1,69.36,2.2866999999999997,48.26,True,True
14,3,7344,Victoria Classics,Supplier Service Desk,MTNA1174,Bedding Sets,0.4537,0.19690000000000002,0.2469,3519.48,5953.89,21.09,45.98,1.1803,24.889999999999997,True,True
14,4,25843,"Bedshe International Co.,LTD",Rainbow Wu,BDUR3368,Bedding Sets,,0.15,0.16,763.21,943.01,21.08,0.0,-1.0,-21.08,False,False
14,5,17102,Trade-Linker,Jaiden Lawlor,LBHX5319,Sheets & Pillowcases,0.2311,0.12,,3318.41,6004.3,21.04,0.0,-1.0,-21.04,False,False
14,6,76195,Ulli Home,Jaiden Lawlor,ULIH2978,Accent Pillows,0.2,0.04,0.09,2155.97,4000.06,20.97,0.0,-1.0,-20.97,False,False
14,7,2554,Pem America,Benjamin Hannigan,SDCM1195,Bedding Sets,0.3856,0.25,0.295,6598.86,10030.76,20.97,0.0,-1.0,-20.97,False,False
14,8,1748,Revman International,Missy Paragamian,DRQH2116,Bedding Sets,,0.1948,,728.71,1180.38,20.88,0.0,-1.0,-20.88,False,False
14,9,107502,QKXB INC,Asia Supplier Service Desk,JHAA1115,Accent Pillows,0.4199,0.2667,0.1,2134.05,4266.42,20.87,0.0,-1.0,-20.87,False,False
14,10,1987,JLA Home,Missy Paragamian,BTY1116,Blankets And Throws,0.45130000000000003,0.12,0.2488,8438.42,9045.54,20.8,0.0,-1.0,-20.8,False,False
14,11,2554,Pem America,Benjamin Hannigan,MXO10086,Bedding Sets,0.2,0.15,0.201,2481.47,3912.54,20.8,0.0,-1.0,-20.8,False,False
14,12,1748,Revman International,Missy Paragamian,TBL10938,Bedding Sets,0.2,0.0689,,3551.44,5052.97,20.76,0.0,-1.0,-20.76,False,False
14,13,1748,Revman International,Missy Paragamian,MBVB1972,Bedding Sets,,0.22,,790.4,1443.2,20.72,0.0,-1.0,-20.72,False,False
14,14,1748,Revman International,Missy Paragamian,DRQH1911,Bedding Sets,0.33030000000000004,0.22,,4601.5,9311.24,20.7,0.0,-1.0,-20.7,False,False
14,15,24282,"Nanshing America, Inc.",Jaiden Lawlor,MBSR1298,Bedding Sets,0.218,0.12,0.13,1563.56,2347.62,20.66,0.0,-1.0,-20.66,False,False
14,16,1748,Revman International,Missy Paragamian,KBFC1949,Bedding Sets,0.3718,0.27,,10042.46,10861.25,20.6,0.0,-1.0,-20.6,False,False
14,17,1748,Revman International,Missy Paragamian,QO10412,Bedding Sets,0.3144,0.1703,,712.61,947.59,20.6,0.0,-1.0,-20.6,False,False
14,18,1748,Revman International,Missy Paragamian,VRWG2204,Bedding Sets,0.386,0.22,,1988.3,2389.39,20.6,0.0,-1.0,-20.6,False,False
14,19,231356,"SHENZHENMENGMI TEXTILE CO.,LTD",lance Zhou,SEDZ1027,Bedding Sets,,0.15,,2373.78,3256.57,20.52,46.08,1.2451,25.56,True,True
14,20,1748,Revman International,Missy Paragamian,VRWG2207,Bedding Sets,0.37,0.22,,4617.04,6317.23,20.48,50.09,1.4459,29.610000000000003,True,True
14,21,1748,Revman International,Missy Paragamian,QO10425,Bedding Sets,0.2,0.22,,984.0,1679.15,20.46,0.0,-1.0,-20.46,False,False
14,22,23665,"Cozy Line Home Fashions, Inc.",Jaiden Lawlor,CLHF1023,Bedding Sets,0.284,0.05,0.1,8250.33,12788.58,20.39,105.04,4.1508,84.65,True,True
14,23,1987,JLA Home,Missy Paragamian,NGIN1256,Bedding Sets,0.47159999999999996,0.12,0.5,1929.89,3755.2,20.38,0.0,-1.0,-20.38,False,False
14,24,1987,JLA Home,Missy Paragamian,JLZL1039,Accent Pillows,0.3884,0.17,0.31370000000000003,6726.34,9551.27,20.34,34.57,0.6994,14.23,True,True
14,25,1748,Revman International,Missy Paragamian,KBFC2844,Bedding Sets,0.301,0.22,,2193.11,3743.42,20.32,0.0,-1.0,-20.32,False,False
14,26,1748,Revman International,Missy Paragamian,KBFC2110,Bedding Sets,0.3245,0.22,,21744.37,28205.27,20.31,103.38,4.090199999999999,83.07,True,True
14,27,24282,"Nanshing America, Inc.",Jaiden Lawlor,MBSR1505,Bedding Sets,0.28350000000000003,0.12,0.13,811.17,1453.89,20.31,0.0,-1.0,-20.31,False,False
14,28,25843,"Bedshe International Co.,LTD",Rainbow Wu,BDUR2337,Bedding Sets,0.2,0.11,0.14,3771.79,4557.77,20.29,0.0,-1.0,-20.29,False,False
14,29,1987,JLA Home,Missy Paragamian,CHMB1986,Blankets And Throws,0.5,0.12,0.5,3825.9,6279.79,20.25,0.0,-1.0,-20.25,False,False
14,30,1748,Revman International,Missy Paragamian,THRE4457,Bedding Sets,0.3144,0.22,,2831.43,3934.73,20.15,0.0,-1.0,-20.15,False,False
14,31,1748,Revman International,Missy Paragamian,BCTS1254,Blankets And Throws,0.37799999999999995,0.27,,270.17,569.95,20.12,0.0,-1.0,-20.12,False,False
14,32,1987,JLA Home,Missy Paragamian,DBYC3044,Sheets & Pillowcases,0.4509,0.15,0.4986,936.57,1512.12,20.01,0.0,-1.0,-20.01,False,False
14,33,1748,Revman International,Missy Paragamian,MPPY1006,Sheets & Pillowcases,0.22190000000000001,0.22,,2473.45,4553.26,19.99,0.0,-1.0,-19.99,False,False
14,34,1987,JLA Home,Missy Paragamian,MBSA1018,Bedding Sets,0.44909999999999994,0.15,0.2878,6612.06,9263.55,19.9,0.0,-1.0,-19.9,False,False
14,35,1987,JLA Home,Missy Paragamian,BADI1283,Bedding Sets,0.5,0.15,0.359,4302.9,7987.88,19.89,34.13,0.7164,14.240000000000002,True,True
14,36,80197,CENTRADE INC.,Jessica Gu,WWMA1297,Accent Pillows,0.486,0.15,0.2,3348.29,4686.49,19.81,96.92,3.8914999999999997,77.11,True,True
14,37,25843,"Bedshe International Co.,LTD",Rainbow Wu,BDUR1350,Bedding Sets,0.226,0.2,0.23,1953.22,2923.11,19.79,0.0,-1.0,-19.79,False,False
14,38,1987,JLA Home,Missy Paragamian,RBSD4377,Bedding Sets,0.5,0.12,0.5,5617.69,7613.2,19.74,0.0,-1.0,-19.74,False,False
14,39,1748,Revman International,Missy Paragamian,ERB10919,Blankets And Throws,0.3136,0.22,,2328.0,3242.56,19.68,53.94,1.7412999999999998,34.26,True,True
14,40,63138,"Changshu Youthsky Import Export Co.,Ltd",Jessica Gu,SEPL1080,Bedding Sets,0.2,0.05,0.05,3236.75,3811.27,19.65,0.0,-1.0,-19.65,False,False
14,41,1987,JLA Home,Missy Paragamian,JLZL1193,Bedding Sets,0.5,0.15,0.5,7230.18,10935.83,19.6,36.92,0.8835,17.32,True,True
14,42,214227,"Caluha Company, LLC",Supplier Service Desk,UBAD1103,Accent Pillows,0.4201,0.1,,6163.33,10846.25,19.42,48.56,1.5001,29.14,True,True
14,43,1748,Revman International,Missy Paragamian,QO10405,Blankets And Throws,0.4805,0.42210000000000003,,401.0,655.25,19.4,37.1,0.9120999999999999,17.700000000000003,True,True
14,44,25843,"Bedshe International Co.,LTD",Rainbow Wu,BDUR2652,Bedding Sets,0.34990000000000004,0.15,0.16,1336.12,1787.87,19.37,17.31,-0.10619999999999999,-2.0600000000000023,True,False
14,45,1987,JLA Home,Missy Paragamian,CRLM1550,Sheets & Pillowcases,0.4509,0.15,0.5,869.32,1345.86,19.35,0.0,-1.0,-19.35,False,False
14,46,25843,"Bedshe International Co.,LTD",Rainbow Wu,BDUR1370,Sheets & Pillowcases,0.5,0.2,0.21,3220.46,3420.74,19.33,69.96,2.6198,50.629999999999995,True,True
14,47,41493,HUI Resource,Supplier Service Desk,PBHM3179,Accent Pillows,0.5,0.4,0.45,1725.0,3179.49,19.23,39.25,1.0415999999999999,20.02,True,True
14,48,72667,"Jiangsu Meideni Textile CO.,LTD",lance Zhou,ALDL1191,Bedding Sets,0.5,0.2,,629.76,844.91,19.22,0.0,-1.0,-19.22,False,False
14,49,1748,Revman International,Missy Paragamian,TBL11065,Accent Pillows,0.3161,0.22,,4947.21,8703.2,19.21,0.0,-1.0,-19.21,False,False
14,50,67551,"Suzhou lanqinglv Trading co,. ltd",lance Zhou,OELA1455,Bedding Sets,0.4669,0.35,,1346.59,2285.05,19.17,0.0,-1.0,-19.17,False,False
14,51,1987,JLA Home,Missy Paragamian,VBDN1033,Kids Bedding Sets,0.3884,0.15,0.442,6018.19,9087.31,19.16,44.62,1.3283,25.459999999999997,True,True
14,52,348967,Nanyang Dingjiayue Shangmao Youxiansi,Jessica Gu,WAGS1108,Bedding Sets,,0.15,,802.08,1076.28,19.16,0.0,-1.0,-19.16,False,False
14,53,1748,Revman International,Missy Paragamian,QO10493,Bedding Sets,,0.1971,,391.15,682.51,19.16,0.0,-1.0,-19.16,False,False
14,54,1748,Revman International,Missy Paragamian,BCTS1335,Bedding Sets,0.3144,0.22,,1723.44,2913.51,19.16,0.0,-1.0,-19.16,False,False
14,55,20128,"SLNY Home INC, DBA Spirit Linen",Supplier Service Desk,SPLI1038,Sheets & Pillowcases,0.2271,0.15,0.15,2056.57,4574.15,19.08,0.0,-1.0,-19.08,False,False
14,56,76195,Ulli Home,Jaiden Lawlor,ULIH2968,Accent Pillows,0.2,0.04,0.09,452.44,908.88,18.94,0.0,-1.0,-18.94,False,False
14,57,2554,Pem America,Benjamin Hannigan,FYEB1026,Blankets And Throws,0.2,0.15,0.201,871.25,1370.12,18.92,0.0,-1.0,-18.92,False,False
14,58,27315,CAN_Beco Industries,Paige Beattie,DRQH1915,Bedding Sets,0.5,0.15,0.25,7207.5,14465.22,18.89,65.21,2.4519,46.31999999999999,True,True
14,59,1748,Revman International,Missy Paragamian,TBL10972,Bedding Sets,0.3144,0.27,,1289.38,2092.21,18.88,50.86,1.6944,31.98,True,True
14,60,25843,"Bedshe International Co.,LTD",Rainbow Wu,BDUR1947,Bedding Sets,0.2,0.1,0.13,10357.39,14070.46,18.82,0.0,-1.0,-18.82,False,False
14,61,214227,"Caluha Company, LLC",Supplier Service Desk,UBAD1004,Accent Pillows,0.4362,0.1,,2135.65,4908.9,18.81,0.0,-1.0,-18.81,False,False
14,62,1748,Revman International,Missy Paragamian,ERB10935,Kids Bedding Sets,0.5,0.35979999999999995,,2427.9,3067.08,18.75,28.46,0.5175,9.71,True,True
14,63,80197,CENTRADE INC.,Jessica Gu,WWMA1423,Accent Pillows,0.33649999999999997,0.17,0.22,4087.0,6848.33,18.72,0.0,-1.0,-18.72,False,False
14,64,1748,Revman International,Missy Paragamian,KBFC1947,Bedding Sets,0.3144,0.22,,7080.66,8846.64,18.68,100.18,4.3627,81.5,True,True
15,1,348967,Nanyang Dingjiayue Shangmao Youxiansi,Jessica Gu,WAGS1092,Bedding Sets,,0.15,,373.5,546.36,18.67,0.0,-1.0,-18.67,False,False
15,2,63138,"Changshu Youthsky Import Export Co.,Ltd",Jessica Gu,SEPL1132,Bedding Sets,,0.05,0.05,974.05,1211.28,18.64,0.0,-1.0,-18.64,False,False
15,3,23665,"Cozy Line Home Fashions, Inc.",Jaiden Lawlor,LRKM3953,Bedding Sets,0.4999,0.05,0.1,2988.38,4782.06,18.63,0.0,-1.0,-18.63,False,False
15,4,1748,Revman International,Missy Paragamian,ONAW2730,Bedding Sets,0.2,0.12619999999999998,,5436.02,10693.67,18.59,0.0,-1.0,-18.59,False,False
15,5,1987,JLA Home,Missy Paragamian,JLZF1165,Bedding Sets,0.44909999999999994,0.12,0.4968,2582.86,3849.15,18.57,0.0,-1.0,-18.57,False,False
15,6,1452,Loloi Rugs,Alex Melius,CBIS1254,Accent Pillows,0.3942,0.11720000000000001,0.1672,1034.33,1591.55,18.57,0.0,-1.0,-18.57,False,False
15,7,2554,Pem America,Benjamin Hannigan,CANN1221,Bedding Sets,0.4235,0.15,0.201,701.46,852.51,18.56,0.0,-1.0,-18.56,False,False
15,8,1748,Revman International,Missy Paragamian,WRG10039,Sheets & Pillowcases,0.3134,0.22,,375.25,651.22,18.56,0.0,-1.0,-18.56,False,False
15,9,12684,Bargain Online Shops LLC,Jaiden Lawlor,SSFL1758,Bedding Sets,0.2,0.3,,2160.0,3716.36,18.55,41.44,1.2335,22.889999999999997,True,True
15,10,40013,Phantoscope,Jessica Gu,PHSC1118,Accent Pillows,0.5,0.18,0.2,1457.79,3238.3,18.52,0.0,-1.0,-18.52,False,False
15,11,1987,JLA Home,Missy Paragamian,VVRE3609,Kids Bedding Sets,0.4439,0.15,0.5,5409.1,8482.79,18.44,0.0,-1.0,-18.44,False,False
15,12,43431,ocean home fashion inc,Asia Supplier Service Desk,MRCL1044,Kids Bedding Sets,0.2,0.11,0.12,2041.38,3654.8,18.41,18.21,-0.0111,-0.1999999999999993,True,False
15,13,1748,Revman International,Missy Paragamian,BCTS1283,Bedding Sets,0.3898,0.22,,4733.75,7334.31,18.39,19.27,0.0481,0.879999999999999,True,True
15,14,1987,JLA Home,Missy Paragamian,HBEE2890,Bedding Sets,0.44909999999999994,0.12,0.34340000000000004,2926.7,4034.66,18.37,0.0,-1.0,-18.37,False,False
15,15,23665,"Cozy Line Home Fashions, Inc.",Jaiden Lawlor,CLHF1101,Kids Bedding Sets,0.4999,0.05,0.1,2800.69,4258.48,18.36,0.0,-1.0,-18.36,False,False
15,16,348967,Nanyang Dingjiayue Shangmao Youxiansi,Jessica Gu,WAGS1035,Bedding Sets,0.2218,0.15,0.2718,676.8,933.35,18.35,0.0,-1.0,-18.35,False,False
15,17,22695,ELEGANCE LINEN,Benjamin Hannigan,EEGA1601,Bedding Sets,0.5,0.25,0.3,2795.0,3772.2,18.32,26.01,0.4199,7.690000000000001,True,True
15,18,2554,Pem America,Benjamin Hannigan,FEFA1009,Bedding Sets,0.2,0.2,,2031.47,2659.49,18.32,0.0,-1.0,-18.32,False,False
15,19,41493,HUI Resource,Supplier Service Desk,PBHM3475,Accent Pillows,0.5,0.35,0.45,1597.5,3211.02,18.28,0.0,-1.0,-18.28,False,False
15,20,1748,Revman International,Missy Paragamian,KBFC2623,Bedding Sets,0.3144,0.22,,3764.27,4356.84,18.26,125.21,5.8562,106.94999999999999,True,True
15,21,1748,Revman International,Missy Paragamian,VRWG2248,Bedding Sets,,0.22,,428.89,717.01,18.22,0.0,-1.0,-18.22,False,False
15,22,1748,Revman International,Missy Paragamian,DRQH2080,Bedding Sets,0.2,0.22,,3670.8,6622.31,18.2,0.0,-1.0,-18.2,False,False
15,23,1748,Revman International,Missy Paragamian,MBVB1816,Bedding Sets,0.2375,0.22,,1430.31,1930.91,18.2,0.0,-1.0,-18.2,False,False
15,24,1748,Revman International,Missy Paragamian,KBFC1776,Bed Skirts,0.282,0.22,,2886.52,4422.04,18.2,34.96,0.9214,16.76,True,True
15,25,30347,Lifestyle Group Distribution Inc,Waverly Winterer,HMSK1229,Accent Pillows,,0.2,0.24,736.14,1249.0,18.19,0.22,-0.9879000000000001,-17.970000000000002,True,False
15,26,214227,"Caluha Company, LLC",Supplier Service Desk,UBAD1068,Accent Pillows,0.44530000000000003,0.1,,4038.59,6691.39,18.14,0.0,-1.0,-18.14,False,False
15,27,1987,JLA Home,Missy Paragamian,NDHB1010,Kids Bedding Sets,0.4439,0.15,0.2965,4409.13,6864.82,18.08,0.0,-1.0,-18.08,False,False
15,28,41493,HUI Resource,Supplier Service Desk,PBHM2053,Accent Pillows,0.5,0.3,0.4,2715.03,7799.57,18.06,9.84,-0.45520000000000005,-8.219999999999999,True,False
15,29,1452,Loloi Rugs,Alex Melius,CBIS1255,Accent Pillows,0.3461,0.0542,0.1043,1620.91,3068.08,18.03,0.0,-1.0,-18.03,False,False
15,30,76195,Ulli Home,Jaiden Lawlor,ULIH2955,Accent Pillows,0.2,0.04,0.09,1391.6,2550.76,18.02,36.48,1.025,18.459999999999997,True,True
15,31,41493,HUI Resource,Supplier Service Desk,PBHM3608,Blankets And Throws,0.35,0.25,0.35,1095.6,2214.31,18.01,0.0,-1.0,-18.01,False,False
15,32,1748,Revman International,Missy Paragamian,ERB10861,Bedding Sets,0.3144,0.22,,4620.55,6721.75,17.99,0.0,-1.0,-17.99,False,False
15,33,72667,"Jiangsu Meideni Textile CO.,LTD",lance Zhou,ALDL1071,Sheets & Pillowcases,0.5,0.25,,2299.97,2633.54,17.94,67.66,2.7721,49.72,True,True
15,34,72667,"Jiangsu Meideni Textile CO.,LTD",lance Zhou,ALDL1223,Blankets And Throws,0.41960000000000003,0.22,,830.8,1159.35,17.93,0.0,-1.0,-17.93,False,False
15,35,1748,Revman International,Missy Paragamian,VRWG2202,Bedding Sets,0.37560000000000004,0.27,,5136.06,7139.77,17.89,0.0,-1.0,-17.89,False,False
15,36,25843,"Bedshe International Co.,LTD",Rainbow Wu,BDUR1376,Bedding Sets,0.5,0.2,0.23,3789.42,6102.35,17.86,0.0,-1.0,-17.86,False,False
15,37,43431,ocean home fashion inc,Asia Supplier Service Desk,MRCL1198,Bedding Sets,0.2,0.11,0.12,886.08,1126.48,17.86,0.0,-1.0,-17.86,False,False
15,38,2387,Cloud9 Design Inc.,Supplier Service Desk,DUKM2409,Bedding Sets,,0.1,,147.0,260.97,17.84,0.0,-1.0,-17.84,False,False
15,39,1452,Loloi Rugs,Alex Melius,IGNO1154,Accent Pillows,0.2,0.0277,,224.0,368.38,17.82,19.03,0.068,1.2100000000000009,True,True
15,40,76195,Ulli Home,Jaiden Lawlor,ULIH2089,Accent Pillows,,0.06,0.11,205.38,435.21,17.78,0.0,-1.0,-17.78,False,False
15,41,1987,JLA Home,Missy Paragamian,BADI1307,Bedding Sets,0.4414,0.15,0.4968,819.72,1742.89,17.63,0.0,-1.0,-17.63,False,False
15,42,1987,JLA Home,Missy Paragamian,WLAO2619,Bedding Sets,0.5,0.12,0.5,2544.08,3178.87,17.57,0.0,-1.0,-17.57,False,False
15,43,24282,"Nanshing America, Inc.",Jaiden Lawlor,MBSR1512,Bedding Sets,0.2,0.12,0.13,194.3,313.97,17.55,58.9,2.3561,41.349999999999994,True,True
15,44,1987,JLA Home,Missy Paragamian,WRLO1680,Blankets And Throws,0.5,0.12,0.5,7023.56,9850.21,17.51,0.0,-1.0,-17.51,False,False
15,45,24282,"Nanshing America, Inc.",Jaiden Lawlor,MBSR1241,Bedding Sets,0.2957,0.12,0.13,977.34,1441.57,17.4,0.0,-1.0,-17.4,False,False
15,46,1987,JLA Home,Missy Paragamian,HUH10140,Bedding Sets,0.5,0.2,0.5,5977.09,9805.02,17.37,81.96,3.7179,64.58999999999999,True,True
15,47,27315,CAN_Beco Industries,Paige Beattie,XRT10107,Bedding Sets,0.5,0.15,0.25,3337.56,4781.41,17.35,0.0,-1.0,-17.35,False,False
15,48,24282,"Nanshing America, Inc.",Jaiden Lawlor,MBSR1640,Bedding Sets,,0.12,0.13,192.6,299.98,17.33,0.0,-1.0,-17.33,False,False
15,49,1748,Revman International,Missy Paragamian,KBFC2527,Kids Bedding Sets,0.31629999999999997,0.22,,1949.32,2928.92,17.32,53.94,2.1148,36.62,True,True
15,50,25843,"Bedshe International Co.,LTD",Rainbow Wu,BDUR1262,Blankets And Throws,0.5,0.2,0.21,6375.16,11451.13,17.26,45.1,1.6124,27.84,True,True
15,51,1748,Revman International,Missy Paragamian,KBFC2677,Bedding Sets,0.2,0.22,,7609.4,9628.24,17.24,138.71,7.044,121.47000000000001,True,True
15,52,1748,Revman International,Missy Paragamian,KBFC2423,Bedding Sets,0.3144,0.22,,6766.19,9517.2,17.24,0.0,-1.0,-17.24,False,False
15,53,1748,Revman International,Missy Paragamian,NHB1211,Bedding Sets,0.3144,0.1607,,11232.86,14487.37,17.21,39.61,1.3019,22.4,True,True
15,54,20128,"SLNY Home INC, DBA Spirit Linen",Supplier Service Desk,TCTZ1966,Bedding Sets,0.3779,0.15,0.15,1793.37,2888.17,17.16,0.0,-1.0,-17.16,False,False
15,55,1987,JLA Home,Missy Paragamian,BDIS1505,Bedding Sets,0.44909999999999994,0.15,0.4968,11736.13,15607.99,17.14,161.9,8.444600000000001,144.76,True,True
15,56,25843,"Bedshe International Co.,LTD",Rainbow Wu,BDUR1569,Blankets And Throws,0.24359999999999998,0.16,0.17,5585.91,6764.9,17.14,0.0,-1.0,-17.14,False,False
15,57,1987,JLA Home,Missy Paragamian,UBHB1214,Bedding Sets,0.44909999999999994,0.15,0.4968,866.86,1330.45,17.14,0.0,-1.0,-17.14,False,False
15,58,241365,"CGK HOLDINGS, INC.",Jaiden Lawlor,CKAI1016,Sheets & Pillowcases,0.3567,0.22,0.4067,863.26,1662.55,17.14,23.89,0.39390000000000003,6.75,True,True
15,59,1748,Revman International,Missy Paragamian,KBFC2403,Bedding Sets,0.33770000000000006,0.22,,5606.25,7473.4,17.13,0.0,-1.0,-17.13,False,False
15,60,1748,Revman International,Missy Paragamian,MBVB1536,Bedding Sets,0.2082,0.27,,3289.81,4153.81,17.12,43.27,1.5272999999999999,26.150000000000002,True,True
15,61,1987,JLA Home,Missy Paragamian,LGLY6459,Blankets And Throws,0.45130000000000003,0.12,0.49829999999999997,5815.91,13319.78,17.07,18.77,0.0999,1.6999999999999993,True,True
15,62,32808,CAN_Cathay Home Inc.,Paige Beattie,DRVU1281,Bedding Sets,0.5,0.25,0.28,5089.53,4550.02,16.96,0.0,-1.0,-16.96,False,False
15,63,1748,Revman International,Missy Paragamian,TMBH1232,Bedding Sets,0.2643,0.19920000000000002,,1090.51,1811.76,16.96,0.0,-1.0,-16.96,False,False
15,64,55893,WonderfulCo,lance Zhou,WNTX1151,Bedding Sets,0.5,0.1,,272.95,478.12,16.95,0.0,-1.0,-16.95,False,False
16,1,241365,"CGK HOLDINGS, INC.",Jaiden Lawlor,CKAI1017,Sheets & Pillowcases,0.2761,0.22,0.3261,324.99,643.17,16.92,0.0,-1.0,-16.92,False,False
16,2,72878,WW Sheets,Jaiden Lawlor,WSHE1028,Bedding Sets,0.4679,0.4,0.41,631.96,1010.13,16.9,0.0,-1.0,-16.9,False,False
16,3,1987,JLA Home,Missy Paragamian,RDBS7495,Bedding Sets,0.39299999999999996,0.15,0.5,3557.19,4948.72,16.79,0.0,-1.0,-16.79,False,False
16,4,25843,"Bedshe International Co.,LTD",Rainbow Wu,BDUR3317,Bedding Sets,,0.2,0.23,127.37,145.5,16.78,0.0,-1.0,-16.78,False,False
16,5,1748,Revman International,Missy Paragamian,QO10392,Bedding Sets,0.3766,0.26780000000000004,,2982.21,4284.73,16.74,0.0,-1.0,-16.74,False,False
16,6,1748,Revman International,Missy Paragamian,WRG10017,Blankets And Throws,0.3395,0.22,,475.75,918.98,16.73,15.22,-0.09,-1.5099999999999998,True,False
16,7,27315,CAN_Beco Industries,Paige Beattie,KBFC1036,Bedding Sets,0.5,0.15,0.25,2297.75,2729.14,16.73,0.0,-1.0,-16.73,False,False
16,8,1987,JLA Home,Missy Paragamian,NGIN1144,Bedding Sets,0.39299999999999996,0.15,0.441,164.27,269.84,16.63,0.0,-1.0,-16.63,False,False
16,9,1987,JLA Home,Missy Paragamian,VBDN1057,Kids Bedding Sets,0.3884,0.15,0.4439,1907.06,2917.12,16.54,0.0,-1.0,-16.54,False,False
16,10,1987,JLA Home,Missy Paragamian,AGRV3902,Bedding Sets,0.44909999999999994,0.12,0.4968,837.74,1398.94,16.53,0.0,-1.0,-16.53,False,False
16,11,67551,"Suzhou lanqinglv Trading co,. ltd",lance Zhou,OELA1179,Bedding Sets,0.4907,0.22,,3684.69,6396.1,16.52,107.74,5.521100000000001,91.22,True,True
16,12,30347,Lifestyle Group Distribution Inc,Waverly Winterer,NTRL2949,Accent Pillows,0.5,0.2,0.24,2069.58,3890.72,16.45,0.0,-1.0,-16.45,False,False
16,13,228805,IMPERIAL HOMEWARE LONDO,NS LuIpMpIlTieEr DService Desk,IPCR1003,Blankets And Throws,0.3836,0.1,,563.71,1409.5,16.44,9.63,-0.4143,-6.8100000000000005,True,False
16,14,1748,Revman International,Missy Paragamian,TMBH1190,Bedding Sets,,0.5096,,1218.0,1471.29,16.4,0.0,-1.0,-16.4,False,False
16,15,1987,JLA Home,Missy Paragamian,CHLH2316,Blankets And Throws,0.3948,0.17,0.44229999999999997,3089.97,4455.04,16.38,51.12,2.1201,34.739999999999995,True,True
16,16,228805,IMPERIAL HOMEWARE LONDO,NS LuIpMpIlTieEr DService Desk,IPCR1014,Blankets And Throws,0.5,0.1,,639.2,1741.33,16.32,6.76,-0.5858,-9.56,True,False
16,17,1748,Revman International,Missy Paragamian,MBVB1803,Bedding Sets,0.441,0.22,,8453.64,10517.61,16.3,53.94,2.3096,37.64,True,True
16,18,1748,Revman International,Missy Paragamian,QO10498,Bedding Sets,,0.22,,1031.41,1785.31,16.29,0.0,-1.0,-16.29,False,False
16,19,348967,Nanyang Dingjiayue Shangmao Youxiansi,Jessica Gu,WAGS1010,Bedding Sets,,0.15,,212.5,295.93,16.28,0.0,-1.0,-16.28,False,False
16,20,1987,JLA Home,Missy Paragamian,BADI1247,Bedding Sets,0.44909999999999994,0.15,0.4968,2128.81,3131.71,16.28,0.0,-1.0,-16.28,False,False
16,21,112418,SAF IJAZ,Supplier Service Desk,ABEJ1116,Bedding Sets,,0.07,0.07,253.65,340.97,16.23,0.0,-1.0,-16.23,False,False
16,22,25843,"Bedshe International Co.,LTD",Rainbow Wu,BDUR1764,Bedding Sets,0.3119,0.2,0.23,3742.42,6714.65,16.23,27.8,0.7131000000000001,11.57,True,True
16,23,1748,Revman International,Missy Paragamian,VRWG1937,Bedding Sets,0.3144,0.17489999999999997,,6538.34,7843.35,16.21,0.0,-1.0,-16.21,False,False
16,24,63138,"Changshu Youthsky Import Export Co.,Ltd",Jessica Gu,SEPL1076,Sheets & Pillowcases,0.2,0.05,0.05,3904.95,4745.79,16.1,0.0,-1.0,-16.1,False,False
16,25,241365,"CGK HOLDINGS, INC.",Jaiden Lawlor,CKAI1028,Sheets & Pillowcases,0.2879,0.22,,836.08,1674.73,16.03,16.54,0.0319,0.509999999999998,True,True
16,26,1987,JLA Home,Missy Paragamian,NDHB1011,Kids Bedding Sets,0.4439,0.15,0.498,3747.02,5771.39,15.87,0.0,-1.0,-15.87,False,False
16,27,1748,Revman International,Missy Paragamian,TBL10625,Bedding Sets,0.3144,0.22,,5497.9,7343.15,15.81,81.51,4.1566,65.7,True,True
16,28,1748,Revman International,Missy Paragamian,ERB10973,Bedding Sets,0.2746,0.22,,2739.67,4069.94,15.81,0.0,-1.0,-15.81,False,False
16,29,1987,JLA Home,Missy Paragamian,SEEP1005,Blankets And Throws,0.3948,0.17,0.44229999999999997,3304.14,3964.73,15.8,0.0,-1.0,-15.8,False,False
16,30,348967,Nanyang Dingjiayue Shangmao Youxiansi,Jessica Gu,WAGS1133,Bedding Sets,,0.15,,276.76,384.59,15.76,0.0,-1.0,-15.76,False,False
16,31,16941,Sunham Home Fashions,Benjamin Hannigan,LCST1307,Sheets & Pillowcases,0.218,0.12,0.17,268.94,447.39,15.76,0.0,-1.0,-15.76,False,False
16,32,112418,SAF IJAZ,Supplier Service Desk,ABEJ1040,Bedding Sets,0.2,0.07,0.07,5165.56,9035.85,15.75,79.46,4.0454,63.709999999999994,True,True
16,33,325542,Thermeez,Supplier Service Desk,ICKO1006,Sheets & Pillowcases,0.2,0.02,,355.88,783.9,15.74,0.0,-1.0,-15.74,False,False
16,34,1748,Revman International,Missy Paragamian,KCR10011,Blankets And Throws,0.37310000000000004,0.22,,2875.4,4093.4,15.73,0.0,-1.0,-15.73,False,False
16,35,1987,JLA Home,Missy Paragamian,RDBT5051,Bedding Sets,0.44909999999999994,0.12,0.3207,2733.67,3604.34,15.72,0.0,-1.0,-15.72,False,False
16,36,1748,Revman International,Missy Paragamian,MBVB1799,Bedding Sets,0.2,0.0898,,5041.29,6568.64,15.7,44.96,1.8635,29.26,True,True
16,37,1452,Loloi Rugs,Alex Melius,ARXL1023,Accent Pillows,0.21100000000000002,0.0409,0.0909,2026.75,2602.68,15.65,0.0,-1.0,-15.65,False,False
16,38,1987,JLA Home,Missy Paragamian,ONAW6770,Bedding Sets,0.44909999999999994,0.17,0.5,3150.69,3996.17,15.64,0.0,-1.0,-15.64,False,False
16,39,112418,SAF IJAZ,Supplier Service Desk,ABEJ1035,Bedding Sets,0.2934,0.07,0.07,3184.42,5377.33,15.61,0.0,-1.0,-15.61,False,False
16,40,1987,JLA Home,Missy Paragamian,NCWA1240,Bedding Sets,0.3862,0.15,0.38189999999999996,907.92,1069.04,15.61,0.0,-1.0,-15.61,False,False
16,41,1987,JLA Home,Missy Paragamian,JLZF1207,Bedding Sets,0.44909999999999994,0.2,0.35450000000000004,1436.95,1918.3,15.6,0.0,-1.0,-15.6,False,False
16,42,1748,Revman International,Missy Paragamian,MBVB1840,Bedding Sets,0.3098,0.27,,1228.09,1827.79,15.6,0.0,-1.0,-15.6,False,False
16,43,25843,"Bedshe International Co.,LTD",Rainbow Wu,BDUR1849,Sheets & Pillowcases,,0.2,0.21,584.12,691.64,15.54,33.72,1.1696,18.18,True,True
16,44,7344,Victoria Classics,Supplier Service Desk,SEHO3882,Bedding Sets,0.40630000000000005,0.13119999999999998,0.1812,884.67,1627.76,15.52,0.0,-1.0,-15.52,False,False
16,45,12684,Bargain Online Shops LLC,Jaiden Lawlor,SSFL1736,Bedding Sets,0.2,0.3,,2537.0,3879.09,15.5,39.9,1.5737,24.4,True,True
16,46,41493,HUI Resource,Supplier Service Desk,PBHM1686,Accent Pillows,0.35009999999999997,0.25,0.35,441.82,715.49,15.49,0.0,-1.0,-15.49,False,False
16,47,23665,"Cozy Line Home Fashions, Inc.",Jaiden Lawlor,CLHF1423,Bedding Sets,0.2,0.05,0.1,1780.67,2853.48,15.48,0.0,-1.0,-15.48,False,False
16,48,1748,Revman International,Missy Paragamian,VRWG2210,Bedding Sets,0.2495,0.22,,1072.25,1362.69,15.48,0.0,-1.0,-15.48,False,False
16,49,406213,Kensington Homeware US LLC,Supplier Service Desk,KGSI1012,Bedding Sets,0.248,0.1,,526.76,1206.2,15.42,0.0,-1.0,-15.42,False,False
16,50,1748,Revman International,Missy Paragamian,SBD10047,Bed Skirts,0.20829999999999999,0.22,,1111.46,1848.19,15.37,0.0,-1.0,-15.37,False,False
16,51,2554,Pem America,Benjamin Hannigan,SDCM1359,Bedding Sets,0.2446,0.25,0.295,2011.68,3775.64,15.36,0.0,-1.0,-15.36,False,False
16,52,1748,Revman International,Missy Paragamian,KCN10130,Bedding Sets,0.386,0.5521,,1285.87,1654.01,15.33,0.0,-1.0,-15.33,False,False
16,53,1748,Revman International,Missy Paragamian,QO10411,Bedding Sets,0.3084,0.1648,,1059.57,1562.88,15.33,0.0,-1.0,-15.33,False,False
16,54,1748,Revman International,Missy Paragamian,QO10494,Bedding Sets,,0.22,,550.0,1107.04,15.33,0.0,-1.0,-15.33,False,False
16,55,55893,WonderfulCo,lance Zhou,WNPP1502,Bedding Sets,0.5,0.1,,481.48,752.62,15.32,0.0,-1.0,-15.32,False,False
16,56,112418,SAF IJAZ,Supplier Service Desk,ABEJ1047,Bedding Sets,0.2,0.07,0.07,1722.15,3215.9,15.31,0.0,-1.0,-15.31,False,False
16,57,12684,Bargain Online Shops LLC,Jaiden Lawlor,SSFL1648,Bedding Sets,0.5,0.3,,905.0,1660.4,15.29,0.0,-1.0,-15.29,False,False
16,58,55893,WonderfulCo,lance Zhou,WNTX1136,Bedding Sets,0.2876,0.1,,5468.5,8017.5,15.26,0.0,-1.0,-15.26,False,False
16,59,1987,JLA Home,Missy Paragamian,XS10549,Blankets And Throws,0.45130000000000003,0.12,0.49829999999999997,2434.86,2851.24,15.17,0.0,-1.0,-15.17,False,False
16,60,37327,Instyle Products Corp,Rikki Sartor,CHRL8271,Sheets & Pillowcases,0.5,0.18,,1685.46,3019.83,15.16,21.17,0.39630000000000004,6.010000000000002,True,True
16,61,1748,Revman International,Missy Paragamian,DRQH1957,Bedding Sets,0.2084,0.1386,,5814.0,9057.2,15.14,0.0,-1.0,-15.14,False,False
16,62,10088,Rennie & Rose,Supplier Service Desk,HIDN5819,Accent Pillows,0.223,0.11,,1832.84,4013.74,15.13,0.0,-1.0,-15.13,False,False
16,63,1748,Revman International,Missy Paragamian,BCTS1241,Bed Skirts,0.2,0.22,,2131.81,3793.19,15.11,0.0,-1.0,-15.11,False,False
16,64,22695,ELEGANCE LINEN,Benjamin Hannigan,EEGA1482,Sheets & Pillowcases,0.5,0.25,0.3,969.0,1878.96,15.09,0.0,-1.0,-15.09,False,False
17,1,1748,Revman International,Missy Paragamian,DRQH1937,Bedding Sets,0.5,0.21559999999999999,,736.11,1006.96,15.06,0.0,-1.0,-15.06,False,False
17,2,1987,JLA Home,Missy Paragamian,EBRD5209,Sheets & Pillowcases,0.4509,0.15,0.5,991.34,1444.87,15.06,0.0,-1.0,-15.06,False,False
17,3,348967,Nanyang Dingjiayue Shangmao Youxiansi,Jessica Gu,WAGS1053,Bedding Sets,0.2,0.15,0.2,856.0,1182.32,15.01,40.8,1.7178,25.79,True,True
17,4,1748,Revman International,Missy Paragamian,KBFC1921,Accent Pillows,0.2,0.22,,3269.8,5082.88,14.99,15.08,0.0059,0.08999999999999986,True,True
17,5,1748,Revman International,Missy Paragamian,ERB10737,Blankets And Throws,0.4583,0.4292,,1692.13,2358.27,14.94,0.29,-0.9806,-14.65,True,False
17,6,1987,JLA Home,Missy Paragamian,EDIV1310,Bedding Sets,0.5,0.2,0.5,703.99,945.86,14.93,0.0,-1.0,-14.93,False,False
17,7,23665,"Cozy Line Home Fashions, Inc.",Jaiden Lawlor,CLHF1049,Accent Pillows,0.4999,0.05,0.1,11323.6,23428.56,14.92,0.0,-1.0,-14.92,False,False
17,8,1748,Revman International,Missy Paragamian,MBVB1330,Bedding Sets,0.3144,0.2214,,12345.62,17150.44,14.91,0.0,-1.0,-14.91,False,False
17,9,12684,Bargain Online Shops LLC,Jaiden Lawlor,SSFL1709,Bedding Sets,0.2,0.1,,1864.4,3523.49,14.86,0.0,-1.0,-14.86,False,False
17,10,1748,Revman International,Missy Paragamian,QO10499,Bedding Sets,,0.22,,309.6,467.96,14.85,0.0,-1.0,-14.85,False,False
17,11,12684,Bargain Online Shops LLC,Jaiden Lawlor,SSFL1730,Bedding Sets,0.2,0.1,,480.0,933.69,14.82,0.0,-1.0,-14.82,False,False
17,12,7344,Victoria Classics,Supplier Service Desk,AAUB3405,Bedding Sets,0.28190000000000004,0.2218,0.2718,8917.7,15323.13,14.78,0.0,-1.0,-14.78,False,False
17,13,1748,Revman International,Missy Paragamian,KBFC1895,Bedding Sets,0.3144,0.22,,6414.73,7757.52,14.76,50.09,2.394,35.330000000000005,True,True
17,14,1748,Revman International,Missy Paragamian,SBD10026,Sheets & Pillowcases,0.2,0.12890000000000001,,880.72,1029.2,14.75,0.0,-1.0,-14.75,False,False
17,15,40013,Phantoscope,Jessica Gu,PHSC1100,Accent Pillows,0.5,0.14,0.16,1175.61,2998.33,14.74,54.27,2.6816000000000004,39.53,True,True
17,16,12684,Bargain Online Shops LLC,Jaiden Lawlor,SSFL1411,Bedding Sets,0.2,0.1,,624.0,1168.0,14.73,0.0,-1.0,-14.73,False,False
17,17,1748,Revman International,Missy Paragamian,TBB2006,Bedding Sets,0.3144,0.22,,8758.14,11355.17,14.72,98.18,5.6703,83.46000000000001,True,True
17,18,25843,"Bedshe International Co.,LTD",Rainbow Wu,BDUR1780,Bedding Sets,0.4061,0.2,0.23,1576.71,2175.07,14.71,0.0,-1.0,-14.71,False,False
17,19,2554,Pem America,Benjamin Hannigan,BDOK1161,Bedding Sets,0.25370000000000004,0.35,0.389,1853.47,3082.64,14.67,58.95,3.0173,44.28,True,True
17,20,32808,CAN_Cathay Home Inc.,Paige Beattie,DRVU1215,Bedding Sets,0.5,0.4,0.43,0.0,0.0,14.67,35.76,1.4371,21.089999999999996,True,True
17,21,1987,JLA Home,Missy Paragamian,MCRF4115,Bedding Sets,0.5,0.17,0.5,7828.63,10309.04,14.66,30.97,1.113,16.31,True,True
17,22,1748,Revman International,Missy Paragamian,MSTT6603,Bedding Sets,0.42450000000000004,0.27,,426.4,749.93,14.65,58.57,2.9983,43.92,True,True
17,23,112418,SAF IJAZ,Supplier Service Desk,ABEJ1107,Bedding Sets,,0.07,0.07,169.1,262.48,14.64,0.0,-1.0,-14.64,False,False
17,24,1987,JLA Home,Missy Paragamian,WLR1315,Bedding Sets,0.5,0.12,0.5,11315.47,16664.6,14.63,0.0,-1.0,-14.63,False,False
17,25,112418,SAF IJAZ,Supplier Service Desk,ABEJ1089,Bedding Sets,0.2,0.07,0.07,2247.25,4150.72,14.61,0.0,-1.0,-14.61,False,False
17,26,1748,Revman International,Missy Paragamian,MBVB1769,Bedding Sets,0.5,0.33340000000000003,,2911.02,4156.79,14.61,0.0,-1.0,-14.61,False,False
17,27,1987,JLA Home,Missy Paragamian,VVRO8450,Kids Bedding Sets,0.4439,0.15,0.5,3121.78,4958.71,14.6,0.0,-1.0,-14.6,False,False
17,28,25843,"Bedshe International Co.,LTD",Rainbow Wu,BDUR1931,Bedding Sets,0.5,0.2,0.23,1225.84,1070.53,14.59,0.0,-1.0,-14.59,False,False
17,29,16941,Sunham Home Fashions,Benjamin Hannigan,LCST1305,Bedding Sets,0.4606,0.13,0.18,1212.18,1983.67,14.58,0.0,-1.0,-14.58,False,False
17,30,2554,Pem America,Benjamin Hannigan,BDOK1126,Bedding Sets,0.25370000000000004,0.15,,439.2,789.1,14.55,0.0,-1.0,-14.55,False,False
17,31,112418,SAF IJAZ,Supplier Service Desk,ABEJ1112,Bedding Sets,,0.07,0.07,302.1,445.48,14.5,0.0,-1.0,-14.5,False,False
17,32,67551,"Suzhou lanqinglv Trading co,. ltd",lance Zhou,OELA1482,Bedding Sets,0.5,0.35,,1697.66,2948.15,14.41,27.6,0.9153,13.190000000000001,True,True
17,33,23665,"Cozy Line Home Fashions, Inc.",Jaiden Lawlor,CLHF1157,Bedding Sets,0.2897,0.05,0.1,511.29,844.07,14.39,0.0,-1.0,-14.39,False,False
17,34,72667,"Jiangsu Meideni Textile CO.,LTD",lance Zhou,ALDL1051,Bedding Sets,0.35450000000000004,0.13,0.21,1029.57,1242.82,14.39,0.0,-1.0,-14.39,False,False
17,35,2387,Cloud9 Design Inc.,Supplier Service Desk,DUKM2308,Accent Pillows,,0.1,,395.0,739.0,14.38,0.0,-1.0,-14.38,False,False
17,36,1748,Revman International,Missy Paragamian,QO10400,Bedding Sets,0.3196,0.22,,999.2,1509.79,14.37,0.0,-1.0,-14.37,False,False
17,37,1748,Revman International,Missy Paragamian,TBL11159,Bedding Sets,0.3343,0.22,,1559.93,2248.08,14.37,0.0,-1.0,-14.37,False,False
17,38,1748,Revman International,Missy Paragamian,KBFC2881,Bedding Sets,,0.22,,1597.45,2675.61,14.37,92.48,5.435599999999999,78.11,True,True
17,39,1748,Revman International,Missy Paragamian,KBFC2591,Bedding Sets,0.2562,0.22,,2311.75,3047.19,14.37,0.0,-1.0,-14.37,False,False
17,40,214227,"Caluha Company, LLC",Supplier Service Desk,UBAD1098,Accent Pillows,0.4201,0.1,,5302.33,9336.67,14.36,0.0,-1.0,-14.36,False,False
17,41,76195,Ulli Home,Jaiden Lawlor,ULIH4095,Accent Pillows,0.24739999999999998,0.06,0.11,1127.42,2315.36,14.36,0.0,-1.0,-14.36,False,False
17,42,43431,ocean home fashion inc,Asia Supplier Service Desk,MRCL1222,Bedding Sets,0.2,0.11,0.12,553.28,927.94,14.32,31.46,1.1965999999999999,17.14,True,True
17,43,1987,JLA Home,Missy Paragamian,WLGN3562,Bedding Sets,0.47159999999999996,0.12,0.33759999999999996,3888.98,6168.2,14.32,0.0,-1.0,-14.32,False,False
17,44,1748,Revman International,Missy Paragamian,VRWG2235,Blankets And Throws,0.2,0.0785,,1367.3,2475.72,14.28,59.18,3.1454000000000004,44.9,True,True
17,45,214227,"Caluha Company, LLC",Supplier Service Desk,UBAD1119,Accent Pillows,0.27940000000000004,0.1,,237.07,414.32,14.26,28.94,1.0290000000000001,14.680000000000001,True,True
17,46,13106,Plutus Partners LLC,Supplier Service Desk,PPTS4828,Accent Pillows,,0.22,0.25,213.13,337.83,14.23,0.0,-1.0,-14.23,False,False
17,47,63138,"Changshu Youthsky Import Export Co.,Ltd",Jessica Gu,SEPL1090,Bedding Sets,0.2,0.05,0.05,851.4,1154.42,14.21,0.0,-1.0,-14.21,False,False
17,48,76195,Ulli Home,Jaiden Lawlor,ULIH2814,Accent Pillows,0.2,0.04,0.09,251.75,460.21,14.21,0.0,-1.0,-14.21,False,False
17,49,348967,Nanyang Dingjiayue Shangmao Youxiansi,Jessica Gu,WAGS1050,Bedding Sets,,0.15,,145.0,192.37,14.21,0.0,-1.0,-14.21,False,False
17,50,1987,JLA Home,Missy Paragamian,TRNT5495,Bedding Sets,0.4414,0.15,0.4968,303.6,432.75,14.19,0.0,-1.0,-14.19,False,False
17,51,1748,Revman International,Missy Paragamian,MBVB1154,Bedding Sets,0.3144,0.2011,,2858.52,4067.0,14.19,78.94,4.5639,64.75,True,True
17,52,1987,JLA Home,Missy Paragamian,NCWA2497,Bedding Sets,0.5,0.12,0.5,2119.25,2928.07,14.18,0.0,-1.0,-14.18,False,False
17,53,2554,Pem America,Benjamin Hannigan,FEFA1027,Sheets & Pillowcases,0.39299999999999996,0.2,0.248,152.55,284.18,14.18,0.0,-1.0,-14.18,False,False
17,54,25843,"Bedshe International Co.,LTD",Rainbow Wu,BDUR2282,Bedding Sets,0.36119999999999997,0.15,0.16,1475.38,1866.64,14.15,0.0,-1.0,-14.15,False,False
17,55,13106,Plutus Partners LLC,Supplier Service Desk,PPTS4743,Accent Pillows,,0.22,0.25,335.84,490.28,14.14,1837.55,128.91729999999998,1823.4099999999999,True,True
17,56,1987,JLA Home,Missy Paragamian,NGIN1178,Bedding Sets,0.39299999999999996,0.15,0.3194,3127.65,5017.29,14.14,22.2,0.5705,8.059999999999999,True,True
17,57,80197,CENTRADE INC.,Jessica Gu,WWMA1233,Accent Pillows,0.5,0.17,0.22,1564.22,2703.06,14.12,136.67,8.6819,122.54999999999998,True,True
17,58,80197,CENTRADE INC.,Jessica Gu,WWMA1253,Accent Pillows,0.5,0.23,0.28,4333.63,6911.62,14.09,0.0,-1.0,-14.09,False,False
17,59,107502,QKXB INC,Asia Supplier Service Desk,JHAA1153,Accent Pillows,,0.36729999999999996,0.1,132.86,188.68,14.09,0.0,-1.0,-14.09,False,False
17,60,24282,"Nanshing America, Inc.",Jaiden Lawlor,MBSR1256,Bedding Sets,0.4127,0.12,0.13,1454.16,2080.74,14.02,0.0,-1.0,-14.02,False,False
17,61,1748,Revman International,Missy Paragamian,VRWG2251,Bedding Sets,,0.20929999999999999,,786.8,1212.87,14.0,0.0,-1.0,-14.0,False,False
17,62,76195,Ulli Home,Jaiden Lawlor,ULIH3002,Accent Pillows,0.2,0.04,0.09,1248.74,2357.69,14.0,72.96,4.2122,58.959999999999994,True,True
17,63,348967,Nanyang Dingjiayue Shangmao Youxiansi,Jessica Gu,WAGS1085,Bedding Sets,,0.15,,369.6,471.87,13.98,0.0,-1.0,-13.98,False,False
17,64,1748,Revman International,Missy Paragamian,KBFC2585,Bedding Sets,0.3144,0.22,,2032.22,3039.98,13.96,0.0,-1.0,-13.96,False,False
18,1,2554,Pem America,Benjamin Hannigan,SDCM1253,Bedding Sets,0.25370000000000004,0.15,0.201,66.03,128.56,13.87,0.0,-1.0,-13.87,False,False
18,2,1987,JLA Home,Missy Paragamian,VBDN1018,Kids Bedding Sets,0.4439,0.05,0.483,4151.21,5726.09,13.87,139.5,9.059099999999999,125.63,True,True
18,3,25843,"Bedshe International Co.,LTD",Rainbow Wu,BDUR1708,Bedding Sets,0.2,0.15,0.16,2498.14,3246.23,13.86,0.0,-1.0,-13.86,False,False
18,4,1452,Loloi Rugs,Alex Melius,IGNO1060,Accent Pillows,0.2789,0.0611,0.11109999999999999,237.6,463.02,13.84,0.0,-1.0,-13.84,False,False
18,5,1987,JLA Home,Missy Paragamian,WLR1263,Sheets & Pillowcases,0.47350000000000003,0.12,0.5,481.22,855.73,13.84,0.0,-1.0,-13.84,False,False
18,6,7344,Victoria Classics,Supplier Service Desk,TADN8576,Bedding Sets,0.5,0.19,0.24,1576.18,2916.32,13.81,229.15,15.5875,215.34,True,True
18,7,2554,Pem America,Benjamin Hannigan,FEFA1023,Blankets And Throws,0.256,0.15,0.201,48.53,103.96,13.81,0.0,-1.0,-13.81,False,False
18,8,25843,"Bedshe International Co.,LTD",Rainbow Wu,BDUR1936,Bedding Sets,0.4515,0.2,0.23,1338.81,1797.86,13.77,0.0,-1.0,-13.77,False,False
18,9,72667,"Jiangsu Meideni Textile CO.,LTD",lance Zhou,ALDL1045,Bedding Sets,0.2692,0.13,0.18,441.14,495.72,13.77,0.0,-1.0,-13.77,False,False
18,10,1748,Revman International,Missy Paragamian,KCN10149,Bedding Sets,0.3144,0.22,,1223.82,1684.29,13.75,0.0,-1.0,-13.75,False,False
18,11,1987,JLA Home,Missy Paragamian,NDHB1012,Kids Bedding Sets,0.4439,0.15,0.326,3521.33,5492.4,13.75,31.48,1.2888,17.73,True,True
18,12,1748,Revman International,Missy Paragamian,KCN10080,Blankets And Throws,0.3136,0.243,,1238.65,1986.82,13.74,24.2,0.7612000000000001,10.459999999999999,True,True
18,13,348967,Nanyang Dingjiayue Shangmao Youxiansi,Jessica Gu,WAGS1200,Bedding Sets,,0.15,,226.08,311.95,13.74,0.0,-1.0,-13.74,False,False
18,14,25843,"Bedshe International Co.,LTD",Rainbow Wu,BDUR1494,Bedding Sets,0.2892,0.2,0.23,751.36,787.95,13.72,43.24,2.1507,29.520000000000003,True,True
18,15,1987,JLA Home,Missy Paragamian,JLZL1276,Bedding Sets,0.5,0.12,0.2958,5055.14,6860.79,13.71,0.0,-1.0,-13.71,False,False
18,16,25843,"Bedshe International Co.,LTD",Rainbow Wu,BDUR3010,Blankets And Throws,0.5,0.2,0.21,3515.13,2259.13,13.7,0.0,-1.0,-13.7,False,False
18,17,13106,Plutus Partners LLC,Supplier Service Desk,PPTS7415,Accent Pillows,,0.22,0.23,152.1,242.62,13.69,0.0,-1.0,-13.69,False,False
18,18,22695,ELEGANCE LINEN,Benjamin Hannigan,EEGA1480,Bedding Sets,0.2735,0.25,0.3,353.79,569.77,13.68,0.0,-1.0,-13.68,False,False
18,19,2554,Pem America,Benjamin Hannigan,SDCM1067,Bedding Sets,0.221,0.2,0.248,675.5,1299.67,13.67,87.03,5.3685,73.36,True,True
18,20,1987,JLA Home,Missy Paragamian,TCKF1415,Sheets & Pillowcases,0.3325,0.15,0.3865,4581.57,5152.25,13.66,0.0,-1.0,-13.66,False,False
18,21,1748,Revman International,Missy Paragamian,KBFC2817,Bedding Sets,0.2643,0.22,,1146.0,1824.05,13.65,0.0,-1.0,-13.65,False,False
18,22,73596,Fresh Linen Collection Inc,Supplier Service Desk,CESH1025,Sheets & Pillowcases,0.2,0.02,0.021,921.55,1449.2,13.61,37.63,1.7651,24.020000000000003,True,True
18,23,72667,"Jiangsu Meideni Textile CO.,LTD",lance Zhou,ALDL1173,Bedding Sets,0.40990000000000004,0.18,0.23,2324.29,2818.96,13.57,0.0,-1.0,-13.57,False,False
18,24,348967,Nanyang Dingjiayue Shangmao Youxiansi,Jessica Gu,WAGS1166,Bedding Sets,0.2,0.15,0.2,459.0,630.23,13.57,0.0,-1.0,-13.57,False,False
18,25,23665,"Cozy Line Home Fashions, Inc.",Jaiden Lawlor,CLHF1296,Kids Bedding Sets,0.4999,0.05,0.1,2775.56,4802.18,13.53,23.51,0.7379000000000001,9.980000000000002,True,True
18,26,1748,Revman International,Missy Paragamian,MBVB1912,Bedding Sets,0.5,0.3453,,1285.64,1711.93,13.51,48.51,2.5912,35.0,True,True
18,27,1987,JLA Home,Missy Paragamian,JLZF1168,Bedding Sets,0.44909999999999994,0.15,0.4968,2477.64,3823.71,13.5,0.0,-1.0,-13.5,False,False
18,28,1452,Loloi Rugs,Alex Melius,ABEH1242,Accent Pillows,0.5,0.18989999999999999,0.23989999999999997,2014.71,3708.84,13.49,19.11,0.41619999999999996,5.619999999999999,True,True
18,29,12684,Bargain Online Shops LLC,Jaiden Lawlor,SSFL1414,Bedding Sets,0.2,0.1,,1391.2,2605.21,13.49,0.0,-1.0,-13.49,False,False
18,30,7344,Victoria Classics,Supplier Service Desk,ZPCD3895,Bedding Sets,0.37170000000000003,0.1313,0.1813,781.04,1412.48,13.47,16.58,0.2305,3.1099999999999977,True,True
18,31,14580,Amrapur Overseas Inc.,Jaiden Lawlor,MITN3053,Sheets & Pillowcases,0.33840000000000003,0.1,0.15,1090.6,2814.84,13.45,11.66,-0.1328,-1.7899999999999991,True,False
18,32,32808,CAN_Cathay Home Inc.,Paige Beattie,RBSD3317,Bedding Sets,0.5,0.25,0.28,2131.52,4081.5,13.43,0.0,-1.0,-13.43,False,False
18,33,1748,Revman International,Missy Paragamian,KBFC1800,Bedding Sets,0.33770000000000006,0.22,,3729.43,4418.23,13.41,0.0,-1.0,-13.41,False,False
18,34,1748,Revman International,Missy Paragamian,KBFC2772,Bedding Sets,0.3144,0.22,,2526.42,4047.49,13.41,0.0,-1.0,-13.41,False,False
18,35,107502,QKXB INC,Asia Supplier Service Desk,JHAA1002,Accent Pillows,0.5,0.29410000000000003,0.1,683.37,1433.03,13.37,12.22,-0.0862,-1.1499999999999986,True,False
18,36,1748,Revman International,Missy Paragamian,TBB1907,Bedding Sets,0.3144,0.2175,,4616.61,6742.28,13.37,81.46,5.0941,68.08999999999999,True,True
18,37,24696,Daniel Linen/Home Sweet Home Dreams Inc.,Supplier Service Desk,HSHD1357,Sheets & Pillowcases,0.2,0.02,0.021,326.31,656.7,13.32,23.76,0.7836,10.440000000000001,True,True
18,38,25843,"Bedshe International Co.,LTD",Rainbow Wu,BDUR2359,Bedding Sets,0.3274,0.04,0.07,2979.69,3818.03,13.31,42.4,2.1861,29.089999999999996,True,True
18,39,1748,Revman International,Missy Paragamian,KBFC2593,Bedding Sets,0.2,0.22,,2600.31,3452.32,13.29,64.22,3.8318,50.93,True,True
18,40,81366,Aholicdeals Inc,Supplier Service Desk,AOAI1371,Sheets & Pillowcases,0.5,0.05,0.11,299.04,622.31,13.28,18.75,0.4114,5.470000000000001,True,True
18,41,25843,"Bedshe International Co.,LTD",Rainbow Wu,BDUR2330,Bedding Sets,0.3274,0.04,0.07,2460.37,2997.47,13.28,102.85,6.7424,89.57,True,True
18,42,352358,"Shenzhen Eden Grove Decoration Co., LTD",Asia Supplier Service Desk,EENK1002,Accent Pillows,0.3876,0.12,0.15,308.75,582.73,13.28,0.0,-1.0,-13.28,False,False
18,43,25843,"Bedshe International Co.,LTD",Rainbow Wu,BDUR3390,Sheets & Pillowcases,,0.2,0.23,1168.71,1459.08,13.25,0.0,-1.0,-13.25,False,False
18,44,24282,"Nanshing America, Inc.",Jaiden Lawlor,NAAM1064,Bedding Sets,0.4362,0.12,0.13,774.23,1101.51,13.24,0.0,-1.0,-13.24,False,False
18,45,20128,"SLNY Home INC, DBA Spirit Linen",Supplier Service Desk,TCTZ1963,Sheets & Pillowcases,0.2825,0.15,0.15,1955.02,3916.43,13.24,0.0,-1.0,-13.24,False,False
18,46,1987,JLA Home,Missy Paragamian,BKWT2127,Bedding Sets,0.44909999999999994,0.12,0.2521,3582.75,4688.92,13.19,35.32,1.6774,22.130000000000003,True,True
18,47,348967,Nanyang Dingjiayue Shangmao Youxiansi,Jessica Gu,WAGS1103,Bedding Sets,,0.15,,426.5,466.55,13.13,0.0,-1.0,-13.13,False,False
18,48,348967,Nanyang Dingjiayue Shangmao Youxiansi,Jessica Gu,WAGS1211,Bedding Sets,,0.15,,221.76,304.95,13.13,0.0,-1.0,-13.13,False,False
18,49,1987,JLA Home,Missy Paragamian,JLZL1378,Bedding Sets,0.4414,0.12,0.4968,561.6,1073.97,13.13,0.0,-1.0,-13.13,False,False
18,50,23665,"Cozy Line Home Fashions, Inc.",Jaiden Lawlor,CLHF1118,Bedding Sets,0.4664,0.05,0.1,1768.55,2900.66,13.12,74.01,4.6419,60.89000000000001,True,True
18,51,1748,Revman International,Missy Paragamian,BCTS1342,Bedding Sets,0.2643,0.19579999999999997,,722.1,1211.83,13.07,0.0,-1.0,-13.07,False,False
18,52,1987,JLA Home,Missy Paragamian,NCWA1316,Bedding Sets,0.4414,0.15,0.3907,515.74,679.97,13.05,0.0,-1.0,-13.05,False,False
18,53,1987,JLA Home,Missy Paragamian,NCWA2884,Bedding Sets,0.46340000000000003,0.12,,649.6,1111.8,13.05,0.0,-1.0,-13.05,False,False
18,54,1748,Revman International,Missy Paragamian,ERB1775,Bedding Sets,0.3592,0.1739,,3780.36,4703.35,13.04,0.0,-1.0,-13.04,False,False
18,55,1748,Revman International,Missy Paragamian,QO10453,Bedding Sets,0.2643,0.22,,591.25,1098.3,13.04,0.0,-1.0,-13.04,False,False
18,56,27315,CAN_Beco Industries,Paige Beattie,HVNW1006,Bedding Sets,0.5,0.15,0.25,641.7,1159.5,12.99,0.0,-1.0,-12.99,False,False
18,57,1987,JLA Home,Missy Paragamian,ASGA2217,Bedding Sets,0.5,0.25,0.5,2892.67,3491.99,12.99,0.0,-1.0,-12.99,False,False
18,58,23665,"Cozy Line Home Fashions, Inc.",Jaiden Lawlor,AGTG5203,Bedding Sets,0.22190000000000001,0.05,0.1,7347.54,10685.93,12.98,83.49,5.430499999999999,70.50999999999999,True,True
18,59,23665,"Cozy Line Home Fashions, Inc.",Jaiden Lawlor,CLHF1062,Bedding Sets,0.27440000000000003,0.05,0.1,1585.03,2647.31,12.98,0.0,-1.0,-12.98,False,False
18,60,1748,Revman International,Missy Paragamian,WRG10038,Bedding Sets,0.3144,0.22,,2862.81,4606.63,12.93,0.0,-1.0,-12.93,False,False
18,61,67551,"Suzhou lanqinglv Trading co,. ltd",lance Zhou,OELA1537,Bedding Sets,0.5,0.35,,844.86,1581.17,12.88,62.3,3.8385000000000002,49.419999999999995,True,True
18,62,23665,"Cozy Line Home Fashions, Inc.",Jaiden Lawlor,CLHF1454,Bedding Sets,0.4968,0.05,0.1,3605.39,4924.56,12.86,0.0,-1.0,-12.86,False,False
18,63,348967,Nanyang Dingjiayue Shangmao Youxiansi,Jessica Gu,WAGS1049,Bedding Sets,0.2,0.15,0.2,544.0,739.0,12.85,8.66,-0.3258,-4.1899999999999995,True,False
18,64,1452,Loloi Rugs,Alex Melius,CBIS1262,Accent Pillows,0.5,0.11699999999999999,0.1671,774.07,1242.89,12.82,0.0,-1.0,-12.82,False,False
19,1,1748,Revman International,Missy Paragamian,KCN10062,Bedding Sets,0.3144,0.22,,4316.75,5565.78,12.78,89.59,6.011799999999999,76.81,True,True
19,2,22695,ELEGANCE LINEN,Benjamin Hannigan,ANDO8093,Sheets & Pillowcases,0.5,0.25,0.3,309.31,595.41,12.75,10.12,-0.2065,-2.630000000000001,True,False
19,3,67551,"Suzhou lanqinglv Trading co,. ltd",lance Zhou,OELA1538,Bedding Sets,0.5,0.32,,873.78,1529.74,12.75,0.0,-1.0,-12.75,False,False
19,4,1748,Revman International,Missy Paragamian,KBFC2697,Kids Bedding Sets,0.27949999999999997,0.22,,1661.82,2938.19,12.74,0.0,-1.0,-12.74,False,False
19,5,25843,"Bedshe International Co.,LTD",Rainbow Wu,BDUR2581,Bedding Sets,0.5,0.36,0.39,385.2,496.2,12.73,38.07,1.9906,25.34,True,True
19,6,291074,Xing Hua Shi Nuo Te Fan Kua Jin,gJ Desiasnic aS hGaung You Xian,JSST1039,Bedding Sets,0.39770000000000005,0.2,,556.33,943.9,12.7,0.0,-1.0,-12.7,False,False
19,7,348967,Nanyang Dingjiayue Shangmao Youxiansi,Jessica Gu,WAGS1162,Bedding Sets,0.2,0.15,0.2,128.18,228.95,12.66,0.0,-1.0,-12.66,False,False
19,8,348967,Nanyang Dingjiayue Shangmao Youxiansi,Jessica Gu,WAGS1179,Bedding Sets,,0.15,,164.9,230.95,12.66,27.74,1.1915,15.079999999999998,True,True
19,9,25843,"Bedshe International Co.,LTD",Rainbow Wu,BDUR2343,Bedding Sets,0.2469,0.04,0.07,5177.39,5724.41,12.65,0.0,-1.0,-12.65,False,False
19,10,25843,"Bedshe International Co.,LTD",Rainbow Wu,BDUR3309,Bedding Sets,,0.18,0.21,1602.01,2238.78,12.65,31.16,1.4634,18.509999999999998,True,True
19,11,1748,Revman International,Missy Paragamian,KBFC2109,Bedding Sets,0.3144,0.22,,8880.54,10661.93,12.65,50.86,3.0218000000000003,38.21,True,True
19,12,24282,"Nanshing America, Inc.",Jaiden Lawlor,MBSR1293,Bedding Sets,0.5,0.12,0.13,1174.13,1723.1,12.64,0.0,-1.0,-12.64,False,False
19,13,55893,WonderfulCo,lance Zhou,WNTX1111,Bedding Sets,0.2353,0.1,,991.56,1304.27,12.63,0.0,-1.0,-12.63,False,False
19,14,1987,JLA Home,Missy Paragamian,LOPK4505,Bedding Sets,0.5,0.17,0.5,3122.28,4612.23,12.61,0.0,-1.0,-12.61,False,False
19,15,1987,JLA Home,Missy Paragamian,TRPT6313,Bedding Sets,0.44909999999999994,0.15,0.4951,3947.86,6027.08,12.6,56.14,3.4551999999999996,43.54,True,True
19,16,24282,"Nanshing America, Inc.",Jaiden Lawlor,MBSR1478,Bedding Sets,0.2898,0.12,0.13,810.96,1263.34,12.59,0.0,-1.0,-12.59,False,False
19,17,1452,Loloi Rugs,Alex Melius,ABEH1241,Accent Pillows,0.5,0.19,0.24,301.33,484.26,12.58,0.0,-1.0,-12.58,False,False
19,18,1987,JLA Home,Missy Paragamian,WLR1161,Bedding Sets,0.39299999999999996,0.12,0.441,2663.87,4143.92,12.56,0.0,-1.0,-12.56,False,False
19,19,25843,"Bedshe International Co.,LTD",Rainbow Wu,BDUR1176,Bedding Sets,0.5,0.2,0.21,2690.44,4267.16,12.56,7.9,-0.3712,-4.66,True,False
19,20,16941,Sunham Home Fashions,Benjamin Hannigan,LCST1292,Sheets & Pillowcases,0.2787,0.08,0.13,840.15,1533.76,12.56,0.0,-1.0,-12.56,False,False
19,21,23665,"Cozy Line Home Fashions, Inc.",Jaiden Lawlor,CLHF1226,Kids Bedding Sets,0.2541,0.05,0.1,1948.05,3341.79,12.55,0.0,-1.0,-12.55,False,False
19,22,1452,Loloi Rugs,Alex Melius,ARXL1025,Accent Pillows,0.486,0.0259,,1530.07,2021.82,12.5,0.0,-1.0,-12.5,False,False
19,23,2554,Pem America,Benjamin Hannigan,SBBC1251,Bedding Sets,0.2,0.25,0.295,651.0,1054.09,12.49,0.0,-1.0,-12.49,False,False
19,24,1748,Revman International,Missy Paragamian,KBFC2743,Bedding Sets,0.3084,0.22,,3193.48,5225.89,12.45,0.0,-1.0,-12.45,False,False
19,25,1748,Revman International,Missy Paragamian,KBFC2107,Bedding Sets,0.2,0.27,,2684.74,3611.54,12.45,0.0,-1.0,-12.45,False,False
19,26,1987,JLA Home,Missy Paragamian,VVRE3611,Kids Bedding Sets,0.5,0.12,0.5,3698.88,5987.38,12.45,0.0,-1.0,-12.45,False,False
19,27,67551,"Suzhou lanqinglv Trading co,. ltd",lance Zhou,OELA1002,Bedding Sets,0.5,0.32,,1433.12,2570.42,12.41,19.8,0.596,7.390000000000001,True,True
19,28,41493,HUI Resource,Supplier Service Desk,PBHM3409,Accent Pillows,0.5,0.3,0.4,542.0,1009.24,12.4,0.0,-1.0,-12.4,False,False
19,29,1748,Revman International,Missy Paragamian,MBVB1683,Blankets And Throws,0.382,0.22,,2121.87,3346.88,12.34,19.27,0.5611,6.93,True,True
19,30,228805,IMPERIAL HOMEWARE LONDO,NS LuIpMpIlTieEr DService Desk,IPCR1002,Blankets And Throws,0.4175,0.1,,1843.8,5224.27,12.27,7.68,-0.374,-4.59,True,False
19,31,1748,Revman International,Missy Paragamian,ERB10873,Bedding Sets,0.49920000000000003,0.3503,,4087.79,4918.88,12.26,0.0,-1.0,-12.26,False,False
19,32,1987,JLA Home,Missy Paragamian,LARK7699,Bedding Sets,0.5,0.2,0.5,2834.27,3160.41,12.23,0.0,-1.0,-12.23,False,False
19,33,22695,ELEGANCE LINEN,Benjamin Hannigan,EBDG2268,Bedding Sets,0.5,0.25,0.3,1129.8,2336.03,12.22,10.08,-0.1751,-2.1400000000000006,True,False
19,34,231356,"SHENZHENMENGMI TEXTILE CO.,LTD",lance Zhou,SEDZ1267,Sheets & Pillowcases,0.32770000000000005,0.15,,844.87,1430.77,12.19,420.23,33.4677,408.04,True,True
19,35,23665,"Cozy Line Home Fashions, Inc.",Jaiden Lawlor,CLHF1313,Bedding Sets,0.4999,0.05,0.1,823.03,1177.7,12.19,0.0,-1.0,-12.19,False,False
19,36,1748,Revman International,Missy Paragamian,MBVB1784,Bedding Sets,0.5,0.27,,990.42,1416.34,12.19,0.0,-1.0,-12.19,False,False
19,37,1748,Revman International,Missy Paragamian,TBL11093,Bedding Sets,0.3144,0.17300000000000001,,2636.56,3204.9,12.18,0.0,-1.0,-12.18,False,False
19,38,12684,Bargain Online Shops LLC,Jaiden Lawlor,SSFL1727,Bedding Sets,0.2,0.1,,1598.4,3143.17,12.16,0.0,-1.0,-12.16,False,False
19,39,23665,"Cozy Line Home Fashions, Inc.",Jaiden Lawlor,CLHF1003,Kids Bedding Sets,0.4999,0.05,0.1,3116.39,6245.3,12.12,28.94,1.3869999999999998,16.82,True,True
19,40,1748,Revman International,Missy Paragamian,KCN10140,Sheets & Pillowcases,0.49670000000000003,0.22,,1744.12,2816.74,12.09,0.0,-1.0,-12.09,False,False
19,41,2554,Pem America,Benjamin Hannigan,CANN1177,Sheets & Pillowcases,0.3032,0.15,0.201,527.55,787.38,12.03,64.15,4.3334,52.120000000000005,True,True
19,42,23665,"Cozy Line Home Fashions, Inc.",Jaiden Lawlor,CLHF1362,Bedding Sets,0.4999,0.05,0.1,1530.56,2328.76,12.03,0.0,-1.0,-12.03,False,False
19,43,1748,Revman International,Missy Paragamian,KBFC2538,Sheets & Pillowcases,0.2,0.0724,,2459.88,3727.74,12.01,39.52,2.2898,27.510000000000005,True,True
19,44,1748,Revman International,Missy Paragamian,OCHI1047,Bedding Sets,0.2,0.0695,,1375.26,2042.8,11.98,0.0,-1.0,-11.98,False,False
19,45,25843,"Bedshe International Co.,LTD",Rainbow Wu,BDUR2927,Bedding Sets,0.3856,0.2,0.23,905.54,1611.35,11.97,57.7,3.822,45.730000000000004,True,True
19,46,1987,JLA Home,Missy Paragamian,NGIN1258,Bedding Sets,0.46340000000000003,0.15,0.35850000000000004,286.33,576.3,11.94,0.0,-1.0,-11.94,False,False
19,47,1748,Revman International,Missy Paragamian,TMBH1243,Bedding Accessories,,0.22,,758.65,1867.01,11.91,0.0,-1.0,-11.91,False,False
19,48,30347,Lifestyle Group Distribution Inc,Waverly Winterer,MECY3122,Accent Pillows,0.5,0.2,0.24,1669.17,2738.5,11.91,136.26,10.4389,124.35,True,True
19,49,1748,Revman International,Missy Paragamian,MBVB1850,Bedding Sets,0.49079999999999996,0.27,,942.05,1451.53,11.9,0.0,-1.0,-11.9,False,False
19,50,1987,JLA Home,Missy Paragamian,JLZL1380,Bedding Sets,0.331,0.12,0.3851,677.25,1305.25,11.89,0.0,-1.0,-11.89,False,False
19,51,358408,Xinyun Keji (Shanghai) Trading C,"oJ.,e Lstsdic.a Gu",FNYU1008,Bedding Sets,0.5,0.4,0.5,1698.3,2306.9,11.88,0.0,-1.0,-11.88,False,False
19,52,20128,"SLNY Home INC, DBA Spirit Linen",Supplier Service Desk,TCTZ1687,Sheets & Pillowcases,0.2,0.15,0.15,1347.21,2594.77,11.86,0.0,-1.0,-11.86,False,False
19,53,76195,Ulli Home,Jaiden Lawlor,ULIH4093,Accent Pillows,0.24739999999999998,0.06,0.11,620.76,1396.85,11.8,0.0,-1.0,-11.8,False,False
19,54,1987,JLA Home,Missy Paragamian,WLAO3751,Bedding Sets,0.5,0.12,0.5,1822.22,2572.14,11.78,0.0,-1.0,-11.78,False,False
19,55,23665,"Cozy Line Home Fashions, Inc.",Jaiden Lawlor,HRBE2352,Kids Bedding Sets,0.4999,0.05,0.1,2997.88,5293.57,11.76,0.0,-1.0,-11.76,False,False
19,56,72667,"Jiangsu Meideni Textile CO.,LTD",lance Zhou,ALDL1102,Bedding Sets,0.311,0.15,0.2,2425.78,2854.76,11.76,0.0,-1.0,-11.76,False,False
19,57,80197,CENTRADE INC.,Jessica Gu,WWMA1063,Accent Pillows,0.33590000000000003,0.17,0.22,3793.66,6340.54,11.75,0.0,-1.0,-11.75,False,False
19,58,7344,Victoria Classics,Supplier Service Desk,CHMB1065,Bedding Sets,0.298,0.132,0.182,998.76,1673.19,11.74,17.12,0.45770000000000005,5.380000000000001,True,True
19,59,1748,Revman International,Missy Paragamian,MBVB1954,Sheets & Pillowcases,,0.22,,427.61,689.5,11.74,112.29,8.5664,100.55000000000001,True,True
19,60,5148,CGG Home Fashions,Supplier Service Desk,BPQ10255,Bedding Sets,0.5,0.15,,827.97,1217.96,11.74,0.0,-1.0,-11.74,False,False
19,61,214227,"Caluha Company, LLC",Supplier Service Desk,UBAD1016,Accent Pillows,0.43229999999999996,0.1,,1831.16,3371.41,11.71,29.27,1.5,17.56,True,True
19,62,1987,JLA Home,Missy Paragamian,XBYB1027,Bedding Sets,0.44909999999999994,0.12,0.4968,2450.88,3266.21,11.68,0.0,-1.0,-11.68,False,False
19,63,76195,Ulli Home,Jaiden Lawlor,ULIH3080,Accent Pillows,0.24739999999999998,0.06,0.11,723.38,1504.72,11.65,92.28,6.919700000000001,80.63,True,True
19,64,23665,"Cozy Line Home Fashions, Inc.",Jaiden Lawlor,CLHF1293,Kids Bedding Sets,0.4999,0.05,0.1,2697.82,3849.17,11.64,0.0,-1.0,-11.64,False,False
20,1,1748,Revman International,Missy Paragamian,BCTS1279,Sheets & Pillowcases,0.5,0.22,,959.79,1629.52,11.63,30.43,1.6166999999999998,18.799999999999997,True,True
20,2,23665,"Cozy Line Home Fashions, Inc.",Jaiden Lawlor,CLHF1340,Bedding Sets,0.4999,0.05,0.1,2661.07,4091.45,11.61,0.0,-1.0,-11.61,False,False
20,3,1987,JLA Home,Missy Paragamian,NDHA1034,Bedding Sets,0.47159999999999996,0.17,0.30010000000000003,2664.52,3935.96,11.61,0.0,-1.0,-11.61,False,False
20,4,44480,"Whole Linens, Inc.",Supplier Service Desk,MDWP1302,Bedding Sets,0.3425,0.2675,0.3875,675.2,1038.48,11.59,0.0,-1.0,-11.59,False,False
20,5,12684,Bargain Online Shops LLC,Jaiden Lawlor,SSFL1722,Bedding Sets,0.2,0.1,,1579.5,2797.82,11.59,27.36,1.3607,15.77,True,True
20,6,1987,JLA Home,Missy Paragamian,HSHM1795,Bedding Sets,0.5,0.15,0.5,1423.36,2053.5,11.58,53.42,3.6138,41.84,True,True
20,7,22695,ELEGANCE LINEN,Benjamin Hannigan,EEGA1492,Sheets & Pillowcases,0.5,0.25,0.3,278.94,591.29,11.51,7.96,-0.3085,-3.55,True,False
20,8,25843,"Bedshe International Co.,LTD",Rainbow Wu,BDUR2875,Sheets & Pillowcases,0.2,0.2,0.23,769.32,1188.29,11.51,0.0,-1.0,-11.51,False,False
20,9,1748,Revman International,Missy Paragamian,MBVB1783,Bedding Sets,0.5,0.2615,,1262.59,1755.65,11.5,0.0,-1.0,-11.5,False,False
20,10,1748,Revman International,Missy Paragamian,KCN10053,Accent Pillows,0.5,0.3062,,2806.58,5998.17,11.5,20.57,0.7893000000000001,9.07,True,True
20,11,1748,Revman International,Missy Paragamian,ERB1687,Bedding Sets,0.2,0.1725,,1719.84,1944.56,11.48,0.0,-1.0,-11.48,False,False
20,12,76195,Ulli Home,Jaiden Lawlor,ULIH4092,Accent Pillows,0.24600000000000002,0.06,0.11,603.25,1223.94,11.47,45.12,2.9351,33.65,True,True
20,13,2554,Pem America,Benjamin Hannigan,BDOK1143,Bedding Sets,0.337,0.25,0.295,2283.96,5035.35,11.47,92.74,7.0883,81.27,True,True
20,14,12684,Bargain Online Shops LLC,Jaiden Lawlor,CHRH6231,Bedding Sets,0.2,0.1,,7131.2,12714.64,11.46,0.0,-1.0,-11.46,False,False
20,15,76195,Ulli Home,Jaiden Lawlor,ULIH2833,Accent Pillows,0.2,0.04,0.09,1359.54,2469.13,11.46,0.0,-1.0,-11.46,False,False
20,16,32808,CAN_Cathay Home Inc.,Paige Beattie,WLRS1055,Sheets & Pillowcases,0.5,0.25,0.28,109.6,354.77,11.37,28.5,1.5071,17.130000000000003,True,True
20,17,1748,Revman International,Missy Paragamian,MBVB1861,Bedding Sets,0.46409999999999996,0.2606,,1219.27,1739.74,11.35,0.0,-1.0,-11.35,False,False
20,18,1987,JLA Home,Missy Paragamian,NCWA1671,Bedding Sets,0.44909999999999994,0.12,0.4968,7264.02,9836.62,11.29,48.12,3.2637,36.83,True,True
20,19,63138,"Changshu Youthsky Import Export Co.,Ltd",Jessica Gu,SEPL1081,Bedding Sets,0.2,0.05,0.05,1505.25,1845.93,11.29,0.0,-1.0,-11.29,False,False
20,20,214227,"Caluha Company, LLC",Supplier Service Desk,UBAD1011,Accent Pillows,0.3625,0.1,,831.65,1621.73,11.27,0.0,-1.0,-11.27,False,False
20,21,24282,"Nanshing America, Inc.",Jaiden Lawlor,NAAM1062,Bedding Sets,0.2,0.12,0.13,1029.34,1721.95,11.27,0.0,-1.0,-11.27,False,False
20,22,1987,JLA Home,Missy Paragamian,NCWA2810,Bedding Sets,0.5,0.25,0.5,1261.2,1842.79,11.17,44.7,3.0004000000000004,33.53,True,True
20,23,1987,JLA Home,Missy Paragamian,BADI1254,Bedding Sets,0.44909999999999994,0.17,0.4968,1418.93,1998.47,11.14,30.08,1.6994999999999998,18.939999999999998,True,True
20,24,1748,Revman International,Missy Paragamian,TBB1901,Accent Pillows,0.2,0.22,,4349.1,6882.64,11.14,34.68,2.1125,23.54,True,True
20,25,17102,Trade-Linker,Jaiden Lawlor,LBHX5298,Sheets & Pillowcases,0.2373,0.15,,1316.55,2040.17,11.14,0.0,-1.0,-11.14,False,False
20,26,41493,HUI Resource,Supplier Service Desk,PBHM3344,Accent Pillows,0.5,0.35,0.45,2688.01,4414.07,11.11,156.94,13.1222,145.82999999999998,True,True
20,27,1748,Revman International,Missy Paragamian,ERB10977,Bedding Sets,0.3084,0.22690000000000002,,626.0,1044.67,11.11,0.0,-1.0,-11.11,False,False
20,28,1987,JLA Home,Missy Paragamian,SLPH1141,Blankets And Throws,0.5,0.12,0.3054,2013.44,2852.15,11.09,0.0,-1.0,-11.09,False,False
20,29,2554,Pem America,Benjamin Hannigan,JYO10006,Kids Bedding Sets,0.2,0.08,,1680.63,2926.05,11.08,40.32,2.6381,29.240000000000002,True,True
20,30,1748,Revman International,Missy Paragamian,KBFC2587,Sheets & Pillowcases,0.2,0.1186,,466.21,640.85,11.06,0.0,-1.0,-11.06,False,False
20,31,16941,Sunham Home Fashions,Benjamin Hannigan,LCST1132,Sheets & Pillowcases,0.2,0.08,0.13,2273.76,3882.14,11.04,117.31,9.6249,106.27000000000001,True,True
20,32,1748,Revman International,Missy Paragamian,TBL11155,Bedding Sets,0.3144,0.27,,4297.69,5071.31,11.02,0.0,-1.0,-11.02,False,False
20,33,1748,Revman International,Missy Paragamian,KBFC2031,Bedding Sets,0.46159999999999995,0.431,,2365.3,3130.04,11.02,50.05,3.5433,39.03,True,True
20,34,1748,Revman International,Missy Paragamian,VRWG2231,Bedding Sets,0.2695,0.27,,2255.26,2869.79,11.02,0.0,-1.0,-11.02,False,False
20,35,1748,Revman International,Missy Paragamian,TBL10961,Bedding Sets,0.3686,0.39399999999999996,,824.96,1201.1,11.02,0.0,-1.0,-11.02,False,False
20,36,231496,"TEEMODERN, LLC dba Ethan Taylor",Alex Sarkisian,EHAJ9687,Accent Pillows,,0.25,,117.0,183.57,11.0,0.0,-1.0,-11.0,False,False
20,37,72667,"Jiangsu Meideni Textile CO.,LTD",lance Zhou,ALDL1159,Sheets & Pillowcases,0.3846,0.3,,411.65,502.83,10.98,0.0,-1.0,-10.98,False,False
20,38,30347,Lifestyle Group Distribution Inc,Waverly Winterer,NTRL2707,Accent Pillows,0.5,0.2,0.24,2334.35,3989.1,10.97,0.0,-1.0,-10.97,False,False
20,39,44480,"Whole Linens, Inc.",Supplier Service Desk,MDWP1346,Bedding Sets,0.41590000000000005,0.15,0.2,6052.18,7964.97,10.95,0.0,-1.0,-10.95,False,False
20,40,76195,Ulli Home,Jaiden Lawlor,ULIH2994,Accent Pillows,0.2,0.04,0.09,589.33,1572.23,10.94,0.0,-1.0,-10.94,False,False
20,41,1987,JLA Home,Missy Paragamian,HUH1808,Bedding Sets,0.39299999999999996,0.15,0.317,4908.86,6772.86,10.88,66.98,5.1591,56.1,True,True
20,42,76195,Ulli Home,Jaiden Lawlor,ULIH3004,Accent Pillows,0.2,0.04,0.09,596.4,1103.84,10.85,0.0,-1.0,-10.85,False,False
20,43,12684,Bargain Online Shops LLC,Jaiden Lawlor,SSFL1640,Bedding Sets,0.4496,0.1,,667.2,1276.26,10.84,0.0,-1.0,-10.84,False,False
20,44,14580,Amrapur Overseas Inc.,Jaiden Lawlor,LURR1334,Blankets And Throws,0.2945,0.1,0.15,1466.38,2576.09,10.82,0.0,-1.0,-10.82,False,False
20,45,1748,Revman International,Missy Paragamian,TBL10402,Bedding Sets,0.3809,0.22,,4003.71,6169.41,10.82,97.9,8.0514,87.08000000000001,True,True
20,46,43431,ocean home fashion inc,Asia Supplier Service Desk,MRCL1136,Bedding Sets,0.2616,0.11,0.12,242.08,443.97,10.76,0.0,-1.0,-10.76,False,False
20,47,1748,Revman International,Missy Paragamian,KBFC2763,Bedding Sets,0.5,0.22,,5576.67,7727.48,10.72,0.0,-1.0,-10.72,False,False
20,48,1748,Revman International,Missy Paragamian,XRT10030,Bedding Sets,0.2,0.08380000000000001,,1963.51,2520.77,10.67,0.0,-1.0,-10.67,False,False
20,49,348967,Nanyang Dingjiayue Shangmao Youxiansi,Jessica Gu,WAGS1202,Bedding Sets,0.2,0.15,0.2,436.0,598.91,10.66,0.0,-1.0,-10.66,False,False
20,50,1748,Revman International,Missy Paragamian,NHB1210,Bedding Sets,0.3144,0.22,,1731.3,2642.54,10.59,0.0,-1.0,-10.59,False,False
20,51,44480,"Whole Linens, Inc.",Supplier Service Desk,MDWP1221,Bedding Sets,0.5,0.2,0.3,1034.28,1413.52,10.59,0.0,-1.0,-10.59,False,False
20,52,1748,Revman International,Missy Paragamian,SBD1389,Bedding Sets,0.5,0.2728,,2736.05,3746.28,10.55,0.0,-1.0,-10.55,False,False
20,53,72878,WW Sheets,Jaiden Lawlor,WSHE1159,Sheets & Pillowcases,0.4625,0.05,0.06,297.9,1167.35,10.54,9.12,-0.13470000000000001,-1.42,True,False
20,54,1748,Revman International,Missy Paragamian,KBFC2210,Sheets & Pillowcases,0.43689999999999996,0.22,,470.36,915.66,10.52,27.47,1.6115000000000002,16.95,True,True
20,55,1987,JLA Home,Missy Paragamian,JLZL1348,Bedding Sets,0.47159999999999996,0.12,0.3471,2986.21,4594.94,10.52,39.14,2.7223,28.62,True,True
20,56,231496,"TEEMODERN, LLC dba Ethan Taylor",Alex Sarkisian,EHAH2648,Accent Pillows,,0.23,,239.85,364.95,10.51,0.0,-1.0,-10.51,False,False
20,57,2554,Pem America,Benjamin Hannigan,KBPN1096,Bedding Sets,0.2,0.2,,193.33,245.64,10.51,40.54,2.8587000000000002,30.03,True,True
20,58,1748,Revman International,Missy Paragamian,LRFY4333,Bedding Sets,0.2546,0.0836,,3896.87,5698.31,10.49,0.0,-1.0,-10.49,False,False
20,59,25843,"Bedshe International Co.,LTD",Rainbow Wu,BDUR1175,Bedding Sets,0.23440000000000003,0.2,0.21,1732.91,2486.15,10.48,0.0,-1.0,-10.48,False,False
20,60,214227,"Caluha Company, LLC",Supplier Service Desk,UBAD1052,Accent Pillows,0.4201,0.1,,2895.85,5902.49,10.47,0.0,-1.0,-10.47,False,False
20,61,63138,"Changshu Youthsky Import Export Co.,Ltd",Jessica Gu,SEPL1070,Bedding Sets,0.2,0.05,0.05,1173.75,1448.01,10.45,0.0,-1.0,-10.45,False,False
20,62,107502,QKXB INC,Asia Supplier Service Desk,JHAA1009,Accent Pillows,0.5,0.2708,0.1,690.4,1210.81,10.43,0.0,-1.0,-10.43,False,False
20,63,43431,ocean home fashion inc,Asia Supplier Service Desk,MRCL1209,Bedding Sets,0.2,0.11,0.12,1442.56,2228.91,10.42,0.0,-1.0,-10.42,False,False
20,64,32808,CAN_Cathay Home Inc.,Paige Beattie,EDIV1238,Bedding Sets,0.5,0.4,0.43,2463.78,3959.92,10.41,0.0,-1.0,-10.41,False,False
21,1,1987,JLA Home,Missy Paragamian,QMP1071,Bedding Sets,0.5,0.17,0.5,2872.63,3736.52,10.41,0.0,-1.0,-10.41,False,False
21,2,72878,WW Sheets,Jaiden Lawlor,WSHE1146,Sheets & Pillowcases,0.2369,0.15,0.16,228.42,495.17,10.37,0.0,-1.0,-10.37,False,False
21,3,25843,"Bedshe International Co.,LTD",Rainbow Wu,BEQS1001,Bedding Sets,0.5,0.2,0.23,334.48,385.78,10.37,0.0,-1.0,-10.37,False,False
21,4,1987,JLA Home,Missy Paragamian,HUH1246,Bedding Sets,0.5,0.2,0.4163,6798.92,9407.4,10.36,213.47,19.6052,203.11,True,True
21,5,41493,HUI Resource,Supplier Service Desk,PBHM2069,Accent Pillows,0.5,0.3,0.4,1022.14,2100.34,10.3,0.0,-1.0,-10.3,False,False
21,6,2554,Pem America,Benjamin Hannigan,SDCM1342,Sheets & Pillowcases,0.2582,0.2,0.248,1058.65,2280.65,10.3,19.84,0.9264,9.54,True,True
21,7,1987,JLA Home,Missy Paragamian,HUH10117,Bedding Sets,0.4965,0.15,0.3032,1847.53,2761.82,10.3,165.41,15.0611,155.10999999999999,True,True
21,8,1987,JLA Home,Missy Paragamian,XBYB1042,Bedding Sets,0.39299999999999996,0.12,0.4461,1450.9,2186.25,10.28,121.04,10.7732,110.76,True,True
21,9,23665,"Cozy Line Home Fashions, Inc.",Jaiden Lawlor,CLHF1209,Bedding Sets,0.2202,0.05,0.1,1820.23,2794.73,10.27,0.0,-1.0,-10.27,False,False
21,10,25843,"Bedshe International Co.,LTD",Rainbow Wu,BDUR3483,Sheets & Pillowcases,,0.2,0.23,217.35,288.95,10.26,0.0,-1.0,-10.26,False,False
21,11,214227,"Caluha Company, LLC",Supplier Service Desk,UBAD1000,Accent Pillows,0.364,0.1,,1200.8,2254.44,10.26,0.0,-1.0,-10.26,False,False
21,12,1748,Revman International,Missy Paragamian,KBFC1911,Accent Pillows,0.3161,0.22,,6956.5,10670.3,10.25,26.98,1.6325,16.73,True,True
21,13,72667,"Jiangsu Meideni Textile CO.,LTD",lance Zhou,ALDL1183,Bedding Sets,0.4775,0.2,0.25,1536.46,2054.98,10.25,60.41,4.896,50.16,True,True
21,14,1987,JLA Home,Missy Paragamian,NCWA1506,Bedding Sets,0.5,0.12,0.2999,1363.72,1751.42,10.24,0.0,-1.0,-10.24,False,False
21,15,25843,"Bedshe International Co.,LTD",Rainbow Wu,BDUR1248,Bedding Sets,0.5,0.1,0.15,1359.82,1629.99,10.22,109.51,9.7121,99.29,True,True
21,16,24282,"Nanshing America, Inc.",Jaiden Lawlor,MBSR1468,Bedding Sets,0.2,0.12,0.13,459.0,623.16,10.22,0.0,-1.0,-10.22,False,False
21,17,1748,Revman International,Missy Paragamian,TBL11143,Bed Skirts,0.4341,0.38770000000000004,,2064.47,3410.15,10.21,0.0,-1.0,-10.21,False,False
21,18,1987,JLA Home,Missy Paragamian,NDHB1047,Kids Bedding Sets,0.49939999999999996,0.15,0.5,3309.16,5334.25,10.19,27.37,1.6865999999999999,17.18,True,True
21,19,1987,JLA Home,Missy Paragamian,NCWA2866,Bedding Sets,0.3862,0.12,0.441,1067.8,1815.41,10.19,0.0,-1.0,-10.19,False,False
21,20,76195,Ulli Home,Jaiden Lawlor,ULIH2809,Accent Pillows,0.2,0.04,0.09,386.34,749.89,10.12,0.0,-1.0,-10.12,False,False
21,21,1748,Revman International,Missy Paragamian,BCHH6443,Bedding Sets,0.2,0.16449999999999998,,4756.77,6282.16,10.12,0.0,-1.0,-10.12,False,False
21,22,1748,Revman International,Missy Paragamian,MSTT6532,Bedding Sets,0.5,0.22,,2314.31,3584.53,10.12,0.0,-1.0,-10.12,False,False
21,23,23665,"Cozy Line Home Fashions, Inc.",Jaiden Lawlor,CLHF1066,Bedding Sets,0.2,0.05,0.1,781.31,1206.2,10.11,0.0,-1.0,-10.11,False,False
21,24,20128,"SLNY Home INC, DBA Spirit Linen",Supplier Service Desk,SPLI1036,Sheets & Pillowcases,0.4154,0.15,0.15,1719.89,3392.03,10.09,14.32,0.4191,4.23,True,True
21,25,1748,Revman International,Missy Paragamian,QO10484,Bedding Sets,,0.27,,3322.68,5226.49,10.06,317.34,30.5479,307.28,True,True
21,26,1748,Revman International,Missy Paragamian,XRT10108,Bedding Sets,0.3144,0.20120000000000002,,650.56,921.25,10.05,0.0,-1.0,-10.05,False,False
21,27,1987,JLA Home,Missy Paragamian,EBDG5396,Bedding Sets,0.5,0.2,0.5,2444.37,3770.69,10.0,0.0,-1.0,-10.0,False,False
21,28,23665,"Cozy Line Home Fashions, Inc.",Jaiden Lawlor,CLHF1021,Bedding Sets,0.4999,0.05,0.1,4037.52,6059.17,9.98,0.0,-1.0,-9.98,False,False
21,29,25843,"Bedshe International Co.,LTD",Rainbow Wu,BDUR1599,Blankets And Throws,0.5,0.15,0.17,2933.1,4454.12,9.98,0.0,-1.0,-9.98,False,False
21,30,72878,WW Sheets,Jaiden Lawlor,TNWC1065,Blankets And Throws,0.2,0.1,0.11,1513.05,2568.36,9.96,0.0,-1.0,-9.96,False,False
21,31,2554,Pem America,Benjamin Hannigan,EDIV1290,Bedding Sets,0.25920000000000004,0.15,,2019.91,3099.54,9.94,0.0,-1.0,-9.94,False,False
21,32,27315,CAN_Beco Industries,Paige Beattie,MKK10007,Sheets & Pillowcases,0.5,0.15,0.25,2324.15,4696.59,9.93,14.82,0.49229999999999996,4.890000000000001,True,True
21,33,1987,JLA Home,Missy Paragamian,RBSE3565,Sheets & Pillowcases,0.5,0.15,0.4959,405.42,611.49,9.93,0.0,-1.0,-9.93,False,False
21,34,1987,JLA Home,Missy Paragamian,NGIN1151,Bedding Sets,0.5,0.15,0.5,447.68,710.91,9.91,23.89,1.4097,13.98,True,True
21,35,1748,Revman International,Missy Paragamian,MBVB1152,Bedding Sets,0.32420000000000004,0.22,,5973.49,7376.53,9.91,64.22,5.4792,54.31,True,True
21,36,25843,"Bedshe International Co.,LTD",Rainbow Wu,BDUR1925,Bedding Sets,0.5,0.15,0.18,3300.09,4115.24,9.9,30.95,2.1247,21.049999999999997,True,True
21,37,23665,"Cozy Line Home Fashions, Inc.",Jaiden Lawlor,AGTG6618,Bedding Sets,0.4999,0.05,0.1,2398.29,3335.32,9.88,0.0,-1.0,-9.88,False,False
21,38,1987,JLA Home,Missy Paragamian,BADI1214,Bedding Sets,0.44909999999999994,0.12,0.30010000000000003,1856.67,2528.12,9.87,0.0,-1.0,-9.87,False,False
21,39,1748,Revman International,Missy Paragamian,QO10380,Bedding Sets,0.3144,0.1911,,3518.56,4768.52,9.84,0.0,-1.0,-9.84,False,False
21,40,17102,Trade-Linker,Jaiden Lawlor,LBHX5303,Sheets & Pillowcases,0.20199999999999999,0.12,,249.8,522.94,9.84,0.0,-1.0,-9.84,False,False
21,41,43431,ocean home fashion inc,Asia Supplier Service Desk,MRCL1006,Kids Bedding Sets,0.2,0.11,0.12,944.46,1903.74,9.8,16.56,0.6897,6.759999999999998,True,True
21,42,228805,IMPERIAL HOMEWARE LONDO,NS LuIpMpIlTieEr DService Desk,IPCR1049,Bedding Sets,0.38909999999999995,0.1,,323.0,760.67,9.79,0.0,-1.0,-9.79,False,False
21,43,37327,Instyle Products Corp,Rikki Sartor,KBST1117,Bedding Sets,0.5,0.28,,2305.76,4372.36,9.79,0.0,-1.0,-9.79,False,False
21,44,23665,"Cozy Line Home Fashions, Inc.",Jaiden Lawlor,CLHF1154,Bedding Sets,0.4999,0.05,0.1,4046.3,6716.79,9.76,0.0,-1.0,-9.76,False,False
21,45,358408,Xinyun Keji (Shanghai) Trading C,"oJ.,e Lstsdic.a Gu",FNYU1006,Bedding Sets,,0.4,0.5,625.3,585.69,9.75,0.0,-1.0,-9.75,False,False
21,46,80197,CENTRADE INC.,Jessica Gu,WWMA1293,Accent Pillows,0.33649999999999997,0.15,0.2,2179.04,3885.47,9.74,0.0,-1.0,-9.74,False,False
21,47,348967,Nanyang Dingjiayue Shangmao Youxiansi,Jessica Gu,WAGS1028,Bedding Sets,,0.15,,364.0,501.89,9.73,0.0,-1.0,-9.73,False,False
21,48,348967,Nanyang Dingjiayue Shangmao Youxiansi,Jessica Gu,WAGS1152,Bedding Sets,,0.15,,159.8,225.95,9.72,0.0,-1.0,-9.72,False,False
21,49,23665,"Cozy Line Home Fashions, Inc.",Jaiden Lawlor,CLHF1152,Bedding Sets,0.2046,0.05,0.1,4393.12,6521.31,9.72,90.54,8.316699999999999,80.82000000000001,True,True
21,50,1987,JLA Home,Missy Paragamian,NCWA2764,Bedding Sets,0.46340000000000003,0.15,0.5,337.8,527.73,9.71,0.0,-1.0,-9.71,False,False
21,51,2554,Pem America,Benjamin Hannigan,AAUE1008,Bedding Sets,0.2364,0.2,0.248,5245.9,7206.07,9.71,0.0,-1.0,-9.71,False,False
21,52,1987,JLA Home,Missy Paragamian,WLAO4094,Accent Pillows,0.4439,0.17,0.49939999999999996,1512.67,2365.07,9.69,0.0,-1.0,-9.69,False,False
21,53,2554,Pem America,Benjamin Hannigan,KBPN1128,Bedding Sets,0.386,0.35,0.389,1147.73,2200.83,9.62,0.0,-1.0,-9.62,False,False
21,54,1987,JLA Home,Missy Paragamian,SEHO8203,Blankets And Throws,0.4738,0.12,0.2849,4465.1,7379.41,9.62,14.34,0.4911,4.720000000000001,True,True
21,55,44480,"Whole Linens, Inc.",Supplier Service Desk,MDWP1347,Bedding Sets,0.2468,0.2,0.25,725.86,1050.36,9.59,0.0,-1.0,-9.59,False,False
21,56,1748,Revman International,Missy Paragamian,TBB2003,Bedding Sets,0.3144,0.22,,10785.56,22911.19,9.58,78.24,7.167000000000001,68.66,True,True
21,57,1748,Revman International,Missy Paragamian,QO10409,Bedding Sets,0.48369999999999996,0.36700000000000005,,661.48,1010.73,9.58,0.0,-1.0,-9.58,False,False
21,58,41493,HUI Resource,Supplier Service Desk,PBHM2398,Accent Pillows,0.5,0.25,0.35,735.01,1431.53,9.57,0.0,-1.0,-9.57,False,False
21,59,41493,HUI Resource,Supplier Service Desk,PBHM3080,Accent Pillows,0.5,0.35,0.4,1509.75,2742.17,9.56,0.0,-1.0,-9.56,False,False
21,60,67551,"Suzhou lanqinglv Trading co,. ltd",lance Zhou,OELA1424,Bedding Sets,0.5,0.35,,2651.04,4866.49,9.56,0.0,-1.0,-9.56,False,False
21,61,2387,Cloud9 Design Inc.,Supplier Service Desk,DUKM1281,Accent Pillows,,0.1,,105.0,145.79,9.56,0.0,-1.0,-9.56,False,False
21,62,37327,Instyle Products Corp,Rikki Sartor,KBST1015,Sheets & Pillowcases,0.5,0.2,,519.03,1053.63,9.54,18.13,0.9006000000000001,8.59,True,True
21,63,13106,Plutus Partners LLC,Supplier Service Desk,PPTS4268,Accent Pillows,,0.22,0.25,211.55,277.98,9.52,0.0,-1.0,-9.52,False,False
21,64,1748,Revman International,Missy Paragamian,KBFC2813,Bedding Sets,0.2643,0.1598,,1943.66,3150.84,9.49,34.55,2.6422000000000003,25.059999999999995,True,True
22,1,348967,Nanyang Dingjiayue Shangmao Youxiansi,Jessica Gu,WAGS1011,Bedding Sets,,0.15,,134.75,187.96,9.49,0.0,-1.0,-9.49,False,False
22,2,1748,Revman International,Missy Paragamian,KCN10162,Bedding Sets,0.4094,0.3917,,539.33,738.81,9.48,0.0,-1.0,-9.48,False,False
22,3,22695,ELEGANCE LINEN,Benjamin Hannigan,EEGA1606,Bedding Sets,0.5,0.25,0.3,865.76,1335.06,9.47,0.0,-1.0,-9.47,False,False
22,4,24282,"Nanshing America, Inc.",Jaiden Lawlor,MBSR1426,Bedding Sets,0.4997,0.12,0.13,3904.56,5767.86,9.47,176.51,17.6377,167.04,True,True
22,5,1987,JLA Home,Missy Paragamian,SLPH1158,Sheets & Pillowcases,0.4509,0.03,0.2118,1457.27,2690.17,9.46,0.0,-1.0,-9.46,False,False
22,6,1987,JLA Home,Missy Paragamian,SLPH1154,Sheets & Pillowcases,0.5,0.03,0.5,493.47,964.14,9.45,0.0,-1.0,-9.45,False,False
22,7,23665,"Cozy Line Home Fashions, Inc.",Jaiden Lawlor,CLHF1435,Bedding Sets,0.47,0.05,0.1,1716.0,2580.8,9.4,0.0,-1.0,-9.4,False,False
22,8,17102,Trade-Linker,Jaiden Lawlor,BBHO1040,Bedding Sets,0.2868,0.15,,1470.6,3422.66,9.39,0.0,-1.0,-9.39,False,False
22,9,1748,Revman International,Missy Paragamian,MBVB1748,Sheets & Pillowcases,0.3134,0.17309999999999998,,909.9,1452.41,9.38,0.0,-1.0,-9.38,False,False
22,10,40013,Phantoscope,Jessica Gu,PHSC1290,Accent Pillows,0.5,0.24,0.26,6122.86,12276.49,9.36,42.31,3.5193,32.95,True,True
22,11,1987,JLA Home,Missy Paragamian,HUH1357,Bedding Sets,0.5,0.15,0.5,2255.47,3274.57,9.36,0.0,-1.0,-9.36,False,False
22,12,1987,JLA Home,Missy Paragamian,HUH1805,Bedding Sets,0.47159999999999996,0.17,0.3834,3674.01,4921.22,9.35,0.0,-1.0,-9.35,False,False
22,13,1748,Revman International,Missy Paragamian,MBVB1474,Blankets And Throws,0.312,0.2726,,988.54,1478.41,9.34,0.0,-1.0,-9.34,False,False
22,14,1748,Revman International,Missy Paragamian,ERB10989,Bedding Sets,,0.2227,,543.27,917.39,9.34,0.0,-1.0,-9.34,False,False
22,15,1987,JLA Home,Missy Paragamian,ALTH2201,Sheets & Pillowcases,0.47350000000000003,0.15,0.5,1938.22,3564.01,9.33,49.05,4.2581,39.72,True,True
22,16,1987,JLA Home,Missy Paragamian,WLAO2844,Blankets And Throws,0.45130000000000003,0.12,0.4215,3255.66,4995.29,9.29,16.02,0.7252,6.73,True,True
22,17,1987,JLA Home,Missy Paragamian,ATGR7044,Bedding Sets,0.44909999999999994,0.12,0.4343,1915.1,2534.69,9.25,0.0,-1.0,-9.25,False,False
22,18,25843,"Bedshe International Co.,LTD",Rainbow Wu,BDUR2349,Bedding Sets,0.4202,0.04,0.07,4515.22,4797.39,9.24,46.65,4.0482,37.41,True,True
22,19,1748,Revman International,Missy Paragamian,VRWG2252,Bedding Sets,,0.22,,437.41,691.52,9.22,0.0,-1.0,-9.22,False,False
22,20,76195,Ulli Home,Jaiden Lawlor,ULIH3173,Accent Pillows,0.24739999999999998,0.06,0.11,1312.29,2772.67,9.21,0.0,-1.0,-9.21,False,False
22,21,63138,"Changshu Youthsky Import Export Co.,Ltd",Jessica Gu,SEPL1097,Bedding Sets,0.2,0.05,0.05,234.5,283.95,9.2,0.0,-1.0,-9.2,False,False
22,22,348967,Nanyang Dingjiayue Shangmao Youxiansi,Jessica Gu,WAGS1098,Bedding Sets,,0.15,,147.5,209.97,9.18,0.0,-1.0,-9.18,False,False
22,23,2554,Pem America,Benjamin Hannigan,FEFA1015,Bedding Sets,0.25370000000000004,0.25,,1877.1,3895.22,9.18,0.0,-1.0,-9.18,False,False
22,24,76195,Ulli Home,Jaiden Lawlor,ULIH3032,Accent Pillows,0.2698,0.06,0.11,1805.5,3805.76,9.16,0.0,-1.0,-9.16,False,False
22,25,23665,"Cozy Line Home Fashions, Inc.",Jaiden Lawlor,CLHF1311,Bedding Sets,0.2867,0.05,0.1,3007.13,4710.56,9.15,0.0,-1.0,-9.15,False,False
22,26,1748,Revman International,Missy Paragamian,ERB10768,Bedding Sets,0.5,0.45649999999999996,,1206.16,1684.22,9.15,0.0,-1.0,-9.15,False,False
22,27,1748,Revman International,Missy Paragamian,TBL10924,Bedding Sets,0.2104,0.1069,,2170.98,3091.08,9.1,44.09,3.8444,34.99,True,True
22,28,25843,"Bedshe International Co.,LTD",Rainbow Wu,BDUR1329,Bedding Sets,0.4039,0.2,0.23,4984.34,5002.98,9.07,0.0,-1.0,-9.07,False,False
22,29,7344,Victoria Classics,Supplier Service Desk,BCQI1003,Bedding Sets,0.39270000000000005,0.3109,0.36090000000000005,1753.1,3025.17,9.06,52.83,4.8288,43.769999999999996,True,True
22,30,13106,Plutus Partners LLC,Supplier Service Desk,PPTS7371,Accent Pillows,0.4721,0.22,0.25,327.4,523.31,9.06,0.0,-1.0,-9.06,False,False
22,31,1987,JLA Home,Missy Paragamian,HUH10129,Bedding Sets,0.4414,0.15,0.4968,1298.64,2489.02,9.05,0.0,-1.0,-9.05,False,False
22,32,24696,Daniel Linen/Home Sweet Home Dreams Inc.,Supplier Service Desk,HSHD1309,Sheets & Pillowcases,0.2,0.02,0.021,237.65,454.88,9.03,0.0,-1.0,-9.03,False,False
22,33,2387,Cloud9 Design Inc.,Supplier Service Desk,DUKM2055,Accent Pillows,,0.1,,366.0,695.0,9.01,0.0,-1.0,-9.01,False,False
22,34,27315,CAN_Beco Industries,Paige Beattie,KBFC1335,Bedding Sets,0.5,0.15,0.25,1475.87,2123.17,9.0,0.0,-1.0,-9.0,False,False
22,35,2554,Pem America,Benjamin Hannigan,SDCM1128,Bedding Sets,0.3,0.25,0.295,865.96,1587.39,9.0,0.0,-1.0,-9.0,False,False
22,36,76195,Ulli Home,Jaiden Lawlor,ULIH2754,Accent Pillows,,0.06,0.11,481.0,1002.53,8.98,22.56,1.5128,13.579999999999998,True,True
22,37,2554,Pem America,Benjamin Hannigan,CTGC1065,Bedding Sets,0.2,0.25,,1525.2,2889.38,8.97,27.83,2.1036,18.86,True,True
22,38,1748,Revman International,Missy Paragamian,MBVB1838,Bedding Sets,0.3144,0.27,,3474.52,4933.08,8.96,0.0,-1.0,-8.96,False,False
22,39,80197,CENTRADE INC.,Jessica Gu,WWMA1155,Accent Pillows,0.5,0.17,0.22,3155.0,4523.15,8.96,0.0,-1.0,-8.96,False,False
22,40,23665,"Cozy Line Home Fashions, Inc.",Jaiden Lawlor,CLHF1483,Bedding Sets,,0.05,0.1,103.95,164.63,8.94,0.0,-1.0,-8.94,False,False
22,41,348967,Nanyang Dingjiayue Shangmao Youxiansi,Jessica Gu,WAGS1034,Bedding Sets,,0.15,,1484.64,1988.85,8.94,119.14,12.329600000000001,110.2,True,True
22,42,348967,Nanyang Dingjiayue Shangmao Youxiansi,Jessica Gu,WAGS1032,Bedding Sets,,0.15,,369.6,468.27,8.94,0.0,-1.0,-8.94,False,False
22,43,23665,"Cozy Line Home Fashions, Inc.",Jaiden Lawlor,CLHF1325,Kids Bedding Sets,0.4999,0.05,0.1,3733.15,5045.02,8.94,0.0,-1.0,-8.94,False,False
22,44,43431,ocean home fashion inc,Asia Supplier Service Desk,MRCL1090,Bedding Sets,0.2,0.11,0.12,2831.04,4498.83,8.93,0.0,-1.0,-8.93,False,False
22,45,72667,"Jiangsu Meideni Textile CO.,LTD",lance Zhou,ALDL1024,Bedding Sets,0.5,0.18,0.23,245.51,301.97,8.91,0.0,-1.0,-8.91,False,False
22,46,25843,"Bedshe International Co.,LTD",Rainbow Wu,BDUR1341,Bedding Sets,0.46140000000000003,0.15,0.18,6368.91,7971.63,8.91,0.0,-1.0,-8.91,False,False
22,47,32808,CAN_Cathay Home Inc.,Paige Beattie,WFBS2110,Bedding Sets,0.5,0.45,0.48,550.06,1545.79,8.85,50.11,4.659800000000001,41.26,True,True
22,48,5148,CGG Home Fashions,Supplier Service Desk,XRZ10000,Sheets & Pillowcases,0.281,0.15,,2219.5,2755.52,8.83,0.0,-1.0,-8.83,False,False
22,49,228805,IMPERIAL HOMEWARE LONDO,NS LuIpMpIlTieEr DService Desk,IPCR1102,Bedding Sets,0.38909999999999995,0.1,,339.52,1169.38,8.8,0.0,-1.0,-8.8,False,False
22,50,44480,"Whole Linens, Inc.",Supplier Service Desk,MDWP1188,Bedding Sets,0.5,0.49,0.5,451.95,776.51,8.79,0.0,-1.0,-8.79,False,False
22,51,1987,JLA Home,Missy Paragamian,IKIY1016,Bedding Sets,0.47159999999999996,0.12,0.5,7889.91,11787.72,8.78,0.0,-1.0,-8.78,False,False
22,52,13106,Plutus Partners LLC,Supplier Service Desk,PPTS3630,Blankets And Throws,0.4999,0.22,0.29,1501.21,2215.19,8.78,0.0,-1.0,-8.78,False,False
22,53,63138,"Changshu Youthsky Import Export Co.,Ltd",Jessica Gu,SEPL1045,Sheets & Pillowcases,,0.05,0.05,310.2,410.67,8.78,0.0,-1.0,-8.78,False,False
22,54,1987,JLA Home,Missy Paragamian,MBSA1019,Bedding Sets,0.44909999999999994,0.2,0.3987,1793.83,2539.76,8.77,0.0,-1.0,-8.77,False,False
22,55,1748,Revman International,Missy Paragamian,ERB10937,Kids Bedding Sets,0.425,0.35979999999999995,,1357.74,1646.47,8.76,0.0,-1.0,-8.76,False,False
22,56,348967,Nanyang Dingjiayue Shangmao Youxiansi,Jessica Gu,WAGS1089,Bedding Sets,0.2,0.15,0.2,264.0,407.92,8.76,0.0,-1.0,-8.76,False,False
22,57,348967,Nanyang Dingjiayue Shangmao Youxiansi,Jessica Gu,WAGS1042,Bedding Sets,,0.15,,225.6,310.95,8.76,0.0,-1.0,-8.76,False,False
22,58,12684,Bargain Online Shops LLC,Jaiden Lawlor,SSFL1495,Bedding Sets,0.2235,0.1,,779.0,1651.43,8.74,0.0,-1.0,-8.74,False,False
22,59,1987,JLA Home,Missy Paragamian,LATT2566,Bedding Sets,0.3032,0.17,0.34729999999999994,4696.39,5862.67,8.73,0.0,-1.0,-8.73,False,False
22,60,63138,"Changshu Youthsky Import Export Co.,Ltd",Jessica Gu,SEPL1115,Blankets And Throws,0.36579999999999996,0.05,0.05,540.48,816.54,8.72,0.0,-1.0,-8.72,False,False
22,61,25843,"Bedshe International Co.,LTD",Rainbow Wu,BDUR2881,Blankets And Throws,0.5,0.1,0.13,478.21,804.91,8.68,9.84,0.13419999999999999,1.1600000000000001,True,True
22,62,1987,JLA Home,Missy Paragamian,CHMB2081,Blankets And Throws,0.45130000000000003,0.15,0.43729999999999997,3281.74,4890.2,8.67,1.94,-0.7764,-6.73,True,False
22,63,80197,CENTRADE INC.,Jessica Gu,WWMA1322,Accent Pillows,0.34159999999999996,0.15,0.2,1096.37,1940.0,8.65,0.0,-1.0,-8.65,False,False
22,64,67551,"Suzhou lanqinglv Trading co,. ltd",lance Zhou,OELA1440,Bedding Sets,0.5,0.35,,801.95,1368.63,8.64,0.0,-1.0,-8.64,False,False
23,1,1748,Revman International,Missy Paragamian,MSTT6701,Bedding Sets,,0.22,,471.6,692.99,8.62,154.13,16.8764,145.51,True,True
23,2,1748,Revman International,Missy Paragamian,MBVB1761,Bedding Sets,0.3144,0.27,,2014.91,2759.83,8.62,35.6,3.1289999999999996,26.980000000000004,True,True
23,3,1748,Revman International,Missy Paragamian,VRWG2238,Bedding Sets,0.2747,0.22,,2787.6,3683.06,8.62,0.0,-1.0,-8.62,False,False
23,4,1748,Revman International,Missy Paragamian,TBL10898,Bedding Sets,0.2717,0.27,,2034.08,3010.02,8.62,0.0,-1.0,-8.62,False,False
23,5,1748,Revman International,Missy Paragamian,KBFC2848,Bedding Sets,0.3037,0.22,,1602.0,2451.69,8.62,0.0,-1.0,-8.62,False,False
23,6,1748,Revman International,Missy Paragamian,DRQH2096,Bedding Sets,0.2695,0.226,,1284.18,2057.0,8.62,0.0,-1.0,-8.62,False,False
23,7,1748,Revman International,Missy Paragamian,QO10462,Bedding Sets,,0.4593,,1062.86,1799.01,8.62,0.0,-1.0,-8.62,False,False
23,8,1748,Revman International,Missy Paragamian,DRQH2066,Bedding Sets,0.3625,0.22,,795.75,1112.64,8.62,0.0,-1.0,-8.62,False,False
23,9,1748,Revman International,Missy Paragamian,MSTT6671,Bedding Sets,0.2643,0.22,,670.0,1036.77,8.62,0.0,-1.0,-8.62,False,False
23,10,32808,CAN_Cathay Home Inc.,Paige Beattie,DRVU1245,Bedding Sets,0.5,0.45,0.48,0.0,0.0,8.6,8.35,-0.0286,-0.25,True,False
23,11,7344,Victoria Classics,Supplier Service Desk,AAUB4013,Bedding Sets,0.5,0.24,0.29,176.46,284.76,8.57,0.0,-1.0,-8.57,False,False
23,12,2554,Pem America,Benjamin Hannigan,FYEB1028,Blankets And Throws,,0.25,0.295,310.2,516.92,8.54,0.0,-1.0,-8.54,False,False
23,13,291074,Xing Hua Shi Nuo Te Fan Kua Jin,gJ Desiasnic aS hGaung You Xian,JSST1162,Sheets & Pillowcases,0.36060000000000003,0.15,,360.37,564.96,8.48,0.0,-1.0,-8.48,False,False
23,14,12684,Bargain Online Shops LLC,Jaiden Lawlor,CHRH6229,Bedding Sets,0.2248,0.1,,913.6,1620.02,8.45,0.0,-1.0,-8.45,False,False
23,15,25843,"Bedshe International Co.,LTD",Rainbow Wu,BDUR3384,Bedding Sets,,0.18,0.21,404.56,626.89,8.44,0.0,-1.0,-8.44,False,False
23,16,73596,Fresh Linen Collection Inc,Supplier Service Desk,CESH1029,Sheets & Pillowcases,0.2,0.02,0.021,106.56,248.93,8.44,0.0,-1.0,-8.44,False,False
23,17,32808,CAN_Cathay Home Inc.,Paige Beattie,DRVU1004,Bedding Sets,0.5,0.35,0.38,520.02,1195.8,8.43,25.6,2.0366999999999997,17.17,True,True
23,18,67551,"Suzhou lanqinglv Trading co,. ltd",lance Zhou,OELA1078,Bedding Sets,0.47130000000000005,0.5,,45.08,86.54,8.42,0.0,-1.0,-8.42,False,False
23,19,23665,"Cozy Line Home Fashions, Inc.",Jaiden Lawlor,CLHF1037,Bedding Sets,0.2,0.05,0.1,750.56,1129.17,8.41,0.0,-1.0,-8.41,False,False
23,20,1748,Revman International,Missy Paragamian,MBVB1851,Sheets & Pillowcases,0.2576,0.27,,968.54,1898.38,8.39,0.0,-1.0,-8.39,False,False
23,21,1748,Revman International,Missy Paragamian,ERB1764,Accent Pillows,0.5,0.6476999999999999,,2647.65,3796.02,8.38,0.0,-1.0,-8.38,False,False
23,22,72667,"Jiangsu Meideni Textile CO.,LTD",lance Zhou,ABAE1386,Bedding Sets,,0.25,0.3,470.92,477.23,8.38,35.95,3.2925,27.57,True,True
23,23,63138,"Changshu Youthsky Import Export Co.,Ltd",Jessica Gu,SEPL1046,Sheets & Pillowcases,,0.05,0.05,326.25,393.55,8.36,0.0,-1.0,-8.36,False,False
23,24,2554,Pem America,Benjamin Hannigan,SDCM1344,Sheets & Pillowcases,0.2,0.15,0.201,292.74,681.85,8.35,18.57,1.2248,10.22,True,True
23,25,25843,"Bedshe International Co.,LTD",Rainbow Wu,BDUR2278,Bedding Sets,0.2,0.2,0.21,1543.5,2390.9,8.32,0.0,-1.0,-8.32,False,False
23,26,23665,"Cozy Line Home Fashions, Inc.",Jaiden Lawlor,ZMKD2069,Kids Bedding Sets,0.4999,0.05,0.1,911.95,1733.41,8.29,0.0,-1.0,-8.29,False,False
23,27,1748,Revman International,Missy Paragamian,ERB10916,Blankets And Throws,0.31420000000000003,0.22,,651.8,843.79,8.28,11.56,0.3968,3.280000000000001,True,True
23,28,2554,Pem America,Benjamin Hannigan,MXO10090,Bedding Sets,0.25370000000000004,0.15,0.201,2541.63,4164.11,8.27,0.0,-1.0,-8.27,False,False
23,29,1748,Revman International,Missy Paragamian,TBL10184,Blankets And Throws,0.3518,0.22,,939.61,1661.83,8.27,0.0,-1.0,-8.27,False,False
23,30,1748,Revman International,Missy Paragamian,KBFC2675,Bedding Sets,0.20989999999999998,0.22,,3272.75,3861.72,8.26,0.0,-1.0,-8.26,False,False
23,31,81366,Aholicdeals Inc,Supplier Service Desk,AOAI1389,Sheets & Pillowcases,0.5,0.09,0.11,100.98,215.94,8.21,46.27,4.6379,38.06,True,True
23,32,24282,"Nanshing America, Inc.",Jaiden Lawlor,MBSR1419,Bedding Sets,0.2825,0.12,0.13,320.19,424.97,8.2,0.0,-1.0,-8.2,False,False
23,33,78708,Foshan Shiyue (Visionary) Tradin,gB Leimnjiatemdi nC Homanpnaignayn,VSIO1107,Accent Pillows,0.4999,0.2,0.25,1153.14,2328.43,8.18,0.0,-1.0,-8.18,False,False
23,34,12684,Bargain Online Shops LLC,Jaiden Lawlor,SSFL1452,Bedding Sets,0.2,0.1,,1004.4,1998.26,8.17,0.0,-1.0,-8.17,False,False
23,35,1987,JLA Home,Missy Paragamian,NCWA1436,Bedding Sets,0.39299999999999996,0.12,0.2181,1544.89,2286.82,8.17,0.0,-1.0,-8.17,False,False
23,36,1987,JLA Home,Missy Paragamian,NGIN1259,Bedding Sets,0.46340000000000003,0.15,0.5,324.37,640.2,8.16,41.2,4.0512,33.040000000000006,True,True
23,37,23665,"Cozy Line Home Fashions, Inc.",Jaiden Lawlor,CLHF1192,Kids Bedding Sets,0.4999,0.05,0.1,3651.63,5631.77,8.15,37.41,3.5915,29.259999999999998,True,True
23,38,1748,Revman International,Missy Paragamian,VRWG2193,Bedding Sets,0.2,0.266,,1157.71,1549.73,8.14,60.93,6.4825,52.79,True,True
23,39,23665,"Cozy Line Home Fashions, Inc.",Jaiden Lawlor,CLHF1163,Bedding Sets,0.4999,0.05,0.1,668.73,1001.38,8.14,39.69,3.8771,31.549999999999997,True,True
23,40,16941,Sunham Home Fashions,Benjamin Hannigan,LNWD1000,Bedding Sets,0.2733,0.12,0.17,784.98,1103.83,8.12,0.0,-1.0,-8.12,False,False
23,41,112418,SAF IJAZ,Supplier Service Desk,ABEJ1087,Bedding Sets,0.2,0.07,0.07,3851.25,7619.88,8.12,0.0,-1.0,-8.12,False,False
23,42,112418,SAF IJAZ,Supplier Service Desk,ABEJ1120,Bedding Sets,0.2,0.07,0.07,1444.47,2279.49,8.12,79.46,8.789299999999999,71.33999999999999,True,True
23,43,1748,Revman International,Missy Paragamian,MBVB1849,Bedding Sets,0.2545,0.22,,3884.75,6084.59,8.11,40.68,4.0185,32.57,True,True
23,44,22695,ELEGANCE LINEN,Benjamin Hannigan,EEGA1430,Sheets & Pillowcases,0.46049999999999996,0.25,0.3,323.17,633.45,8.09,22.92,1.8315000000000001,14.830000000000002,True,True
23,45,40013,Phantoscope,Jessica Gu,PHSC1093,Accent Pillows,0.5,0.22,0.24,151.37,326.85,8.05,71.84,7.9253,63.790000000000006,True,True
23,46,72667,"Jiangsu Meideni Textile CO.,LTD",lance Zhou,ALDL1157,Sheets & Pillowcases,0.5,0.25,,432.4,632.33,8.05,26.39,2.2795,18.34,True,True
23,47,214227,"Caluha Company, LLC",Supplier Service Desk,UBAD1007,Accent Pillows,0.3625,0.1,,1007.43,2062.96,8.04,0.0,-1.0,-8.04,False,False
23,48,24282,"Nanshing America, Inc.",Jaiden Lawlor,MBSR1410,Bedding Sets,0.5,0.12,0.13,184.8,368.48,8.03,0.0,-1.0,-8.03,False,False
23,49,25843,"Bedshe International Co.,LTD",Rainbow Wu,BDUR1141,Bedding Sets,0.3951,0.16,0.19,535.59,688.77,8.02,0.0,-1.0,-8.02,False,False
23,50,12684,Bargain Online Shops LLC,Jaiden Lawlor,SSFL1345,Bedding Sets,0.2248,0.1,,359.7,705.51,7.98,0.0,-1.0,-7.98,False,False
23,51,12684,Bargain Online Shops LLC,Jaiden Lawlor,SSFL1717,Bedding Sets,0.2,0.1,,950.4,1759.08,7.98,0.0,-1.0,-7.98,False,False
23,52,1748,Revman International,Missy Paragamian,MPPY1004,Sheets & Pillowcases,0.3134,0.22,,2157.44,4141.36,7.91,0.0,-1.0,-7.91,False,False
23,53,23665,"Cozy Line Home Fashions, Inc.",Jaiden Lawlor,CLHF1208,Blankets And Throws,0.4999,0.05,0.1,2069.73,4272.13,7.88,15.72,0.9956999999999999,7.840000000000001,True,True
23,54,1987,JLA Home,Missy Paragamian,SEHO5189,Bedding Sets,0.44909999999999994,0.15,0.2157,2961.54,3672.69,7.87,0.0,-1.0,-7.87,False,False
23,55,69162,Kusnug,Rikki Sartor,KSNU1081,Sheets & Pillowcases,0.3353,0.15,0.2,1104.24,3053.45,7.85,0.0,-1.0,-7.85,False,False
23,56,1987,JLA Home,Missy Paragamian,HGLN2428,Bedding Sets,0.4965,0.15,0.5,1814.27,2286.97,7.84,0.0,-1.0,-7.84,False,False
23,57,2554,Pem America,Benjamin Hannigan,SDCM1214,Bedding Sets,0.2759,0.2,0.248,1284.75,2174.28,7.83,0.0,-1.0,-7.83,False,False
23,58,69162,Kusnug,Rikki Sartor,KSNU1142,Sheets & Pillowcases,0.3353,0.15,0.2,1358.15,3866.73,7.81,9.39,0.20199999999999999,1.580000000000001,True,True
23,59,41493,HUI Resource,Supplier Service Desk,PBHM3610,Accent Pillows,,0.4,0.5,178.5,305.45,7.81,0.0,-1.0,-7.81,False,False
23,60,214227,"Caluha Company, LLC",Supplier Service Desk,UBAD1005,Accent Pillows,0.4046,0.1,,3369.13,7100.04,7.79,18.19,1.3353,10.400000000000002,True,True
23,61,1748,Revman International,Missy Paragamian,MSTT6604,Sheets & Pillowcases,,0.185,,120.0,222.01,7.78,0.0,-1.0,-7.78,False,False
23,62,67551,"Suzhou lanqinglv Trading co,. ltd",lance Zhou,OELA1687,Bedding Sets,,0.3,,239.69,360.92,7.78,20.39,1.6208,12.61,True,True
23,63,23665,"Cozy Line Home Fashions, Inc.",Jaiden Lawlor,CLHF1298,Bedding Sets,0.4999,0.05,0.1,2387.66,4237.04,7.78,26.12,2.3578,18.34,True,True
23,64,25843,"Bedshe International Co.,LTD",Rainbow Wu,BDUR3099,Bedding Sets,0.22579999999999997,0.2,0.23,444.2,594.57,7.77,28.27,2.6365,20.5,True,True
24,1,2554,Pem America,Benjamin Hannigan,BDOK1289,Bedding Sets,,0.35,0.389,104.0,161.48,7.76,0.0,-1.0,-7.76,False,False
24,2,2554,Pem America,Benjamin Hannigan,BDOK1271,Bedding Sets,,0.35,0.389,80.0,122.99,7.76,0.0,-1.0,-7.76,False,False
24,3,231496,"TEEMODERN, LLC dba Ethan Taylor",Alex Sarkisian,EHAA2516,Accent Pillows,0.3906,0.25,,1070.55,1538.85,7.76,0.0,-1.0,-7.76,False,False
24,4,1748,Revman International,Missy Paragamian,MBVB1903,Bedding Sets,0.3084,0.2606,,720.68,1133.84,7.72,0.0,-1.0,-7.72,False,False
24,5,76232,Kindred Home,Supplier Service Desk,BNDR1193,Accent Pillows,0.3204,0.2857,,371.68,841.35,7.72,0.0,-1.0,-7.72,False,False
24,6,107502,QKXB INC,Asia Supplier Service Desk,JHAA1143,Accent Pillows,0.3422,0.17859999999999998,0.1,867.84,1772.87,7.72,0.0,-1.0,-7.72,False,False
24,7,7344,Victoria Classics,Supplier Service Desk,AAUB4434,Bedding Sets,0.363,0.1777,0.22769999999999999,680.68,1259.08,7.71,45.93,4.9549,38.22,True,True
24,8,23665,"Cozy Line Home Fashions, Inc.",Jaiden Lawlor,CLHF1055,Bedding Sets,0.4999,0.05,0.1,1241.24,1959.9,7.69,37.23,3.8421,29.539999999999996,True,True
24,9,231496,"TEEMODERN, LLC dba Ethan Taylor",Alex Sarkisian,EHAA9037,Accent Pillows,0.3906,0.27,,559.01,943.82,7.69,0.0,-1.0,-7.69,False,False
24,10,1748,Revman International,Missy Paragamian,QO10451,Bedding Sets,0.371,0.27,,4291.39,6556.67,7.66,115.38,14.0546,107.72,True,True
24,11,1748,Revman International,Missy Paragamian,MSTT6662,Bedding Sets,,0.2161,,80.0,127.99,7.66,0.0,-1.0,-7.66,False,False
24,12,1748,Revman International,Missy Paragamian,TBL10602,Bedding Sets,0.2228,0.2572,,3972.38,5309.02,7.66,0.0,-1.0,-7.66,False,False
24,13,1748,Revman International,Missy Paragamian,TBL10287,Accent Pillows,0.2,0.22,,4015.04,5853.43,7.66,0.0,-1.0,-7.66,False,False
24,14,1748,Revman International,Missy Paragamian,QO10479,Bedding Sets,,0.22,,585.0,967.43,7.66,0.0,-1.0,-7.66,False,False
24,15,358408,Xinyun Keji (Shanghai) Trading C,"oJ.,e Lstsdic.a Gu",FNYU1027,Bedding Sets,,0.1,0.2,89.99,123.29,7.62,0.0,-1.0,-7.62,False,False
24,16,80197,CENTRADE INC.,Jessica Gu,WWMA1221,Accent Pillows,0.5,0.33,0.38,5092.23,7192.35,7.61,0.0,-1.0,-7.61,False,False
24,17,1748,Revman International,Missy Paragamian,TBL10626,Bedding Sets,0.5,0.22,,2183.94,3155.68,7.6,0.0,-1.0,-7.6,False,False
24,18,1987,JLA Home,Missy Paragamian,HUH1103,Bedding Sets,,0.12,0.35009999999999997,931.58,1804.15,7.59,0.0,-1.0,-7.59,False,False
24,19,1987,JLA Home,Missy Paragamian,IKIY1015,Bedding Sets,0.44909999999999994,0.2,0.4968,819.43,1010.16,7.59,0.0,-1.0,-7.59,False,False
24,20,76195,Ulli Home,Jaiden Lawlor,ULIH2828,Accent Pillows,0.2,0.04,0.09,580.75,1087.41,7.57,191.52,24.299899999999997,183.95000000000002,True,True
24,21,2554,Pem America,Benjamin Hannigan,BDOK1309,Bedding Sets,0.2541,0.15,0.201,468.0,724.06,7.57,0.0,-1.0,-7.57,False,False
24,22,214227,"Caluha Company, LLC",Supplier Service Desk,UBAD1130,Accent Pillows,0.27940000000000004,0.1,,2000.25,3921.98,7.56,0.0,-1.0,-7.56,False,False
24,23,25843,"Bedshe International Co.,LTD",Rainbow Wu,BDUR1391,Bedding Sets,0.5,0.2,0.23,3020.29,4122.72,7.54,0.0,-1.0,-7.54,False,False
24,24,20128,"SLNY Home INC, DBA Spirit Linen",Supplier Service Desk,SPLI1001,Sheets & Pillowcases,0.36,0.15,0.15,664.23,1301.65,7.53,0.0,-1.0,-7.53,False,False
24,25,63138,"Changshu Youthsky Import Export Co.,Ltd",Jessica Gu,SEPL1032,Blankets And Throws,0.276,0.05,0.05,1612.8,2082.18,7.52,37.62,4.0013,30.099999999999998,True,True
24,26,72667,"Jiangsu Meideni Textile CO.,LTD",lance Zhou,ALDL1085,Bedding Sets,0.5,0.2,0.25,448.17,536.89,7.52,0.0,-1.0,-7.52,False,False
24,27,44480,"Whole Linens, Inc.",Supplier Service Desk,MDWP1278,Bedding Sets,0.281,0.20600000000000002,0.256,350.0,507.71,7.52,0.0,-1.0,-7.52,False,False
24,28,241365,"CGK HOLDINGS, INC.",Jaiden Lawlor,CKAI1022,Bedding Sets,0.2792,0.22,0.3292,744.26,1605.15,7.48,0.0,-1.0,-7.48,False,False
24,29,20128,"SLNY Home INC, DBA Spirit Linen",Supplier Service Desk,WNPR5260,Sheets & Pillowcases,0.3583,0.15,0.15,354.65,702.2,7.47,0.0,-1.0,-7.47,False,False
24,30,1987,JLA Home,Missy Paragamian,JLZL1214,Bedding Sets,0.5,0.12,0.44270000000000004,1942.6,2863.94,7.46,30.3,3.0623,22.84,True,True
24,31,1987,JLA Home,Missy Paragamian,XBYB1088,Bedding Sets,0.4965,0.15,,288.0,603.95,7.45,0.0,-1.0,-7.45,False,False
24,32,1987,JLA Home,Missy Paragamian,HUH10139,Bedding Sets,,0.2,,138.05,242.75,7.45,0.0,-1.0,-7.45,False,False
24,33,1987,JLA Home,Missy Paragamian,MBSA1073,Bedding Sets,0.44909999999999994,0.17,0.302,7271.56,11877.35,7.43,0.0,-1.0,-7.43,False,False
24,34,1987,JLA Home,Missy Paragamian,WNPO9194,Bedding Sets,0.39299999999999996,0.12,,2689.91,4326.27,7.42,0.0,-1.0,-7.42,False,False
24,35,1987,JLA Home,Missy Paragamian,WLR1132,Bedding Sets,0.46340000000000003,0.12,0.29600000000000004,1829.11,3076.06,7.42,0.0,-1.0,-7.42,False,False
24,36,23665,"Cozy Line Home Fashions, Inc.",Jaiden Lawlor,CLHF1071,Bedding Sets,0.4793,0.05,0.1,2466.84,3998.67,7.41,0.0,-1.0,-7.41,False,False
24,37,44480,"Whole Linens, Inc.",Supplier Service Desk,MDWP1096,Sheets & Pillowcases,0.5,0.49,0.5,1235.4,1409.32,7.38,0.0,-1.0,-7.38,False,False
24,38,24282,"Nanshing America, Inc.",Jaiden Lawlor,MBSR1608,Bedding Sets,0.271,0.12,0.13,249.32,415.14,7.37,0.0,-1.0,-7.37,False,False
24,39,25843,"Bedshe International Co.,LTD",Rainbow Wu,BDUR1930,Bedding Sets,0.47409999999999997,0.2,0.23,552.67,708.26,7.36,0.0,-1.0,-7.36,False,False
24,40,1748,Revman International,Missy Paragamian,NAL1820,Bed Skirts,0.395,0.22,,1049.36,1661.8,7.31,15.41,1.1095,8.100000000000001,True,True
24,41,25843,"Bedshe International Co.,LTD",Rainbow Wu,BDUR3484,Bedding Sets,,0.17,0.2,129.0,163.98,7.3,0.0,-1.0,-7.3,False,False
24,42,1987,JLA Home,Missy Paragamian,CKSC1014,Bedding Sets,0.46340000000000003,0.12,0.2284,715.01,1309.5,7.28,0.0,-1.0,-7.28,False,False
24,43,1987,JLA Home,Missy Paragamian,HUH1809,Bedding Sets,0.5,0.2,0.4017,4799.23,6913.82,7.27,0.0,-1.0,-7.27,False,False
24,44,1987,JLA Home,Missy Paragamian,HUH1726,Bedding Sets,0.4414,0.2,0.44020000000000004,998.06,1540.09,7.27,0.0,-1.0,-7.27,False,False
24,45,43431,ocean home fashion inc,Asia Supplier Service Desk,MRCL1193,Bedding Sets,0.20620000000000002,0.11,0.12,380.38,519.58,7.25,0.0,-1.0,-7.25,False,False
24,46,43431,ocean home fashion inc,Asia Supplier Service Desk,MRCL1223,Bedding Sets,0.2,0.11,0.12,215.46,395.56,7.25,0.0,-1.0,-7.25,False,False
24,47,1987,JLA Home,Missy Paragamian,TRPT6302,Bedding Sets,0.44909999999999994,0.15,0.4968,2746.52,4012.37,7.25,123.48,16.043499999999998,116.23,True,True
24,48,43431,ocean home fashion inc,Asia Supplier Service Desk,MRCL1195,Bedding Sets,0.2,0.11,0.12,433.2,636.85,7.24,0.0,-1.0,-7.24,False,False
24,49,1748,Revman International,Missy Paragamian,MBVB1744,Sheets & Pillowcases,0.2895,0.22,,714.38,1081.68,7.23,17.34,1.4,10.11,True,True
24,50,72667,"Jiangsu Meideni Textile CO.,LTD",lance Zhou,ALDL1174,Bedding Sets,0.5,0.2,0.25,447.53,409.79,7.22,93.46,11.9362,86.24,True,True
24,51,132252,Nanchang Gelinshi Electronic Co,"mYmveorncnee C Yoin., Ltd.",CNOR1121,Sheets & Pillowcases,0.5,0.2,,391.88,586.43,7.22,19.96,1.7661000000000002,12.740000000000002,True,True
24,52,80197,CENTRADE INC.,Jessica Gu,WWMA1086,Accent Pillows,0.3267,0.17,0.22,1929.02,2612.99,7.21,0.0,-1.0,-7.21,False,False
24,53,112418,SAF IJAZ,Supplier Service Desk,ABEJ1127,Bedding Sets,,0.07,0.07,600.4,935.53,7.21,0.0,-1.0,-7.21,False,False
24,54,76195,Ulli Home,Jaiden Lawlor,ULIH2974,Accent Pillows,0.2,0.04,0.09,255.03,510.71,7.2,0.0,-1.0,-7.2,False,False
24,55,1987,JLA Home,Missy Paragamian,JLZL1058,Bedding Sets,0.44909999999999994,0.15,0.4968,1165.69,1885.68,7.19,37.03,4.1502,29.84,True,True
24,56,1748,Revman International,Missy Paragamian,MBVB1569,Bedding Sets,0.24530000000000002,0.1797,,4715.55,6007.96,7.19,0.0,-1.0,-7.19,False,False
24,57,1748,Revman International,Missy Paragamian,VRWG2164,Bedding Sets,0.2,0.22,,3069.0,3740.18,7.19,0.0,-1.0,-7.19,False,False
24,58,1748,Revman International,Missy Paragamian,TMBH1233,Bedding Sets,,0.2021,,1207.01,1773.76,7.19,51.08,6.109299999999999,43.89,True,True
24,59,1748,Revman International,Missy Paragamian,QO10492,Bedding Sets,,0.22,,839.35,1377.35,7.19,0.0,-1.0,-7.19,False,False
24,60,17102,Trade-Linker,Jaiden Lawlor,BBHO1099,Sheets & Pillowcases,0.2357,0.15,,524.8,1003.92,7.17,0.0,-1.0,-7.17,False,False
24,61,76195,Ulli Home,Jaiden Lawlor,ULIH2894,Accent Pillows,0.2,0.04,0.09,446.43,838.17,7.17,34.18,3.7691000000000003,27.009999999999998,True,True
24,62,41493,HUI Resource,Supplier Service Desk,PBHM3407,Accent Pillows,0.5,0.4,0.5,492.25,940.2,7.16,0.0,-1.0,-7.16,False,False
24,63,2554,Pem America,Benjamin Hannigan,SDCM1065,Bedding Sets,0.24600000000000002,0.2,0.248,5690.73,10655.45,7.15,29.16,3.077,22.009999999999998,True,True
24,64,214227,"Caluha Company, LLC",Supplier Service Desk,UBAD1028,Accent Pillows,0.3625,0.1,,2409.8,5116.4,7.15,0.0,-1.0,-7.15,False,False
25,1,1987,JLA Home,Missy Paragamian,NCWA2706,Bedding Sets,0.5,0.17,0.44179999999999997,741.72,1019.6,7.14,0.0,-1.0,-7.14,False,False
25,2,72667,"Jiangsu Meideni Textile CO.,LTD",lance Zhou,ALDL1187,Bedding Sets,0.5,0.2,0.25,1094.17,1446.78,7.11,0.0,-1.0,-7.11,False,False
25,3,76195,Ulli Home,Jaiden Lawlor,ULIH2985,Accent Pillows,0.2,0.04,0.09,587.71,1282.95,7.06,0.0,-1.0,-7.06,False,False
25,4,1748,Revman International,Missy Paragamian,TMBH1176,Bedding Sets,0.3084,0.2998,,1738.22,3055.58,7.04,0.0,-1.0,-7.04,False,False
25,5,30347,Lifestyle Group Distribution Inc,Waverly Winterer,WNST1161,Blankets And Throws,0.5,0.25,0.28,1081.34,1655.35,7.02,32.52,3.6325,25.500000000000004,True,True
25,6,214227,"Caluha Company, LLC",Supplier Service Desk,UBAD1014,Accent Pillows,0.434,0.1,,944.9,1874.81,7.0,22.89,2.2689,15.89,True,True
25,7,1748,Revman International,Missy Paragamian,TBL10441,Bedding Sets,0.3144,0.22,,3371.16,4969.73,6.99,0.0,-1.0,-6.99,False,False
25,8,1987,JLA Home,Missy Paragamian,JLZL1192,Bedding Sets,0.3032,0.17,0.39130000000000004,963.8,1436.47,6.97,24.92,2.5753,17.950000000000003,True,True
25,9,24696,Daniel Linen/Home Sweet Home Dreams Inc.,Supplier Service Desk,HSHD1456,Sheets & Pillowcases,0.2,0.02,0.021,271.6,479.9,6.94,0.0,-1.0,-6.94,False,False
25,10,348967,Nanyang Dingjiayue Shangmao Youxiansi,Jessica Gu,WAGS1065,Bedding Sets,,0.15,,130.9,175.17,6.92,0.0,-1.0,-6.92,False,False
25,11,1748,Revman International,Missy Paragamian,KCN10054,Bedding Sets,0.3144,0.2134,,1592.89,2324.85,6.91,0.0,-1.0,-6.91,False,False
25,12,348967,Nanyang Dingjiayue Shangmao Youxiansi,Jessica Gu,WAGS1168,Bedding Sets,,0.15,,232.9,321.93,6.89,0.0,-1.0,-6.89,False,False
25,13,1987,JLA Home,Missy Paragamian,MRCR5883,Accent Pillows,0.49939999999999996,0.12,0.2977,1175.25,1972.51,6.86,0.0,-1.0,-6.86,False,False
25,14,25843,"Bedshe International Co.,LTD",Rainbow Wu,BDUR3248,Bedding Sets,0.4515,0.15,0.18,658.59,944.01,6.85,0.0,-1.0,-6.85,False,False
25,15,1987,JLA Home,Missy Paragamian,WLR1163,Bedding Sets,0.44909999999999994,0.12,0.4968,10686.6,14151.59,6.82,0.0,-1.0,-6.82,False,False
25,16,25843,"Bedshe International Co.,LTD",Rainbow Wu,BDUR1476,Bedding Sets,0.5,0.11,0.14,8883.93,9997.46,6.78,0.0,-1.0,-6.78,False,False
25,17,24696,Daniel Linen/Home Sweet Home Dreams Inc.,Supplier Service Desk,HSHD1062,Sheets & Pillowcases,0.2,0.02,0.021,1147.5,2326.33,6.75,0.0,-1.0,-6.75,False,False
25,18,43431,ocean home fashion inc,Asia Supplier Service Desk,MRCL1187,Bedding Sets,0.2723,0.11,0.12,633.36,1052.5,6.75,0.0,-1.0,-6.75,False,False
25,19,120032,Oveesha L.L.C.,Supplier Service Desk,OEES1507,Accent Pillows,0.5,0.4,,199.45,585.66,6.73,0.0,-1.0,-6.73,False,False
25,20,1987,JLA Home,Missy Paragamian,HRBE1981,Kids Bedding Sets,0.4439,0.2,0.4052,824.48,1314.38,6.72,0.0,-1.0,-6.72,False,False
25,21,1748,Revman International,Missy Paragamian,BCTS1118,Blankets And Throws,0.3422,0.22,,494.53,795.7,6.71,0.0,-1.0,-6.71,False,False
25,22,1748,Revman International,Missy Paragamian,QO10368,Blankets And Throws,0.35090000000000005,0.163,,396.42,605.15,6.71,0.0,-1.0,-6.71,False,False
25,23,1748,Revman International,Missy Paragamian,KBFC2722,Bedding Sets,0.26289999999999997,0.22,,752.73,1126.47,6.71,0.0,-1.0,-6.71,False,False
25,24,1748,Revman International,Missy Paragamian,MSTT6533,Bedding Sets,0.2256,0.22,,686.0,972.24,6.71,0.0,-1.0,-6.71,False,False
25,25,1748,Revman International,Missy Paragamian,BCTS1297,Bedding Sets,0.3084,0.27,,417.05,563.32,6.71,0.0,-1.0,-6.71,False,False
25,26,22695,ELEGANCE LINEN,Benjamin Hannigan,CHMB1695,Sheets & Pillowcases,0.5,0.25,0.3,624.48,1546.86,6.7,0.0,-1.0,-6.7,False,False
25,27,1748,Revman International,Missy Paragamian,VRWG2162,Blankets And Throws,0.3136,0.1892,,982.48,1651.9,6.64,30.59,3.6092,23.95,True,True
25,28,1748,Revman International,Missy Paragamian,MSTT6570,Bedding Sets,0.3734,0.22,,479.7,702.93,6.6,0.0,-1.0,-6.6,False,False
25,29,63138,"Changshu Youthsky Import Export Co.,Ltd",Jessica Gu,SEPL1165,Sheets & Pillowcases,,0.05,0.05,261.25,308.84,6.6,0.0,-1.0,-6.6,False,False
25,30,63138,"Changshu Youthsky Import Export Co.,Ltd",Jessica Gu,SEPL1162,Bedding Sets,,0.05,0.05,75.0,92.99,6.6,0.0,-1.0,-6.6,False,False
25,31,313243,"SHANGHAI DAYA IMPORT & EXPORT CO., LTD.",Asia Supplier Service Desk,TSMO1005,Sheets & Pillowcases,0.4999,0.15,0.16,98.0,186.7,6.59,19.97,2.0316,13.379999999999999,True,True
25,32,358408,Xinyun Keji (Shanghai) Trading C,"oJ.,e Lstsdic.a Gu",FNYU1004,Bedding Sets,,0.4,0.5,1013.8,601.51,6.57,0.0,-1.0,-6.57,False,False
25,33,25843,"Bedshe International Co.,LTD",Rainbow Wu,BDUR1513,Sheets & Pillowcases,0.40549999999999997,0.2,0.21,1286.58,1600.12,6.56,13.23,1.0155,6.670000000000001,True,True
25,34,2554,Pem America,Benjamin Hannigan,GYTD1012,Sheets & Pillowcases,0.2606,0.25,,621.2,1630.43,6.56,0.0,-1.0,-6.56,False,False
25,35,25843,"Bedshe International Co.,LTD",Rainbow Wu,BDUR1593,Blankets And Throws,0.5,0.15,0.17,2387.8,2967.36,6.56,0.0,-1.0,-6.56,False,False
25,36,348967,Nanyang Dingjiayue Shangmao Youxiansi,Jessica Gu,WAGS1142,Bedding Sets,,0.15,,117.98,162.56,6.55,0.0,-1.0,-6.55,False,False
25,37,2554,Pem America,Benjamin Hannigan,SDCM1112,Bedding Sets,0.2,0.2,0.248,331.5,729.08,6.55,31.75,3.8461000000000003,25.2,True,True
25,38,30347,Lifestyle Group Distribution Inc,Waverly Winterer,HMRU5087,Accent Pillows,0.5,0.2,0.24,2837.0,4316.8,6.55,0.0,-1.0,-6.55,False,False
25,39,25843,"Bedshe International Co.,LTD",Rainbow Wu,BDUR3326,Bedding Sets,,0.2,0.23,448.21,642.85,6.54,35.32,4.4006,28.78,True,True
25,40,43431,ocean home fashion inc,Asia Supplier Service Desk,MRCL1191,Bedding Sets,0.2584,0.11,0.12,1423.58,1993.25,6.54,0.0,-1.0,-6.54,False,False
25,41,43431,ocean home fashion inc,Asia Supplier Service Desk,MRCL1003,Bedding Sets,0.4557,0.11,0.12,590.64,1278.83,6.51,0.0,-1.0,-6.51,False,False
25,42,22695,ELEGANCE LINEN,Benjamin Hannigan,EEGA1838,Sheets & Pillowcases,,0.25,0.3,255.32,446.53,6.51,79.05,11.1447,72.53999999999999,True,True
25,43,25843,"Bedshe International Co.,LTD",Rainbow Wu,BDUR3066,Blankets And Throws,0.4293,0.15,0.17,3116.1,5666.51,6.49,0.0,-1.0,-6.49,False,False
25,44,1748,Revman International,Missy Paragamian,MSTT6609,Blankets And Throws,0.26739999999999997,0.22,,358.86,662.55,6.47,0.0,-1.0,-6.47,False,False
25,45,1748,Revman International,Missy Paragamian,KBFC2537,Sheets & Pillowcases,0.4919,0.22,,334.0,600.45,6.47,0.0,-1.0,-6.47,False,False
25,46,1748,Revman International,Missy Paragamian,WRG10120,Sheets & Pillowcases,,0.2229,,297.64,732.2,6.44,0.0,-1.0,-6.44,False,False
25,47,25843,"Bedshe International Co.,LTD",Rainbow Wu,BDUR3401,Blankets And Throws,,0.05,0.06,118.05,143.98,6.42,0.0,-1.0,-6.42,False,False
25,48,1987,JLA Home,Missy Paragamian,RDBE1901,Bedding Sets,0.2979,0.15,0.35159999999999997,665.4,775.22,6.41,0.0,-1.0,-6.41,False,False
25,49,17102,Trade-Linker,Jaiden Lawlor,AAHX1015,Bedding Sets,0.2024,0.12,,236.72,528.0,6.4,0.0,-1.0,-6.4,False,False
25,50,32808,CAN_Cathay Home Inc.,Paige Beattie,DRVU1380,Sheets & Pillowcases,0.5,0.35,0.38,144.99,405.41,6.4,0.0,-1.0,-6.4,False,False
25,51,1987,JLA Home,Missy Paragamian,NDHB1030,Kids Bedding Sets,0.3875,0.15,0.4439,645.88,995.55,6.4,0.0,-1.0,-6.4,False,False
25,52,41493,HUI Resource,Supplier Service Desk,PBHM3507,Accent Pillows,,0.45,0.55,162.5,382.69,6.39,0.0,-1.0,-6.39,False,False
25,53,348967,Nanyang Dingjiayue Shangmao Youxiansi,Jessica Gu,WAGS1057,Bedding Sets,0.2,0.15,0.2,327.25,451.9,6.38,27.74,3.3451999999999997,21.36,True,True
25,54,22695,ELEGANCE LINEN,Benjamin Hannigan,EEGA1345,Sheets & Pillowcases,0.5,0.25,0.3,272.6,573.13,6.38,0.0,-1.0,-6.38,False,False
25,55,27315,CAN_Beco Industries,Paige Beattie,DRQH1922,Blankets And Throws,0.5,0.15,0.25,891.0,1510.33,6.37,0.0,-1.0,-6.37,False,False
25,56,2554,Pem America,Benjamin Hannigan,BDOK1115,Bedding Sets,0.2343,0.15,0.201,793.8,1230.26,6.35,0.0,-1.0,-6.35,False,False
25,57,1987,JLA Home,Missy Paragamian,NCWA1437,Bedding Sets,0.2807,0.15,0.3293,6193.62,7079.32,6.32,0.0,-1.0,-6.32,False,False
25,58,1748,Revman International,Missy Paragamian,VRWG2091,Bedding Sets,0.2,0.2957,,527.84,693.73,6.32,0.0,-1.0,-6.32,False,False
25,59,1987,JLA Home,Missy Paragamian,NCWA1833,Bedding Sets,0.4414,0.15,0.4968,3544.6,4280.01,6.32,0.0,-1.0,-6.32,False,False
25,60,69162,Kusnug,Rikki Sartor,KSNU1172,Accent Pillows,0.3043,0.15,0.2,1416.02,3444.91,6.31,59.57,8.4451,53.26,True,True
25,61,2554,Pem America,Benjamin Hannigan,GYTD1011,Bedding Sets,0.2,0.25,0.295,1837.25,3398.11,6.3,232.51,35.9005,226.20999999999998,True,True
25,62,348967,Nanyang Dingjiayue Shangmao Youxiansi,Jessica Gu,WAGS1056,Bedding Sets,,0.15,,346.46,441.52,6.29,0.0,-1.0,-6.29,False,False
25,63,348967,Nanyang Dingjiayue Shangmao Youxiansi,Jessica Gu,WAGS1158,Bedding Sets,,0.15,,68.0,94.99,6.29,0.0,-1.0,-6.29,False,False
25,64,1452,Loloi Rugs,Alex Melius,ABEH1236,Accent Pillows,0.2188,0.18989999999999999,0.23989999999999997,238.25,424.05,6.29,0.0,-1.0,-6.29,False,False
26,1,27315,CAN_Beco Industries,Paige Beattie,BCHO1681,Bedding Sets,0.5,0.15,0.25,147.5,340.92,6.29,0.0,-1.0,-6.29,False,False
26,2,2554,Pem America,Benjamin Hannigan,PHBC1016,Bedding Sets,0.25370000000000004,0.15,0.201,1873.93,3349.94,6.27,0.0,-1.0,-6.27,False,False
26,3,63138,"Changshu Youthsky Import Export Co.,Ltd",Jessica Gu,SEPL1118,Sheets & Pillowcases,,0.05,0.05,389.4,575.67,6.26,33.44,4.3419,27.18,True,True
26,4,25843,"Bedshe International Co.,LTD",Rainbow Wu,BDUR1850,Sheets & Pillowcases,,0.15,0.17,202.89,204.43,6.26,0.0,-1.0,-6.26,False,False
26,5,80197,CENTRADE INC.,Jessica Gu,WWMA1084,Accent Pillows,0.5,0.17,0.22,2649.01,4477.46,6.25,0.0,-1.0,-6.25,False,False
26,6,30347,Lifestyle Group Distribution Inc,Waverly Winterer,HMRT2992,Accent Pillows,0.5,0.2,0.24,1168.85,2210.6,6.24,0.0,-1.0,-6.24,False,False
26,7,1748,Revman International,Missy Paragamian,BCTS1298,Bedding Sets,0.3506,0.27,,1212.32,1914.61,6.23,0.0,-1.0,-6.23,False,False
26,8,1748,Revman International,Missy Paragamian,MSTT6657,Bedding Sets,0.2643,0.22,,754.65,1403.04,6.23,0.0,-1.0,-6.23,False,False
26,9,1748,Revman International,Missy Paragamian,MSTT6669,Bedding Sets,0.2,0.2138,,182.4,274.74,6.23,0.0,-1.0,-6.23,False,False
26,10,1748,Revman International,Missy Paragamian,KBFC2592,Bedding Sets,0.3161,0.22,,2825.78,3818.18,6.23,0.0,-1.0,-6.23,False,False
26,11,1748,Revman International,Missy Paragamian,KBFC2679,Bedding Sets,0.3084,0.27,,1389.64,1659.9,6.23,0.0,-1.0,-6.23,False,False
26,12,1748,Revman International,Missy Paragamian,MSTT6534,Bedding Sets,0.3084,0.22,,1184.24,2167.69,6.23,0.0,-1.0,-6.23,False,False
26,13,1748,Revman International,Missy Paragamian,QO10401,Bedding Sets,0.5,0.22,,1018.4,1508.88,6.23,0.0,-1.0,-6.23,False,False
26,14,1748,Revman International,Missy Paragamian,QO10450,Bedding Sets,0.2643,0.27,,643.5,1208.17,6.23,0.0,-1.0,-6.23,False,False
26,15,1748,Revman International,Missy Paragamian,KBFC2841,Bedding Sets,0.301,0.22,,524.34,994.87,6.23,38.53,5.1876,32.3,True,True
26,16,1748,Revman International,Missy Paragamian,TBL11169,Bedding Sets,0.30829999999999996,0.36460000000000004,,273.75,295.88,6.23,47.08,6.560599999999999,40.849999999999994,True,True
26,17,1748,Revman International,Missy Paragamian,VRWG2233,Bedding Sets,,0.27,,199.96,361.67,6.23,0.0,-1.0,-6.23,False,False
26,18,1748,Revman International,Missy Paragamian,TMBH1240,Bedding Sets,,0.21050000000000002,,121.56,189.98,6.23,0.0,-1.0,-6.23,False,False
26,19,1748,Revman International,Missy Paragamian,KCN10170,Bedding Sets,,0.27,,82.5,154.92,6.23,0.0,-1.0,-6.23,False,False
26,20,30347,Lifestyle Group Distribution Inc,Waverly Winterer,UNOR3010,Accent Pillows,,0.2,0.24,1215.33,2265.52,6.22,0.0,-1.0,-6.22,False,False
26,21,1987,JLA Home,Missy Paragamian,NCWA1606,Bedding Sets,0.39299999999999996,0.17,0.441,5305.6,6853.97,6.18,0.0,-1.0,-6.18,False,False
26,22,1987,JLA Home,Missy Paragamian,MCRW7051,Bedding Sets,0.44909999999999994,0.15,0.2,728.55,924.99,6.18,0.0,-1.0,-6.18,False,False
26,23,1987,JLA Home,Missy Paragamian,JLZL1203,Accent Pillows,0.4439,0.12,0.3234,3082.66,5090.91,6.17,149.77,23.289699999999996,143.60000000000002,True,True
26,24,25843,"Bedshe International Co.,LTD",Rainbow Wu,BDUR3158,Bedding Sets,,0.14,0.17,385.8,433.97,6.17,0.0,-1.0,-6.17,False,False
26,25,7344,Victoria Classics,Supplier Service Desk,BGRS2353,Bedding Sets,0.37170000000000003,0.1492,0.19920000000000002,635.28,1027.75,6.16,0.0,-1.0,-6.16,False,False
26,26,27315,CAN_Beco Industries,Paige Beattie,KBFC1901,Bedding Sets,0.391,0.15,0.25,2239.56,3166.76,6.14,0.0,-1.0,-6.14,False,False
26,27,24696,Daniel Linen/Home Sweet Home Dreams Inc.,Supplier Service Desk,HSHD1479,Sheets & Pillowcases,0.2,0.02,0.021,672.75,1315.96,6.13,0.0,-1.0,-6.13,False,False
26,28,2554,Pem America,Benjamin Hannigan,CANN1223,Bedding Sets,0.386,0.2,0.248,285.19,405.96,6.13,0.0,-1.0,-6.13,False,False
26,29,2554,Pem America,Benjamin Hannigan,OBYI1001,Bedding Sets,0.2349,0.25,0.295,2043.05,3091.51,6.12,0.0,-1.0,-6.12,False,False
26,30,1748,Revman International,Missy Paragamian,KBFC2814,Bedding Sets,0.2643,0.22,,525.4,858.79,6.1,0.0,-1.0,-6.1,False,False
26,31,25843,"Bedshe International Co.,LTD",Rainbow Wu,BDUR3071,Blankets And Throws,,0.15,0.17,2470.37,4087.4,6.08,0.0,-1.0,-6.08,False,False
26,32,12684,Bargain Online Shops LLC,Jaiden Lawlor,SSFL1460,Bedding Sets,0.2248,0.1,,1601.6,3144.89,6.08,0.0,-1.0,-6.08,False,False
26,33,12684,Bargain Online Shops LLC,Jaiden Lawlor,SSFL1294,Bedding Sets,0.2,0.1,,2110.4,3731.02,6.08,0.0,-1.0,-6.08,False,False
26,34,12684,Bargain Online Shops LLC,Jaiden Lawlor,SSFL1478,Bedding Sets,0.2,0.1,,470.4,880.34,6.08,0.0,-1.0,-6.08,False,False
26,35,2554,Pem America,Benjamin Hannigan,LFMF3779,Bedding Sets,0.207,0.2,,1681.8,2618.08,6.08,27.16,3.4697000000000005,21.08,True,True
26,36,1987,JLA Home,Missy Paragamian,JLZL1312,Bedding Sets,0.4414,0.17,0.4968,1584.17,2825.7,6.08,45.7,6.5214,39.620000000000005,True,True
26,37,25843,"Bedshe International Co.,LTD",Rainbow Wu,BDUR3016,Bedding Sets,,0.18,0.21,1870.52,2032.35,6.07,50.62,7.3462,44.55,True,True
26,38,43431,ocean home fashion inc,Asia Supplier Service Desk,MRCL1234,Bedding Sets,0.2,0.11,0.12,190.4,304.8,6.04,0.0,-1.0,-6.04,False,False
26,39,67551,"Suzhou lanqinglv Trading co,. ltd",lance Zhou,OELA1439,Bedding Sets,0.5,0.35,,1077.6,1797.18,6.01,0.0,-1.0,-6.01,False,False
26,40,7344,Victoria Classics,Supplier Service Desk,GRYL6747,Bedding Sets,0.42840000000000006,0.19,0.24,1819.37,2633.52,6.0,0.0,-1.0,-6.0,False,False
26,41,1748,Revman International,Missy Paragamian,MBVB1817,Bedding Sets,0.3144,0.1388,,1570.19,2508.52,5.99,0.0,-1.0,-5.99,False,False
26,42,67551,"Suzhou lanqinglv Trading co,. ltd",lance Zhou,OELA1429,Bedding Sets,0.5,0.35,,572.14,910.52,5.98,0.0,-1.0,-5.98,False,False
26,43,228805,IMPERIAL HOMEWARE LONDO,NS LuIpMpIlTieEr DService Desk,IPCR1106,Blankets And Throws,0.3382,0.1,,139.92,350.08,5.97,0.0,-1.0,-5.97,False,False
26,44,20128,"SLNY Home INC, DBA Spirit Linen",Supplier Service Desk,SPLI1034,Sheets & Pillowcases,0.36,0.15,0.15,2265.3,4631.52,5.95,0.0,-1.0,-5.95,False,False
26,45,67551,"Suzhou lanqinglv Trading co,. ltd",lance Zhou,OELA1194,Bedding Sets,0.4571,0.22,,4810.53,7945.02,5.95,50.58,7.5064,44.629999999999995,True,True
26,46,1987,JLA Home,Missy Paragamian,NDHB1037,Kids Bedding Sets,0.4439,0.15,0.5,1344.42,1968.47,5.94,0.0,-1.0,-5.94,False,False
26,47,1987,JLA Home,Missy Paragamian,TRPT2343,Bedding Sets,0.47159999999999996,0.15,0.5,5997.17,7872.14,5.93,0.0,-1.0,-5.93,False,False
26,48,27315,CAN_Beco Industries,Paige Beattie,TBL10309,Bedding Sets,0.3603,0.15,0.25,3176.84,4508.64,5.92,0.0,-1.0,-5.92,False,False
26,49,2554,Pem America,Benjamin Hannigan,FYEB1018,Bedding Sets,,0.15,0.201,447.51,729.8,5.91,59.07,9.0,53.16,True,True
26,50,1748,Revman International,Missy Paragamian,MBVB1864,Bedding Sets,0.4545,0.3515,,334.41,473.59,5.9,0.0,-1.0,-5.9,False,False
26,51,23665,"Cozy Line Home Fashions, Inc.",Jaiden Lawlor,CLHF1300,Kids Bedding Sets,0.4637,0.05,0.1,1502.07,2803.67,5.9,0.0,-1.0,-5.9,False,False
26,52,25843,"Bedshe International Co.,LTD",Rainbow Wu,BDUR1472,Bedding Sets,0.47409999999999997,0.11,0.14,2094.45,2241.13,5.87,0.0,-1.0,-5.87,False,False
26,53,1748,Revman International,Missy Paragamian,TBL10974,Bedding Sets,0.3084,0.27,,308.5,412.89,5.86,0.0,-1.0,-5.86,False,False
26,54,20128,"SLNY Home INC, DBA Spirit Linen",Supplier Service Desk,TCTZ1959,Blankets And Throws,0.3759,0.15,0.15,676.22,1319.19,5.85,0.0,-1.0,-5.85,False,False
26,55,2554,Pem America,Benjamin Hannigan,SDCM1115,Bedding Sets,0.2427,0.15,0.201,223.0,447.26,5.84,30.53,4.2249,24.69,True,True
26,56,1452,Loloi Rugs,Alex Melius,ARXL1028,Accent Pillows,0.2,0.0259,,2971.56,5814.0,5.84,0.0,-1.0,-5.84,False,False
26,57,23665,"Cozy Line Home Fashions, Inc.",Jaiden Lawlor,CLHF1474,Kids Bedding Sets,0.2225,0.05,0.1,488.8,851.96,5.83,0.0,-1.0,-5.83,False,False
26,58,30347,Lifestyle Group Distribution Inc,Waverly Winterer,HMRT3203,Accent Pillows,0.5,0.2,0.24,2873.66,5089.08,5.82,0.0,-1.0,-5.82,False,False
26,59,30347,Lifestyle Group Distribution Inc,Waverly Winterer,BBMT4843,Accent Pillows,,0.2,0.24,869.99,1374.16,5.82,64.44,10.0684,58.62,True,True
26,60,30347,Lifestyle Group Distribution Inc,Waverly Winterer,UNOR3009,Accent Pillows,,0.2,0.24,1546.03,3033.6,5.82,0.0,-1.0,-5.82,False,False
26,61,14580,Amrapur Overseas Inc.,Jaiden Lawlor,MDER1156,Bedding Sets,0.4954,0.1,0.15,252.54,380.59,5.81,0.0,-1.0,-5.81,False,False
26,62,25843,"Bedshe International Co.,LTD",Rainbow Wu,BDUR3320,Bedding Sets,,0.18,0.21,1553.27,1958.4,5.81,0.0,-1.0,-5.81,False,False
26,63,72667,"Jiangsu Meideni Textile CO.,LTD",lance Zhou,ALDL1217,Bedding Sets,0.4472,0.2,,610.98,721.59,5.77,0.0,-1.0,-5.77,False,False
26,64,55893,WonderfulCo,lance Zhou,WNTX1165,Bedding Sets,0.5,0.1,,1730.77,2434.07,5.76,52.07,8.0321,46.31,True,True
27,1,72878,WW Sheets,Jaiden Lawlor,WSHE1152,Blankets And Throws,0.4033,0.35,0.36,414.0,838.96,5.76,0.0,-1.0,-5.76,False,False
27,2,1987,JLA Home,Missy Paragamian,WLR1252,Bedding Sets,0.39299999999999996,0.12,0.441,2762.3,3909.82,5.76,0.0,-1.0,-5.76,False,False
27,3,7344,Victoria Classics,Supplier Service Desk,BVCG1101,Bedding Sets,0.2463,0.2863,0.33630000000000004,938.07,2164.13,5.75,0.0,-1.0,-5.75,False,False
27,4,1987,JLA Home,Missy Paragamian,WDLN3831,Bedding Sets,0.5,0.17,0.5,1757.78,1955.83,5.75,0.0,-1.0,-5.75,False,False
27,5,1748,Revman International,Missy Paragamian,KBFC1898,Accent Pillows,0.345,0.22,,7622.8,10607.0,5.75,0.0,-1.0,-5.75,False,False
27,6,1748,Revman International,Missy Paragamian,TBL11165,Bedding Sets,0.3144,0.20800000000000002,,2511.06,3471.25,5.75,50.86,7.8483,45.11,True,True
27,7,1748,Revman International,Missy Paragamian,SBD10006,Bedding Sets,0.5,0.34049999999999997,,655.24,778.64,5.75,0.0,-1.0,-5.75,False,False
27,8,67551,"Suzhou lanqinglv Trading co,. ltd",lance Zhou,OELA1495,Bedding Sets,0.4371,0.35,,1292.02,2230.89,5.75,0.0,-1.0,-5.75,False,False
27,9,1987,JLA Home,Missy Paragamian,VBDN1036,Kids Bedding Sets,0.4661,0.15,0.5,836.38,1238.46,5.73,0.0,-1.0,-5.73,False,False
27,10,2554,Pem America,Benjamin Hannigan,CTGC1033,Bedding Sets,0.2206,0.25,,590.7,1085.27,5.71,0.0,-1.0,-5.71,False,False
27,11,76232,Kindred Home,Supplier Service Desk,BNDR1194,Accent Pillows,0.3481,0.2857,,144.48,441.85,5.71,9.03,0.5809000000000001,3.3199999999999994,True,True
27,12,1748,Revman International,Missy Paragamian,BCTS1301,Bedding Sets,0.3542,0.22,,1036.5,1445.43,5.7,0.0,-1.0,-5.7,False,False
27,13,12684,Bargain Online Shops LLC,Jaiden Lawlor,SSFL1461,Bedding Sets,0.2,0.1,,642.0,1417.85,5.7,0.0,-1.0,-5.7,False,False
27,14,12684,Bargain Online Shops LLC,Jaiden Lawlor,SSFL1471,Bedding Sets,0.2,0.1,,630.4,1194.14,5.7,0.0,-1.0,-5.7,False,False
27,15,2554,Pem America,Benjamin Hannigan,BDOK1105,Bedding Sets,0.4733,0.35,0.389,113.14,189.8,5.69,0.0,-1.0,-5.69,False,False
27,16,27315,CAN_Beco Industries,Paige Beattie,BCHO1677,Bedding Sets,,0.15,0.25,519.36,1139.17,5.66,0.0,-1.0,-5.66,False,False
27,17,1748,Revman International,Missy Paragamian,TMBH1189,Accent Pillows,,0.54,,423.6,876.85,5.64,0.0,-1.0,-5.64,False,False
27,18,1748,Revman International,Missy Paragamian,MBVB1950,Bedding Sets,,0.27,,663.6,1108.01,5.64,0.0,-1.0,-5.64,False,False
27,19,1748,Revman International,Missy Paragamian,QO10490,Bedding Sets,,0.22,,898.4,1536.41,5.63,0.0,-1.0,-5.63,False,False
27,20,2554,Pem America,Benjamin Hannigan,VICU1064,Bedding Sets,0.3479,0.22,,77.85,136.48,5.63,0.0,-1.0,-5.63,False,False
27,21,30347,Lifestyle Group Distribution Inc,Waverly Winterer,HMRT3122,Accent Pillows,0.5,0.2,0.24,422.34,866.55,5.63,0.0,-1.0,-5.63,False,False
27,22,2554,Pem America,Benjamin Hannigan,SDCM1111,Bedding Sets,0.30010000000000003,0.2,0.248,420.45,789.72,5.63,0.0,-1.0,-5.63,False,False
27,23,41493,HUI Resource,Supplier Service Desk,PBHM2011,Accent Pillows,0.5,0.2,0.25,814.87,1587.08,5.62,0.0,-1.0,-5.62,False,False
27,24,1748,Revman International,Missy Paragamian,VRWG2234,Bedding Sets,0.2,0.2519,,1050.28,1384.04,5.61,0.0,-1.0,-5.61,False,False
27,25,2554,Pem America,Benjamin Hannigan,RYV10033,Sheets & Pillowcases,0.39299999999999996,0.25,0.295,175.91,262.28,5.57,0.0,-1.0,-5.57,False,False
27,26,214227,"Caluha Company, LLC",Supplier Service Desk,UBAD1020,Accent Pillows,0.3625,0.1,,2276.35,4411.83,5.56,0.0,-1.0,-5.56,False,False
27,27,23665,"Cozy Line Home Fashions, Inc.",Jaiden Lawlor,CLHF1357,Accent Pillows,0.2,0.05,0.1,1987.25,4007.91,5.54,0.0,-1.0,-5.54,False,False
27,28,1748,Revman International,Missy Paragamian,BCTS1186,Blankets And Throws,0.3825,0.22,,1366.94,1848.24,5.53,0.0,-1.0,-5.53,False,False
27,29,1748,Revman International,Missy Paragamian,BCTS1183,Blankets And Throws,0.3563,0.22,,955.9,1353.9,5.53,0.0,-1.0,-5.53,False,False
27,30,1748,Revman International,Missy Paragamian,KBFC2605,Bedding Sets,0.3144,0.22,,3334.24,5041.06,5.53,49.4,7.9315,43.87,True,True
27,31,1748,Revman International,Missy Paragamian,MSTT6661,Bedding Sets,0.2834,0.22,,439.36,723.99,5.53,0.0,-1.0,-5.53,False,False
27,32,25843,"Bedshe International Co.,LTD",Rainbow Wu,BDUR1158,Bedding Sets,0.22579999999999997,0.2,0.23,944.41,1261.37,5.53,43.13,6.800700000000001,37.6,True,True
27,33,1987,JLA Home,Missy Paragamian,NCWA2525,Blankets And Throws,0.5,0.12,0.5,540.55,702.78,5.53,0.0,-1.0,-5.53,False,False
27,34,1748,Revman International,Missy Paragamian,KBFC2347,Sheets & Pillowcases,0.4364,0.22,,527.06,959.75,5.52,9.88,0.7905,4.360000000000001,True,True
27,35,214227,"Caluha Company, LLC",Supplier Service Desk,UBAD1104,Accent Pillows,0.27940000000000004,0.1,,1618.53,2810.44,5.51,0.0,-1.0,-5.51,False,False
27,36,231496,"TEEMODERN, LLC dba Ethan Taylor",Alex Sarkisian,EHAH1645,Accent Pillows,,0.25,,58.5,109.98,5.5,0.0,-1.0,-5.5,False,False
27,37,231496,"TEEMODERN, LLC dba Ethan Taylor",Alex Sarkisian,EHAA7153,Accent Pillows,,0.25,,146.25,265.95,5.5,0.0,-1.0,-5.5,False,False
27,38,231496,"TEEMODERN, LLC dba Ethan Taylor",Alex Sarkisian,EHAA3909,Accent Pillows,,0.25,,58.5,107.98,5.5,0.0,-1.0,-5.5,False,False
27,39,231496,"TEEMODERN, LLC dba Ethan Taylor",Alex Sarkisian,EHAO1682,Accent Pillows,,0.25,,58.5,92.53,5.5,0.0,-1.0,-5.5,False,False
27,40,1748,Revman International,Missy Paragamian,TBL10896,Bedding Sets,0.30920000000000003,0.27,,1384.67,2027.39,5.48,0.0,-1.0,-5.48,False,False
27,41,1748,Revman International,Missy Paragamian,MBVB1909,Bedding Sets,0.3196,0.35960000000000003,,1240.66,1864.37,5.48,41.1,6.5013,35.620000000000005,True,True
27,42,1987,JLA Home,Missy Paragamian,HSHM2689,Bedding Sets,0.5,0.17,0.5,782.14,1059.91,5.48,0.0,-1.0,-5.48,False,False
27,43,231496,"TEEMODERN, LLC dba Ethan Taylor",Alex Sarkisian,EHAJ9728,Accent Pillows,,0.27,,283.09,571.87,5.47,0.0,-1.0,-5.47,False,False
27,44,1748,Revman International,Missy Paragamian,NAL1374,Bedding Sets,0.2,0.1607,,7086.82,8930.82,5.47,117.48,20.486900000000002,112.01,True,True
27,45,30347,Lifestyle Group Distribution Inc,Waverly Winterer,BBMT4850,Accent Pillows,0.5,0.2,0.24,1635.47,2334.97,5.47,0.0,-1.0,-5.47,False,False
27,46,348967,Nanyang Dingjiayue Shangmao Youxiansi,Jessica Gu,WAGS1107,Bedding Sets,,0.15,,52.0,79.99,5.46,0.0,-1.0,-5.46,False,False
27,47,80197,CENTRADE INC.,Jessica Gu,WWMA1265,Accent Pillows,,0.14,0.19,411.24,709.61,5.44,0.0,-1.0,-5.44,False,False
27,48,2554,Pem America,Benjamin Hannigan,SDCM1139,Sheets & Pillowcases,0.22460000000000002,0.2,,244.34,536.7,5.44,0.0,-1.0,-5.44,False,False
27,49,12684,Bargain Online Shops LLC,Jaiden Lawlor,SSFL1448,Bedding Sets,0.2248,0.1,,2833.4,5546.63,5.42,27.34,4.0492,21.92,True,True
27,50,23665,"Cozy Line Home Fashions, Inc.",Jaiden Lawlor,CLHF1308,Bedding Sets,0.4999,0.05,0.1,670.76,1170.25,5.4,0.0,-1.0,-5.4,False,False
27,51,27315,CAN_Beco Industries,Paige Beattie,BKDS1007,Kids Bedding Sets,,0.15,0.25,494.3,980.37,5.39,42.62,6.9079,37.23,True,True
27,52,25843,"Bedshe International Co.,LTD",Rainbow Wu,BDUR3308,Bedding Sets,0.3201,0.2,0.23,619.81,991.98,5.38,43.0,7.0,37.62,True,True
27,53,1987,JLA Home,Missy Paragamian,LF10306,Blankets And Throws,,0.17,0.49829999999999997,692.64,871.88,5.36,0.0,-1.0,-5.36,False,False
27,54,1452,Loloi Rugs,Alex Melius,CBIS1263,Accent Pillows,0.2,0.1175,0.16760000000000003,1519.92,2778.7,5.34,33.08,5.198200000000001,27.74,True,True
27,55,13106,Plutus Partners LLC,Supplier Service Desk,PPTS4846,Accent Pillows,,0.22,0.25,268.66,413.98,5.32,0.0,-1.0,-5.32,False,False
27,56,214227,"Caluha Company, LLC",Supplier Service Desk,UBAD1009,Accent Pillows,0.3625,0.1,,1296.22,2747.77,5.31,0.0,-1.0,-5.31,False,False
27,57,1987,JLA Home,Missy Paragamian,SLPH1138,Bedding Sets,,0.12,0.4254,1095.35,1346.37,5.3,0.0,-1.0,-5.3,False,False
27,58,1987,JLA Home,Missy Paragamian,JLZF1152,Bedding Sets,0.3862,0.15,0.44670000000000004,1004.09,1376.1,5.29,0.0,-1.0,-5.29,False,False
27,59,24282,"Nanshing America, Inc.",Jaiden Lawlor,MBSR1389,Bedding Sets,0.5,0.12,0.13,489.0,768.55,5.28,0.0,-1.0,-5.28,False,False
27,60,1748,Revman International,Missy Paragamian,TMBH1235,Bedding Sets,,0.19920000000000002,,596.43,1161.7,5.27,0.0,-1.0,-5.27,False,False
27,61,1748,Revman International,Missy Paragamian,ERB10883,Bedding Sets,0.2817,0.22,,3377.66,4077.51,5.27,61.6,10.6904,56.33,True,True
27,62,1748,Revman International,Missy Paragamian,KCN10055,Bedding Sets,0.3144,0.2455,,1559.2,2122.05,5.27,0.0,-1.0,-5.27,False,False
27,63,1748,Revman International,Missy Paragamian,ERB10954,Bedding Sets,0.3568,0.23870000000000002,,1435.03,2474.44,5.27,0.0,-1.0,-5.27,False,False
27,64,1748,Revman International,Missy Paragamian,MBVB1907,Bedding Sets,0.36219999999999997,0.3784,,1088.96,1692.25,5.27,0.0,-1.0,-5.27,False,False
28,1,27315,CAN_Beco Industries,Paige Beattie,XRT10066,Bedding Sets,0.5,0.15,0.25,796.67,1049.79,5.27,0.0,-1.0,-5.27,False,False
28,2,1748,Revman International,Missy Paragamian,WRG10117,Bedding Sets,,0.22,,288.83,509.03,5.27,0.0,-1.0,-5.27,False,False
28,3,1748,Revman International,Missy Paragamian,TMBH1231,Bedding Sets,,0.22,,165.0,287.18,5.27,0.0,-1.0,-5.27,False,False
28,4,1748,Revman International,Missy Paragamian,MSTT6655,Bedding Sets,,0.22,,156.75,248.97,5.27,0.0,-1.0,-5.27,False,False
28,5,1748,Revman International,Missy Paragamian,KBFC2426,Bedding Sets,0.2,0.22,,2398.53,3269.74,5.27,0.0,-1.0,-5.27,False,False
28,6,1748,Revman International,Missy Paragamian,BCTS1333,Bedding Sets,0.3084,0.23260000000000003,,1876.6,3520.96,5.27,0.0,-1.0,-5.27,False,False
28,7,78708,Foshan Shiyue (Visionary) Tradin,gB Leimnjiatemdi nC Homanpnaignayn,VSIO1134,Accent Pillows,0.3711,0.2,0.25,836.64,1655.97,5.26,0.0,-1.0,-5.26,False,False
28,8,67551,"Suzhou lanqinglv Trading co,. ltd",lance Zhou,OELA1274,Bedding Sets,0.5,0.25,,946.09,1925.27,5.26,0.0,-1.0,-5.26,False,False
28,9,22695,ELEGANCE LINEN,Benjamin Hannigan,WNPO5823,Bedding Sets,0.5,0.25,0.3,167.4,366.13,5.26,0.0,-1.0,-5.26,False,False
28,10,2554,Pem America,Benjamin Hannigan,SDCM1328,Bedding Sets,0.386,0.2,0.248,99.0,161.68,5.24,0.0,-1.0,-5.24,False,False
28,11,112418,SAF IJAZ,Supplier Service Desk,ABEJ1059,Bedding Sets,0.2,0.07,0.07,849.95,1530.8,5.21,0.0,-1.0,-5.21,False,False
28,12,23665,"Cozy Line Home Fashions, Inc.",Jaiden Lawlor,CLHF1304,Blankets And Throws,0.4432,0.05,0.1,1243.64,2430.9,5.2,16.54,2.1778999999999997,11.34,True,True
28,13,25843,"Bedshe International Co.,LTD",Rainbow Wu,BDUR2832,Blankets And Throws,0.3677,0.2,0.21,1490.07,857.2,5.2,0.0,-1.0,-5.2,False,False
28,14,1452,Loloi Rugs,Alex Melius,CBIS1093,Accent Pillows,0.2,0.0526,,751.0,1358.54,5.19,32.52,5.2659,27.330000000000002,True,True
28,15,1452,Loloi Rugs,Alex Melius,JHBL1002,Accent Pillows,0.2,0.0291,,34.14,52.99,5.19,33.73,5.499,28.539999999999996,True,True
28,16,2554,Pem America,Benjamin Hannigan,DSGZ1040,Bedding Sets,0.30079999999999996,0.22,,55.37,201.4,5.18,0.0,-1.0,-5.18,False,False
28,17,25843,"Bedshe International Co.,LTD",Rainbow Wu,BDUR2870,Bedding Sets,,0.18,0.21,320.94,454.59,5.18,31.61,5.0976,26.43,True,True
28,18,41493,HUI Resource,Supplier Service Desk,LTDR1929,Blankets And Throws,0.5,0.55,0.65,261.1,618.48,5.18,0.0,-1.0,-5.18,False,False
28,19,406213,Kensington Homeware US LLC,Supplier Service Desk,KGSI1000,Bedding Sets,0.248,0.11,,165.6,531.33,5.18,0.0,-1.0,-5.18,False,False
28,20,1748,Revman International,Missy Paragamian,MSTT6571,Bedding Sets,0.3084,0.1255,,450.0,899.91,5.15,0.0,-1.0,-5.15,False,False
28,21,241365,"CGK HOLDINGS, INC.",Jaiden Lawlor,CKAI1033,Sheets & Pillowcases,0.2761,0.22,0.3261,80.94,176.92,5.13,10.1,0.9684,4.97,True,True
28,22,2554,Pem America,Benjamin Hannigan,UCXE1112,Bedding Sets,,0.15,0.201,368.19,588.74,5.11,0.0,-1.0,-5.11,False,False
28,23,214227,"Caluha Company, LLC",Supplier Service Desk,UBAD1006,Accent Pillows,0.35409999999999997,0.1,,2563.7,5464.09,5.1,0.0,-1.0,-5.1,False,False
28,24,25843,"Bedshe International Co.,LTD",Rainbow Wu,BDUR1692,Bedding Sets,0.4177,0.2,0.23,833.78,959.96,5.09,23.01,3.5206,17.92,True,True
28,25,67551,"Suzhou lanqinglv Trading co,. ltd",lance Zhou,OELA1665,Bedding Sets,,0.25,,928.31,1639.76,5.08,0.0,-1.0,-5.08,False,False
28,26,1452,Loloi Rugs,Alex Melius,CBIS1259,Accent Pillows,0.3942,0.0955,0.14550000000000002,613.82,1088.35,5.08,0.0,-1.0,-5.08,False,False
28,27,25843,"Bedshe International Co.,LTD",Rainbow Wu,BDUR3110,Bedding Sets,,0.18,0.21,380.28,493.25,5.07,44.87,7.8449,39.8,True,True
28,28,1748,Revman International,Missy Paragamian,MSTT6665,Bedding Sets,0.2643,0.22,,894.28,1122.68,5.07,46.24,8.1163,41.17,True,True
28,29,2554,Pem America,Benjamin Hannigan,BDOK1152,Bedding Sets,,0.15,0.201,156.6,230.52,5.06,46.41,8.1647,41.349999999999994,True,True
28,30,7344,Victoria Classics,Supplier Service Desk,AAUB3757,Bedding Sets,0.428,0.19079999999999997,0.2408,974.39,1691.16,5.06,0.0,-1.0,-5.06,False,False
28,31,41493,HUI Resource,Supplier Service Desk,PBHM3410,Accent Pillows,0.5,0.3,0.4,808.0,1562.85,5.06,32.55,5.436,27.49,True,True
28,32,228805,IMPERIAL HOMEWARE LONDO,NS LuIpMpIlTieEr DService Desk,IPCR1113,Bedding Sets,0.5,0.1,,224.64,362.54,5.06,15.66,2.0958,10.600000000000001,True,True
28,33,25843,"Bedshe International Co.,LTD",Rainbow Wu,BDUR1517,Sheets & Pillowcases,0.40549999999999997,0.2,0.21,1348.75,1447.8,5.05,0.0,-1.0,-5.05,False,False
28,34,23665,"Cozy Line Home Fashions, Inc.",Jaiden Lawlor,CLHF1348,Bedding Sets,0.2021,0.05,0.1,3225.02,4582.57,5.05,0.0,-1.0,-5.05,False,False
28,35,16941,Sunham Home Fashions,Benjamin Hannigan,LNWD1010,Bedding Sets,0.2,0.18,0.23,162.71,323.18,5.04,0.0,-1.0,-5.04,False,False
28,36,214227,"Caluha Company, LLC",Supplier Service Desk,UBAD1055,Accent Pillows,0.4201,0.1,,2035.0,4408.36,5.03,0.0,-1.0,-5.03,False,False
28,37,76195,Ulli Home,Jaiden Lawlor,ULIH6669,Accent Pillows,,0.06,0.11,182.98,374.93,5.03,0.0,-1.0,-5.03,False,False
28,38,1748,Revman International,Missy Paragamian,KBFC1900,Accent Pillows,0.2942,0.27,,2941.79,5293.53,5.03,11.42,1.2722,6.39,True,True
28,39,1987,JLA Home,Missy Paragamian,NCWA1003,Bedding Sets,0.5,0.15,0.4042,5639.3,7345.69,5.03,0.0,-1.0,-5.03,False,False
28,40,41493,HUI Resource,Supplier Service Desk,PBHM3511,Accent Pillows,,0.4,0.5,276.75,538.9,5.02,0.0,-1.0,-5.02,False,False
28,41,63138,"Changshu Youthsky Import Export Co.,Ltd",Jessica Gu,SEPL1091,Blankets And Throws,,0.05,0.05,171.0,134.03,5.02,0.0,-1.0,-5.02,False,False
28,42,63138,"Changshu Youthsky Import Export Co.,Ltd",Jessica Gu,SEPL1063,Blankets And Throws,,0.05,0.05,490.35,553.66,5.01,12.53,1.499,7.52,True,True
28,43,231496,"TEEMODERN, LLC dba Ethan Taylor",Alex Sarkisian,EHAJ6827,Accent Pillows,,0.23,,53.3,101.98,5.01,0.0,-1.0,-5.01,False,False
28,44,231496,"TEEMODERN, LLC dba Ethan Taylor",Alex Sarkisian,EHAA5721,Accent Pillows,,0.25,,58.5,109.98,5.01,0.0,-1.0,-5.01,False,False
28,45,231496,"TEEMODERN, LLC dba Ethan Taylor",Alex Sarkisian,EHAA9043,Accent Pillows,,0.23,,53.3,101.98,5.01,0.0,-1.0,-5.01,False,False
28,46,231496,"TEEMODERN, LLC dba Ethan Taylor",Alex Sarkisian,EHAA9707,Accent Pillows,,0.23,,53.3,101.98,5.01,0.0,-1.0,-5.01,False,False
28,47,231496,"TEEMODERN, LLC dba Ethan Taylor",Alex Sarkisian,EHAO1727,Accent Pillows,,0.23,,53.3,103.98,5.01,0.0,-1.0,-5.01,False,False
28,48,120032,Oveesha L.L.C.,Supplier Service Desk,OEES1055,Accent Pillows,0.2781,0.2,,532.31,1082.23,5.0,22.25,3.45,17.25,True,True
28,49,32808,CAN_Cathay Home Inc.,Paige Beattie,CHLH3350,Bedding Sets,0.5,0.3,0.33,401.59,990.72,5.0,0.0,-1.0,-5.0,False,False
28,50,231496,"TEEMODERN, LLC dba Ethan Taylor",Alex Sarkisian,EHAH2599,Accent Pillows,,0.25,,58.5,107.98,5.0,0.0,-1.0,-5.0,False,False
28,51,12684,Bargain Online Shops LLC,Jaiden Lawlor,LFMF4292,Bedding Sets,0.2,0.1,,308.7,653.05,4.98,15.2,2.0534,10.219999999999999,True,True
28,52,1748,Revman International,Missy Paragamian,ERB1668,Bedding Sets,0.27940000000000004,0.22760000000000002,,4352.18,4520.43,4.96,57.23,10.5358,52.269999999999996,True,True
28,53,25843,"Bedshe International Co.,LTD",Rainbow Wu,BDUR1587,Blankets And Throws,,0.15,0.17,4048.33,5556.16,4.96,0.0,-1.0,-4.96,False,False
28,54,1748,Revman International,Missy Paragamian,KCN10161,Bedding Sets,0.32530000000000003,0.22,,2323.87,3472.56,4.94,0.0,-1.0,-4.94,False,False
28,55,1748,Revman International,Missy Paragamian,QO10496,Bedding Sets,,0.22,,289.0,464.74,4.94,88.62,16.9393,83.68,True,True
28,56,41493,HUI Resource,Supplier Service Desk,PBHM1688,Blankets And Throws,0.5,0.25,0.35,1598.19,2456.32,4.92,49.21,9.0,44.29,True,True
28,57,12684,Bargain Online Shops LLC,Jaiden Lawlor,LFMF4296,Accent Pillows,0.2274,0.5,,38.88,113.7,4.91,38.78,6.9046,33.870000000000005,True,True
28,58,1987,JLA Home,Missy Paragamian,VBDN1031,Kids Bedding Sets,0.4439,0.12,0.5,1795.13,2321.77,4.9,0.0,-1.0,-4.9,False,False
28,59,44480,"Whole Linens, Inc.",Supplier Service Desk,MDWP1312,Bedding Sets,0.5,0.3,0.5,559.2,690.29,4.89,0.0,-1.0,-4.89,False,False
28,60,25843,"Bedshe International Co.,LTD",Rainbow Wu,BDUR2363,Bedding Sets,0.3274,0.04,0.07,2469.03,2937.59,4.85,0.0,-1.0,-4.85,False,False
28,61,1987,JLA Home,Missy Paragamian,NCWA2854,Bedding Sets,0.3368,0.12,0.3851,4443.11,7514.76,4.85,0.0,-1.0,-4.85,False,False
28,62,12684,Bargain Online Shops LLC,Jaiden Lawlor,SSFL1457,Bedding Sets,0.2248,0.1,,849.0,1718.44,4.85,25.65,4.2941,20.799999999999997,True,True
28,63,16941,Sunham Home Fashions,Benjamin Hannigan,LNWD1018,Bedding Sets,0.2,0.12,0.17,687.65,1031.27,4.84,0.0,-1.0,-4.84,False,False
28,64,1748,Revman International,Missy Paragamian,KBFC1922,Accent Pillows,0.32520000000000004,0.22,,3187.39,4710.68,4.84,17.34,2.5833999999999997,12.5,True,True
29,1,23665,"Cozy Line Home Fashions, Inc.",Jaiden Lawlor,CLHF1299,Kids Bedding Sets,0.4029,0.05,0.1,2028.16,3396.54,4.82,0.0,-1.0,-4.82,False,False
29,2,23665,"Cozy Line Home Fashions, Inc.",Jaiden Lawlor,CLHF1471,Bedding Sets,,0.05,0.1,49.12,71.99,4.81,0.0,-1.0,-4.81,False,False
29,3,1987,JLA Home,Missy Paragamian,WLR1285,Blankets And Throws,0.442,0.12,0.2804,1154.57,1917.31,4.81,0.0,-1.0,-4.81,False,False
29,4,22695,ELEGANCE LINEN,Benjamin Hannigan,CHMB1696,Sheets & Pillowcases,0.5,0.25,0.3,157.52,352.68,4.81,0.0,-1.0,-4.81,False,False
29,5,2554,Pem America,Benjamin Hannigan,SDCM1118,Bedding Sets,0.3121,0.15,0.201,669.76,1318.24,4.81,0.0,-1.0,-4.81,False,False
29,6,1987,JLA Home,Missy Paragamian,XBYB1093,Bedding Sets,0.4414,0.12,,812.16,1559.58,4.8,0.0,-1.0,-4.8,False,False
29,7,1987,JLA Home,Missy Paragamian,VBDN1053,Kids Bedding Sets,0.4428,0.12,0.5,1270.75,1764.92,4.8,0.0,-1.0,-4.8,False,False
29,8,348967,Nanyang Dingjiayue Shangmao Youxiansi,Jessica Gu,WAGS1117,Bedding Sets,,0.15,,330.0,473.18,4.8,39.17,7.160399999999999,34.370000000000005,True,True
29,9,348967,Nanyang Dingjiayue Shangmao Youxiansi,Jessica Gu,WAGS1081,Bedding Sets,,0.15,,140.16,189.97,4.8,0.0,-1.0,-4.8,False,False
29,10,1748,Revman International,Missy Paragamian,WRG10059,Bedding Sets,0.5,0.22,,365.95,517.95,4.79,0.0,-1.0,-4.79,False,False
29,11,1748,Revman International,Missy Paragamian,KBFC2695,Kids Bedding Sets,0.5,0.38520000000000004,,2683.39,3749.29,4.79,0.0,-1.0,-4.79,False,False
29,12,1748,Revman International,Missy Paragamian,KCN10156,Sheets & Pillowcases,0.45520000000000005,0.22,,461.75,665.87,4.79,17.34,2.62,12.55,True,True
29,13,1748,Revman International,Missy Paragamian,GRYL6462,Bedding Sets,0.2,0.2071,,4310.31,5158.36,4.79,0.0,-1.0,-4.79,False,False
29,14,27315,CAN_Beco Industries,Paige Beattie,TBL10769,Bedding Sets,0.2,0.15,0.25,2792.6,4221.4,4.79,0.0,-1.0,-4.79,False,False
29,15,1748,Revman International,Missy Paragamian,TBL10318,Bedding Sets,0.3849,0.22,,1331.33,2107.95,4.79,0.0,-1.0,-4.79,False,False
29,16,1748,Revman International,Missy Paragamian,BCTS1365,Bedding Sets,,0.22,,417.5,739.91,4.79,0.0,-1.0,-4.79,False,False
29,17,1748,Revman International,Missy Paragamian,DRQH1960,Sheets & Pillowcases,0.2681,0.2004,,100.0,166.98,4.79,0.0,-1.0,-4.79,False,False
29,18,23665,"Cozy Line Home Fashions, Inc.",Jaiden Lawlor,CLHF1476,Bedding Sets,,0.05,0.1,147.16,293.96,4.79,0.0,-1.0,-4.79,False,False
29,19,1748,Revman International,Missy Paragamian,KCN10173,Bedding Sets,0.2,0.27,,273.67,411.69,4.78,0.0,-1.0,-4.78,False,False
29,20,41493,HUI Resource,Supplier Service Desk,PBHM3198,Accent Pillows,0.5,0.35,0.4,140.6,258.95,4.77,0.0,-1.0,-4.77,False,False
29,21,231496,"TEEMODERN, LLC dba Ethan Taylor",Alex Sarkisian,EHAA1766,Accent Pillows,0.37170000000000003,0.27,,1111.45,1679.13,4.75,0.0,-1.0,-4.75,False,False
29,22,1987,JLA Home,Missy Paragamian,NCWA2530,Blankets And Throws,0.33840000000000003,0.12,0.3862,1280.52,1728.64,4.75,0.0,-1.0,-4.75,False,False
29,23,241365,"CGK HOLDINGS, INC.",Jaiden Lawlor,CKAI1027,Sheets & Pillowcases,0.355,0.22,,403.59,767.79,4.74,0.0,-1.0,-4.74,False,False
29,24,55893,WonderfulCo,lance Zhou,WNTX1180,Bedding Sets,0.33390000000000003,0.1,,480.93,246.3,4.74,0.0,-1.0,-4.74,False,False
29,25,2554,Pem America,Benjamin Hannigan,SDCM1109,Bedding Sets,0.25370000000000004,0.25,,701.0,1234.05,4.73,0.0,-1.0,-4.73,False,False
29,26,67551,"Suzhou lanqinglv Trading co,. ltd",lance Zhou,OELA1559,Bedding Sets,0.5,0.4,,182.04,358.53,4.73,0.0,-1.0,-4.73,False,False
29,27,2554,Pem America,Benjamin Hannigan,BDOK1164,Sheets & Pillowcases,,0.15,0.201,89.67,154.98,4.73,0.0,-1.0,-4.73,False,False
29,28,1748,Revman International,Missy Paragamian,MBVB1746,Sheets & Pillowcases,0.5,0.22,,1492.95,3080.97,4.72,7.71,0.6341,2.99,True,True
29,29,76195,Ulli Home,Jaiden Lawlor,ULIH3175,Accent Pillows,0.24739999999999998,0.06,0.11,514.5,1054.87,4.68,0.0,-1.0,-4.68,False,False
29,30,55893,WonderfulCo,lance Zhou,WNTX1186,Bedding Sets,0.5,0.1,,717.62,1284.84,4.68,0.0,-1.0,-4.68,False,False
29,31,23665,"Cozy Line Home Fashions, Inc.",Jaiden Lawlor,CLHF1182,Bedding Sets,0.4954,0.05,0.1,1917.64,3372.17,4.68,84.87,17.133,80.19,True,True
29,32,107502,QKXB INC,Asia Supplier Service Desk,JHAA1045,Accent Pillows,0.5,0.5036,0.1,372.5,686.8,4.68,0.0,-1.0,-4.68,False,False
29,33,25843,"Bedshe International Co.,LTD",Rainbow Wu,BDUR2364,Bedding Sets,0.4403,0.42,0.45,2829.32,2745.01,4.68,0.0,-1.0,-4.68,False,False
29,34,67551,"Suzhou lanqinglv Trading co,. ltd",lance Zhou,OELA1461,Bedding Sets,0.5,0.35,,699.84,1445.72,4.67,0.0,-1.0,-4.67,False,False
29,35,27315,CAN_Beco Industries,Paige Beattie,HVNW1005,Bedding Sets,0.5,0.15,0.25,291.2,567.31,4.67,37.4,7.0171,32.73,True,True
29,36,43431,ocean home fashion inc,Asia Supplier Service Desk,MRCL1053,Kids Bedding Sets,0.2,0.11,0.12,590.31,1063.33,4.65,0.0,-1.0,-4.65,False,False
29,37,2554,Pem America,Benjamin Hannigan,BDOK1160,Blankets And Throws,0.37070000000000003,0.2,0.248,1275.89,1848.01,4.64,0.0,-1.0,-4.64,False,False
29,38,2554,Pem America,Benjamin Hannigan,FEFA1000,Bedding Sets,0.23260000000000003,0.25,0.295,695.96,925.02,4.64,0.0,-1.0,-4.64,False,False
29,39,1987,JLA Home,Missy Paragamian,XBYB1066,Blankets And Throws,0.5,0.17,0.5,267.66,572.51,4.64,0.0,-1.0,-4.64,False,False
29,40,67551,"Suzhou lanqinglv Trading co,. ltd",lance Zhou,OELA1664,Bedding Sets,,0.5,,432.05,492.9,4.64,0.0,-1.0,-4.64,False,False
29,41,2554,Pem America,Benjamin Hannigan,SDCM1256,Sheets & Pillowcases,0.4953,0.15,0.201,120.0,237.89,4.63,0.0,-1.0,-4.63,False,False
29,42,25843,"Bedshe International Co.,LTD",Rainbow Wu,BDUR3319,Bedding Sets,0.4061,0.2,0.23,394.84,595.16,4.63,0.0,-1.0,-4.63,False,False
29,43,1987,JLA Home,Missy Paragamian,ALMN1337,Bedding Sets,0.4414,0.15,0.3016,544.91,763.87,4.62,0.0,-1.0,-4.62,False,False
29,44,27315,CAN_Beco Industries,Paige Beattie,ERB10000,Bedding Sets,0.37689999999999996,0.15,0.25,5004.9,5245.56,4.61,0.0,-1.0,-4.61,False,False
29,45,72667,"Jiangsu Meideni Textile CO.,LTD",lance Zhou,ABAE1384,Bedding Sets,0.3387,0.25,0.3,254.44,391.24,4.61,0.0,-1.0,-4.61,False,False
29,46,348967,Nanyang Dingjiayue Shangmao Youxiansi,Jessica Gu,WAGS1080,Bedding Sets,,0.15,,192.0,230.95,4.61,0.0,-1.0,-4.61,False,False
29,47,348967,Nanyang Dingjiayue Shangmao Youxiansi,Jessica Gu,WAGS1088,Bedding Sets,,0.15,,144.0,277.36,4.61,0.0,-1.0,-4.61,False,False
29,48,348967,Nanyang Dingjiayue Shangmao Youxiansi,Jessica Gu,WAGS1115,Bedding Sets,,0.15,,100.0,140.98,4.61,0.0,-1.0,-4.61,False,False
29,49,348967,Nanyang Dingjiayue Shangmao Youxiansi,Jessica Gu,WAGS1201,Bedding Sets,,0.15,,97.5,156.98,4.61,0.0,-1.0,-4.61,False,False
29,50,23665,"Cozy Line Home Fashions, Inc.",Jaiden Lawlor,CLHF1442,Bedding Sets,0.2,0.05,0.1,943.51,1392.65,4.61,46.06,9.0,41.45,True,True
29,51,107502,QKXB INC,Asia Supplier Service Desk,JHAA1122,Accent Pillows,0.4849,0.057699999999999994,0.1,49.0,93.98,4.61,0.0,-1.0,-4.61,False,False
29,52,63138,"Changshu Youthsky Import Export Co.,Ltd",Jessica Gu,SEPL1031,Bedding Sets,0.22390000000000002,0.05,0.05,607.75,917.89,4.6,0.0,-1.0,-4.6,False,False
29,53,23665,"Cozy Line Home Fashions, Inc.",Jaiden Lawlor,CLHF1194,Bedding Sets,0.2,0.05,0.1,921.38,1454.42,4.59,0.0,-1.0,-4.59,False,False
29,54,67551,"Suzhou lanqinglv Trading co,. ltd",lance Zhou,OELA1041,Bedding Sets,0.5,0.32,,1100.63,1882.87,4.58,0.0,-1.0,-4.58,False,False
29,55,23665,"Cozy Line Home Fashions, Inc.",Jaiden Lawlor,CLHF1344,Bedding Sets,0.43579999999999997,0.05,0.1,2947.75,4925.33,4.58,45.27,8.8951,40.690000000000005,True,True
29,56,1452,Loloi Rugs,Alex Melius,KBPK5047,Accent Pillows,0.2789,0.0409,0.0909,356.43,699.41,4.57,0.0,-1.0,-4.57,False,False
29,57,1987,JLA Home,Missy Paragamian,JLZL1004,Sheets & Pillowcases,0.5,0.2,0.5,465.33,823.0,4.56,0.0,-1.0,-4.56,False,False
29,58,348967,Nanyang Dingjiayue Shangmao Youxiansi,Jessica Gu,WAGS1083,Bedding Sets,,0.15,,218.4,419.93,4.56,0.0,-1.0,-4.56,False,False
29,59,348967,Nanyang Dingjiayue Shangmao Youxiansi,Jessica Gu,WAGS1216,Bedding Sets,,0.15,,144.0,257.85,4.56,0.0,-1.0,-4.56,False,False
29,60,348967,Nanyang Dingjiayue Shangmao Youxiansi,Jessica Gu,WAGS1093,Bedding Sets,,0.15,,90.0,122.98,4.56,0.0,-1.0,-4.56,False,False
29,61,41493,HUI Resource,Supplier Service Desk,PBHM3618,Accent Pillows,0.5,0.45,0.55,333.9,944.48,4.56,0.0,-1.0,-4.56,False,False
29,62,41493,HUI Resource,Supplier Service Desk,PBHM3086,Accent Pillows,0.5,0.35,0.4,406.0,914.7,4.56,0.0,-1.0,-4.56,False,False
29,63,1987,JLA Home,Missy Paragamian,NGIN1148,Bedding Sets,0.5,0.2,0.4633,828.37,1299.78,4.55,0.0,-1.0,-4.55,False,False
29,64,1748,Revman International,Missy Paragamian,XRT10046,Bedding Sets,0.5,0.3256,,1409.85,1892.45,4.53,0.0,-1.0,-4.53,False,False
30,1,120032,Oveesha L.L.C.,Supplier Service Desk,OEES1019,Accent Pillows,0.33640000000000003,0.2,,240.0,503.36,4.53,0.0,-1.0,-4.53,False,False
30,2,23665,"Cozy Line Home Fashions, Inc.",Jaiden Lawlor,CLHF1153,Bedding Sets,0.2,0.05,0.1,4581.04,7149.16,4.53,45.25,8.9955,40.72,True,True
30,3,24696,Daniel Linen/Home Sweet Home Dreams Inc.,Supplier Service Desk,HSHD1458,Sheets & Pillowcases,0.2,0.03,0.031,239.1,673.98,4.5,0.0,-1.0,-4.5,False,False
30,4,2554,Pem America,Benjamin Hannigan,SDCM1073,Bedding Sets,0.2,0.2,,656.33,1457.77,4.49,0.0,-1.0,-4.49,False,False
30,5,43431,ocean home fashion inc,Asia Supplier Service Desk,MRCL1029,Bedding Sets,0.2,0.11,0.12,758.45,1127.35,4.47,0.0,-1.0,-4.47,False,False
30,6,72667,"Jiangsu Meideni Textile CO.,LTD",lance Zhou,ALDL1141,Bedding Sets,0.2889,0.15,,217.87,298.53,4.47,0.0,-1.0,-4.47,False,False
30,7,12684,Bargain Online Shops LLC,Jaiden Lawlor,SSFL1439,Bedding Sets,0.3372,0.1,,177.06,472.26,4.45,0.0,-1.0,-4.45,False,False
30,8,1987,JLA Home,Missy Paragamian,NCWA2729,Bedding Sets,0.2979,0.12,0.35159999999999997,536.93,791.42,4.44,0.0,-1.0,-4.44,False,False
30,9,25843,"Bedshe International Co.,LTD",Rainbow Wu,BDUR3286,Blankets And Throws,,0.12,0.13,82.19,193.97,4.44,0.0,-1.0,-4.44,False,False
30,10,7344,Victoria Classics,Supplier Service Desk,AAUB4612,Bedding Sets,0.4537,0.3102,0.3602,137.71,285.79,4.42,0.0,-1.0,-4.42,False,False
30,11,41493,HUI Resource,Supplier Service Desk,PBHM3201,Accent Pillows,0.5,0.3,0.35,155.25,292.23,4.42,0.0,-1.0,-4.42,False,False
30,12,27315,CAN_Beco Industries,Paige Beattie,BCHO1744,Kids Bedding Sets,0.5,0.15,0.25,210.52,479.94,4.4,0.0,-1.0,-4.4,False,False
30,13,1748,Revman International,Missy Paragamian,TBL11076,Bedding Sets,0.2,0.1902,,3032.64,4468.03,4.4,2.12,-0.5176,-2.2800000000000002,True,False
30,14,325542,Thermeez,Supplier Service Desk,ICKO1004,Sheets & Pillowcases,,0.02,,104.96,372.67,4.39,7.26,0.6545000000000001,2.87,True,True
30,15,44480,"Whole Linens, Inc.",Supplier Service Desk,MDWP1311,Bedding Sets,0.5,0.3,0.5,307.2,509.18,4.38,0.0,-1.0,-4.38,False,False
30,16,76195,Ulli Home,Jaiden Lawlor,ULIH4611,Accent Pillows,,0.06,0.11,206.5,429.48,4.38,0.0,-1.0,-4.38,False,False
30,17,348967,Nanyang Dingjiayue Shangmao Youxiansi,Jessica Gu,WAGS1123,Bedding Sets,,0.15,,137.5,188.97,4.38,0.0,-1.0,-4.38,False,False
30,18,348967,Nanyang Dingjiayue Shangmao Youxiansi,Jessica Gu,WAGS1097,Bedding Sets,,0.15,,220.8,305.95,4.38,0.0,-1.0,-4.38,False,False
30,19,348967,Nanyang Dingjiayue Shangmao Youxiansi,Jessica Gu,WAGS1101,Bedding Sets,0.2,0.15,0.2,487.2,669.89,4.38,0.0,-1.0,-4.38,False,False
30,20,348967,Nanyang Dingjiayue Shangmao Youxiansi,Jessica Gu,WAGS1116,Bedding Sets,0.2,0.15,0.2,451.2,639.37,4.38,0.0,-1.0,-4.38,False,False
30,21,348967,Nanyang Dingjiayue Shangmao Youxiansi,Jessica Gu,WAGS1091,Bedding Sets,0.2,0.15,0.2,363.5,497.92,4.38,0.0,-1.0,-4.38,False,False
30,22,348967,Nanyang Dingjiayue Shangmao Youxiansi,Jessica Gu,WAGS1052,Bedding Sets,0.2,0.15,0.2,343.2,472.92,4.38,0.0,-1.0,-4.38,False,False
30,23,348967,Nanyang Dingjiayue Shangmao Youxiansi,Jessica Gu,WAGS1048,Bedding Sets,,0.15,,218.4,235.87,4.38,0.0,-1.0,-4.38,False,False
30,24,348967,Nanyang Dingjiayue Shangmao Youxiansi,Jessica Gu,WAGS1196,Bedding Sets,,0.15,,88.8,123.98,4.38,0.0,-1.0,-4.38,False,False
30,25,348967,Nanyang Dingjiayue Shangmao Youxiansi,Jessica Gu,WAGS1099,Bedding Sets,,0.15,,86.4,118.98,4.38,0.0,-1.0,-4.38,False,False
30,26,348967,Nanyang Dingjiayue Shangmao Youxiansi,Jessica Gu,WAGS1036,Bedding Sets,,0.15,,100.0,137.98,4.38,0.0,-1.0,-4.38,False,False
30,27,23665,"Cozy Line Home Fashions, Inc.",Jaiden Lawlor,CLHF1434,Bedding Sets,0.2,0.05,0.1,848.83,1252.19,4.38,0.0,-1.0,-4.38,False,False
30,28,41493,HUI Resource,Supplier Service Desk,PBHM2394,Accent Pillows,,0.3,0.4,122.5,242.96,4.38,0.0,-1.0,-4.38,False,False
30,29,107502,QKXB INC,Asia Supplier Service Desk,JHAA1112,Accent Pillows,0.5,0.1379,0.1,75.0,176.96,4.36,0.0,-1.0,-4.36,False,False
30,30,80197,CENTRADE INC.,Jessica Gu,WWMA1046,Accent Pillows,0.5,0.17,0.22,1575.45,2290.5,4.36,41.27,8.4634,36.910000000000004,True,True
30,31,40013,Phantoscope,Jessica Gu,PHSC1954,Accent Pillows,,0.27,0.29,227.73,592.95,4.36,11.32,1.5969,6.96,True,True
30,32,43431,ocean home fashion inc,Asia Supplier Service Desk,MRCL1014,Blankets And Throws,0.2,0.11,0.12,2096.99,3482.61,4.36,0.0,-1.0,-4.36,False,False
30,33,23665,"Cozy Line Home Fashions, Inc.",Jaiden Lawlor,CLHF1028,Bedding Sets,0.2,0.05,0.1,915.23,1416.33,4.36,41.26,8.4742,36.9,True,True
30,34,2554,Pem America,Benjamin Hannigan,SDCM1140,Sheets & Pillowcases,0.41200000000000003,0.2,0.248,138.78,324.25,4.34,17.31,2.9902999999999995,12.969999999999999,True,True
30,35,81366,Aholicdeals Inc,Supplier Service Desk,AOAI1028,Sheets & Pillowcases,0.2341,0.05,0.11,151.84,339.55,4.32,14.29,2.3047999999999997,9.969999999999999,True,True
30,36,7344,Victoria Classics,Supplier Service Desk,AAUB4449,Bedding Sets,0.5,0.2928,0.3428,85.57,172.37,4.31,0.0,-1.0,-4.31,False,False
30,37,1748,Revman International,Missy Paragamian,QO10454,Bedding Sets,0.28809999999999997,0.22,,2370.0,3791.34,4.31,0.0,-1.0,-4.31,False,False
30,38,1748,Revman International,Missy Paragamian,BCTS1341,Bedding Sets,0.2787,0.19579999999999997,,1697.57,2859.26,4.31,112.43,25.0798,108.12,True,True
30,39,1748,Revman International,Missy Paragamian,MSTT6697,Bedding Sets,,0.22,,626.41,1055.09,4.31,0.0,-1.0,-4.31,False,False
30,40,1748,Revman International,Missy Paragamian,TBL11153,Sheets & Pillowcases,0.3127,0.1727,,266.3,608.96,4.31,0.0,-1.0,-4.31,False,False
30,41,1748,Revman International,Missy Paragamian,MBVB1858,Kids Bedding Sets,0.3329,0.2327,,1990.5,3040.85,4.31,58.08,12.4725,53.769999999999996,True,True
30,42,27315,CAN_Beco Industries,Paige Beattie,DRQH1921,Blankets And Throws,0.5,0.15,0.25,315.0,439.98,4.31,0.0,-1.0,-4.31,False,False
30,43,25843,"Bedshe International Co.,LTD",Rainbow Wu,BDUR3133,Bedding Sets,,0.2,0.23,474.3,764.18,4.3,0.0,-1.0,-4.3,False,False
30,44,25843,"Bedshe International Co.,LTD",Rainbow Wu,BDUR3371,Bedding Sets,,0.15,0.16,114.21,195.0,4.3,0.0,-1.0,-4.3,False,False
30,45,1452,Loloi Rugs,Alex Melius,ABEH1224,Accent Pillows,0.3421,0.0408,0.0908,5372.69,10079.8,4.29,30.56,6.1235,26.27,True,True
30,46,1748,Revman International,Missy Paragamian,WRG10002,Blankets And Throws,0.5,0.27,,524.36,918.7,4.28,10.82,1.5263,6.54,True,True
30,47,2554,Pem America,Benjamin Hannigan,SDCM1209,Sheets & Pillowcases,0.2,0.1875,,1244.54,2212.67,4.28,0.0,-1.0,-4.28,False,False
30,48,27315,CAN_Beco Industries,Paige Beattie,BKDS1003,Kids Bedding Sets,0.5,0.15,0.25,142.1,315.34,4.27,0.0,-1.0,-4.27,False,False
30,49,2554,Pem America,Benjamin Hannigan,FYEB1029,Blankets And Throws,,0.25,0.295,83.6,132.98,4.27,32.0,6.4988,27.73,True,True
30,50,23665,"Cozy Line Home Fashions, Inc.",Jaiden Lawlor,CLHF1341,Bedding Sets,0.2,0.05,0.1,1103.43,1927.66,4.27,0.0,-1.0,-4.27,False,False
30,51,78708,Foshan Shiyue (Visionary) Tradin,gB Leimnjiatemdi nC Homanpnaignayn,VSIO1091,Accent Pillows,0.4487,0.2,0.25,2462.32,4697.02,4.26,0.0,-1.0,-4.26,False,False
30,52,1987,JLA Home,Missy Paragamian,BCHH6087,Bedding Sets,0.4414,0.15,0.24989999999999998,3005.05,3812.24,4.23,0.0,-1.0,-4.23,False,False
30,53,23665,"Cozy Line Home Fashions, Inc.",Jaiden Lawlor,CLHF1181,Bedding Sets,0.4999,0.05,0.1,1105.51,1747.64,4.23,45.06,9.65,40.83,True,True
30,54,76195,Ulli Home,Jaiden Lawlor,ULIH6099,Blankets And Throws,,0.12,0.1,51.46,77.99,4.23,0.0,-1.0,-4.23,False,False
30,55,23665,"Cozy Line Home Fashions, Inc.",Jaiden Lawlor,CLHF1022,Bedding Sets,0.3157,0.05,0.1,5126.88,7490.24,4.22,0.0,-1.0,-4.22,False,False
30,56,1748,Revman International,Missy Paragamian,VRWG2200,Sheets & Pillowcases,0.2,0.0931,,394.0,803.0,4.22,0.0,-1.0,-4.22,False,False
30,57,23665,"Cozy Line Home Fashions, Inc.",Jaiden Lawlor,CLHF1356,Accent Pillows,0.2241,0.05,0.1,993.32,1939.43,4.2,0.0,-1.0,-4.2,False,False
30,58,25843,"Bedshe International Co.,LTD",Rainbow Wu,BDUR3260,Bedding Sets,,0.18,0.21,206.03,272.64,4.19,0.0,-1.0,-4.19,False,False
30,59,23665,"Cozy Line Home Fashions, Inc.",Jaiden Lawlor,CLHF1170,Bedding Sets,0.4999,0.05,0.1,2896.72,4468.08,4.18,41.79,9.0,37.61,True,True
30,60,23665,"Cozy Line Home Fashions, Inc.",Jaiden Lawlor,VVRE3753,Sheets & Pillowcases,0.4999,0.05,0.1,2079.04,3423.73,4.17,0.0,-1.0,-4.17,False,False
30,61,1748,Revman International,Missy Paragamian,XRT10068,Bedding Sets,0.2,0.1311,,744.35,996.22,4.15,0.0,-1.0,-4.15,False,False
30,62,72667,"Jiangsu Meideni Textile CO.,LTD",lance Zhou,ABAE1385,Bedding Sets,0.3387,0.25,0.3,957.7,1711.76,4.14,0.0,-1.0,-4.14,False,False
30,63,72667,"Jiangsu Meideni Textile CO.,LTD",lance Zhou,ABAE1387,Bedding Sets,,0.25,0.3,381.84,671.88,4.14,0.0,-1.0,-4.14,False,False
30,64,25843,"Bedshe International Co.,LTD",Rainbow Wu,BDUR2559,Blankets And Throws,0.4679,0.08,0.09,118.07,191.43,4.13,0.0,-1.0,-4.13,False,False
31,1,107502,QKXB INC,Asia Supplier Service Desk,JHAA1226,Accent Pillows,,0.16570000000000001,0.1,350.4,603.11,4.12,0.0,-1.0,-4.12,False,False
31,2,348967,Nanyang Dingjiayue Shangmao Youxiansi,Jessica Gu,WAGS1044,Bedding Sets,,0.15,,161.1,221.96,4.1,0.0,-1.0,-4.1,False,False
31,3,348967,Nanyang Dingjiayue Shangmao Youxiansi,Jessica Gu,WAGS1041,Bedding Sets,,0.15,,129.6,177.97,4.1,0.0,-1.0,-4.1,False,False
31,4,44480,"Whole Linens, Inc.",Supplier Service Desk,MDWP1092,Bedding Sets,0.5,0.49,0.5,592.5,1028.35,4.1,37.13,8.0642,33.03,True,True
31,5,23665,"Cozy Line Home Fashions, Inc.",Jaiden Lawlor,CLHF1010,Bedding Sets,0.2,0.05,0.1,978.87,1453.89,4.1,0.0,-1.0,-4.1,False,False
31,6,1987,JLA Home,Missy Paragamian,HUH10142,Bedding Accessories,0.5,0.25,0.4121,862.68,1668.31,4.07,7.76,0.9048,3.6899999999999995,True,True
31,7,1748,Revman International,Missy Paragamian,SBD10023,Sheets & Pillowcases,0.2,0.12890000000000001,,798.95,1139.39,4.07,36.58,7.983300000000001,32.51,True,True
31,8,1748,Revman International,Missy Paragamian,WRG10101,Sheets & Pillowcases,0.2681,0.22,,222.08,428.21,4.07,0.0,-1.0,-4.07,False,False
31,9,348967,Nanyang Dingjiayue Shangmao Youxiansi,Jessica Gu,WAGS1128,Bedding Sets,,0.15,,99.75,167.86,4.07,0.0,-1.0,-4.07,False,False
31,10,1987,JLA Home,Missy Paragamian,SLPH1149,Blankets And Throws,0.442,0.12,0.49829999999999997,426.03,594.92,4.04,14.76,2.6499,10.719999999999999,True,True
31,11,78708,Foshan Shiyue (Visionary) Tradin,gB Leimnjiatemdi nC Homanpnaignayn,VSIO1099,Accent Pillows,0.3711,0.2,0.25,1755.62,3219.04,4.04,0.0,-1.0,-4.04,False,False
31,12,78708,Foshan Shiyue (Visionary) Tradin,gB Leimnjiatemdi nC Homanpnaignayn,VSIO1098,Accent Pillows,0.3711,0.2,0.25,1747.71,3844.43,4.04,0.0,-1.0,-4.04,False,False
31,13,25843,"Bedshe International Co.,LTD",Rainbow Wu,BDUR3486,Bedding Sets,,0.18,0.21,181.86,225.81,4.03,0.0,-1.0,-4.03,False,False
31,14,24282,"Nanshing America, Inc.",Jaiden Lawlor,MBSR1047,Bedding Sets,0.5,0.12,0.13,638.38,1099.9,4.01,0.0,-1.0,-4.01,False,False
31,15,1987,JLA Home,Missy Paragamian,CHRH6447,Bedding Sets,0.2807,0.17,0.3072,2258.15,4433.6,4.0,33.19,7.299600000000001,29.189999999999998,True,True
31,16,43431,ocean home fashion inc,Asia Supplier Service Desk,MRCL1077,Bedding Sets,0.2,0.11,0.12,7458.29,10696.26,4.0,0.0,-1.0,-4.0,False,False
31,17,27315,CAN_Beco Industries,Paige Beattie,BCHO1732,Bedding Sets,0.5,0.15,0.25,271.2,670.65,3.99,0.0,-1.0,-3.99,False,False
31,18,25843,"Bedshe International Co.,LTD",Rainbow Wu,BDUR1347,Bedding Sets,0.5,0.2,0.23,1953.7,2488.53,3.99,0.0,-1.0,-3.99,False,False
31,19,44480,"Whole Linens, Inc.",Supplier Service Desk,MDWP1349,Bedding Sets,0.4052,0.33020000000000005,0.45020000000000004,767.05,1233.98,3.98,0.0,-1.0,-3.98,False,False
31,20,22695,ELEGANCE LINEN,Benjamin Hannigan,EEGA1219,Bed Skirts,,0.25,0.3,12.75,29.98,3.97,0.0,-1.0,-3.97,False,False
31,21,1987,JLA Home,Missy Paragamian,BGLT1678,Bedding Sets,0.4414,0.2,0.26649999999999996,523.78,914.38,3.97,0.0,-1.0,-3.97,False,False
31,22,1987,JLA Home,Missy Paragamian,BADI1275,Bedding Sets,0.46340000000000003,0.15,0.5,645.44,1059.07,3.95,0.0,-1.0,-3.95,False,False
31,23,107502,QKXB INC,Asia Supplier Service Desk,JHAA1175,Accent Pillows,0.5,0.4832,0.1,775.74,1837.0,3.95,0.0,-1.0,-3.95,False,False
31,24,67551,"Suzhou lanqinglv Trading co,. ltd",lance Zhou,OELA1693,Bedding Sets,,0.25,,190.75,370.91,3.95,0.0,-1.0,-3.95,False,False
31,25,406214,OXFORD HOMEWARE US LTD,Supplier Service Desk,OFCR1017,Bedding Sets,0.2243,0.2,,35.7,89.97,3.95,0.0,-1.0,-3.95,False,False
31,26,1987,JLA Home,Missy Paragamian,GRYL4665,Bedding Sets,0.4965,0.2,0.5,485.07,668.35,3.94,0.0,-1.0,-3.94,False,False
31,27,1987,JLA Home,Missy Paragamian,BADI1281,Sheets & Pillowcases,0.5,0.15,0.5,314.65,486.59,3.94,0.0,-1.0,-3.94,False,False
31,28,25843,"Bedshe International Co.,LTD",Rainbow Wu,BDUR1382,Bedding Sets,0.3274,0.2,0.23,1237.93,1341.64,3.94,0.0,-1.0,-3.94,False,False
31,29,14580,Amrapur Overseas Inc.,Jaiden Lawlor,MDER1167,Bedding Sets,0.3789,0.1,0.15,643.47,1043.04,3.93,35.95,8.138300000000001,32.02,True,True
31,30,23665,"Cozy Line Home Fashions, Inc.",Jaiden Lawlor,CLHF1305,Bedding Sets,0.4999,0.05,0.1,5882.77,9055.99,3.92,0.0,-1.0,-3.92,False,False
31,31,214227,"Caluha Company, LLC",Supplier Service Desk,GCEO5130,Accent Pillows,0.4341,0.1,,2576.94,5330.35,3.92,0.0,-1.0,-3.92,False,False
31,32,43431,ocean home fashion inc,Asia Supplier Service Desk,MRCL1089,Bedding Sets,0.2,0.11,0.12,1780.74,2941.87,3.91,0.0,-1.0,-3.91,False,False
31,33,23665,"Cozy Line Home Fashions, Inc.",Jaiden Lawlor,CLHF1099,Bedding Sets,0.4097,0.05,0.1,280.98,557.18,3.9,0.0,-1.0,-3.9,False,False
31,34,24696,Daniel Linen/Home Sweet Home Dreams Inc.,Supplier Service Desk,HSHD1440,Sheets & Pillowcases,0.2,0.02,0.021,116.4,226.95,3.9,0.0,-1.0,-3.9,False,False
31,35,25843,"Bedshe International Co.,LTD",Rainbow Wu,BDUR2356,Bedding Sets,0.39390000000000003,0.42,0.45,1075.05,1237.3,3.89,0.0,-1.0,-3.89,False,False
31,36,2554,Pem America,Benjamin Hannigan,BDOK1253,Bedding Sets,0.4752,0.15,0.201,128.0,219.49,3.88,0.0,-1.0,-3.88,False,False
31,37,2554,Pem America,Benjamin Hannigan,CANN1309,Bedding Sets,,0.15,0.201,40.0,73.99,3.88,0.0,-1.0,-3.88,False,False
31,38,67551,"Suzhou lanqinglv Trading co,. ltd",lance Zhou,OELA1137,Bedding Sets,0.5,0.32,,627.77,1314.71,3.87,0.0,-1.0,-3.87,False,False
31,39,17102,Trade-Linker,Jaiden Lawlor,AAHX1000,Sheets & Pillowcases,0.20199999999999999,0.12,,196.03,625.53,3.86,0.0,-1.0,-3.86,False,False
31,40,1748,Revman International,Missy Paragamian,QO10488,Accent Pillows,,0.22,,179.6,396.03,3.83,0.0,-1.0,-3.83,False,False
31,41,241365,"CGK HOLDINGS, INC.",Jaiden Lawlor,CKAI1032,Sheets & Pillowcases,0.218,0.22,,2522.01,5152.16,3.83,0.0,-1.0,-3.83,False,False
31,42,80197,CENTRADE INC.,Jessica Gu,WWMA1048,Accent Pillows,0.2762,0.17,0.22,1082.56,1620.99,3.83,0.0,-1.0,-3.83,False,False
31,43,23665,"Cozy Line Home Fashions, Inc.",Jaiden Lawlor,CLHF1210,Bedding Sets,0.4966,0.05,0.1,818.4,1613.89,3.82,0.0,-1.0,-3.82,False,False
31,44,1452,Loloi Rugs,Alex Melius,KBPK4918,Accent Pillows,,0.0374,0.0875,300.43,471.01,3.81,0.0,-1.0,-3.81,False,False
31,45,2554,Pem America,Benjamin Hannigan,FYEB1014,Sheets & Pillowcases,0.2,0.15,0.201,138.4,296.53,3.8,0.0,-1.0,-3.8,False,False
31,46,32808,CAN_Cathay Home Inc.,Paige Beattie,DRVU1283,Bedding Sets,0.5,0.4,0.43,863.15,1570.98,3.8,0.0,-1.0,-3.8,False,False
31,47,27315,CAN_Beco Industries,Paige Beattie,BCHO1712,Bedding Sets,0.5,0.15,0.25,152.7,322.4,3.78,0.0,-1.0,-3.78,False,False
31,48,348967,Nanyang Dingjiayue Shangmao Youxiansi,Jessica Gu,WAGS1163,Bedding Sets,,0.15,,540.6,704.31,3.77,0.0,-1.0,-3.77,False,False
31,49,1987,JLA Home,Missy Paragamian,GACQ1129,Blankets And Throws,0.2762,0.12,0.33020000000000005,415.16,713.31,3.76,0.0,-1.0,-3.76,False,False
31,50,81366,Aholicdeals Inc,Supplier Service Desk,AOAI1508,Sheets & Pillowcases,,0.1,0.11,96.95,194.59,3.76,0.0,-1.0,-3.76,False,False
31,51,27315,CAN_Beco Industries,Paige Beattie,SBD1381,Bedding Sets,0.5,0.15,0.25,1326.05,1812.95,3.76,0.0,-1.0,-3.76,False,False
31,52,17102,Trade-Linker,Jaiden Lawlor,LBHX5419,Sheets & Pillowcases,,0.12,,130.49,269.93,3.76,0.0,-1.0,-3.76,False,False
31,53,17102,Trade-Linker,Jaiden Lawlor,BMCM1007,Sheets & Pillowcases,0.2034,0.12,,2438.68,5927.3,3.76,25.6,5.8176,21.840000000000003,True,True
31,54,14580,Amrapur Overseas Inc.,Jaiden Lawlor,ACOT6771,Bedding Sets,0.2687,0.1,0.15,7960.65,13763.88,3.76,0.0,-1.0,-3.76,False,False
31,55,1987,JLA Home,Missy Paragamian,VBDN1056,Kids Bedding Sets,0.3875,0.17,0.4439,502.01,818.91,3.74,0.0,-1.0,-3.74,False,False
31,56,2554,Pem America,Benjamin Hannigan,SDCM1068,Bedding Sets,0.4567,0.25,0.295,125.25,269.63,3.73,0.0,-1.0,-3.73,False,False
31,57,7344,Victoria Classics,Supplier Service Desk,GIVI1023,Bedding Sets,0.43979999999999997,0.2843,0.3343,430.69,814.85,3.72,0.0,-1.0,-3.72,False,False
31,58,27315,CAN_Beco Industries,Paige Beattie,XRT10053,Bedding Sets,0.5,0.15,0.25,153.32,219.25,3.67,0.0,-1.0,-3.67,False,False
31,59,107502,QKXB INC,Asia Supplier Service Desk,RSDP2194,Accent Pillows,0.4668,0.3953,0.1,112.0,202.41,3.67,0.0,-1.0,-3.67,False,False
31,60,2554,Pem America,Benjamin Hannigan,SDCM1258,Bedding Sets,0.25370000000000004,0.25,0.295,644.09,1339.14,3.65,19.91,4.4533,16.26,True,True
31,61,72878,WW Sheets,Jaiden Lawlor,WSHE1157,Blankets And Throws,,0.2,0.21,188.1,316.95,3.65,0.0,-1.0,-3.65,False,False
31,62,25843,"Bedshe International Co.,LTD",Rainbow Wu,BDUR3327,Bedding Sets,,0.2,0.23,375.86,693.32,3.65,0.0,-1.0,-3.65,False,False
31,63,23665,"Cozy Line Home Fashions, Inc.",Jaiden Lawlor,CLHF1064,Bedding Sets,0.3122,0.05,0.1,1130.59,1845.04,3.64,0.0,-1.0,-3.64,False,False
31,64,2554,Pem America,Benjamin Hannigan,CANN1122,Bedding Sets,0.25370000000000004,0.15,0.201,355.2,671.03,3.63,0.0,-1.0,-3.63,False,False
32,1,25843,"Bedshe International Co.,LTD",Rainbow Wu,BDUR1149,Bedding Sets,0.3736,0.2,0.23,388.03,454.82,3.63,0.0,-1.0,-3.63,False,False
32,2,7344,Victoria Classics,Supplier Service Desk,WRMG3081,Bedding Sets,0.3638,0.23989999999999997,0.2899,261.72,427.8,3.63,0.0,-1.0,-3.63,False,False
32,3,22695,ELEGANCE LINEN,Benjamin Hannigan,EEGA1620,Bedding Sets,0.5,0.25,0.3,424.8,816.2,3.6,0.0,-1.0,-3.6,False,False
32,4,1748,Revman International,Missy Paragamian,KBFC1860,Accent Pillows,0.29350000000000004,0.2064,,2718.66,4143.71,3.6,31.36,7.7063,27.759999999999998,True,True
32,5,231496,"TEEMODERN, LLC dba Ethan Taylor",Alex Sarkisian,EHAJ7311,Accent Pillows,,0.23,,239.85,391.08,3.6,27.5,6.649500000000001,23.9,True,True
32,6,231496,"TEEMODERN, LLC dba Ethan Taylor",Alex Sarkisian,EHAA2641,Accent Pillows,,0.27,,43.55,87.98,3.6,0.0,-1.0,-3.6,False,False
32,7,1748,Revman International,Missy Paragamian,TMBH1225,Bedding Accessories,,0.27,,717.98,1499.27,3.59,18.02,4.0153,14.43,True,True
32,8,1987,JLA Home,Missy Paragamian,NCWA2728,Bedding Sets,0.3862,0.2,0.3851,329.04,400.39,3.59,0.0,-1.0,-3.59,False,False
32,9,27315,CAN_Beco Industries,Paige Beattie,HVNW1013,Bedding Sets,,0.15,0.25,102.0,220.06,3.58,0.0,-1.0,-3.58,False,False
32,10,73596,Fresh Linen Collection Inc,Supplier Service Desk,CESH1023,Sheets & Pillowcases,0.2,0.02,0.021,171.5,292.99,3.58,0.0,-1.0,-3.58,False,False
32,11,348967,Nanyang Dingjiayue Shangmao Youxiansi,Jessica Gu,WAGS1029,Bedding Sets,,0.15,,101.5,142.33,3.57,0.0,-1.0,-3.57,False,False
32,12,41493,HUI Resource,Supplier Service Desk,PBHM3488,Accent Pillows,0.4464,0.3,0.4,537.75,994.46,3.56,0.0,-1.0,-3.56,False,False
32,13,80197,CENTRADE INC.,Jessica Gu,WWMA1369,Accent Pillows,0.2644,0.06,0.11,285.87,500.92,3.56,35.19,8.8932,31.63,True,True
32,14,20128,"SLNY Home INC, DBA Spirit Linen",Supplier Service Desk,TCTZ1992,Blankets And Throws,0.3759,0.17,0.17,243.42,376.53,3.56,0.0,-1.0,-3.56,False,False
32,15,76195,Ulli Home,Jaiden Lawlor,ULIH2957,Accent Pillows,0.2,0.04,0.09,370.16,681.02,3.55,0.0,-1.0,-3.55,False,False
32,16,17102,Trade-Linker,Jaiden Lawlor,LBHX5300,Sheets & Pillowcases,0.2488,0.12,,368.7,633.01,3.54,0.0,-1.0,-3.54,False,False
32,17,1987,JLA Home,Missy Paragamian,JLZL1099,Bedding Sets,0.3862,0.2,0.3433,141.53,236.01,3.54,0.0,-1.0,-3.54,False,False
32,18,30347,Lifestyle Group Distribution Inc,Waverly Winterer,BGLS9939,Blankets And Throws,0.5,0.25,0.28,827.39,1671.96,3.54,0.0,-1.0,-3.54,False,False
32,19,30347,Lifestyle Group Distribution Inc,Waverly Winterer,HMRU6564,Blankets And Throws,,0.25,0.28,201.99,369.88,3.54,0.0,-1.0,-3.54,False,False
32,20,43431,ocean home fashion inc,Asia Supplier Service Desk,MRCL1177,Bedding Sets,0.3015,0.11,0.12,398.19,677.41,3.53,0.0,-1.0,-3.53,False,False
32,21,30347,Lifestyle Group Distribution Inc,Waverly Winterer,WRME4479,Accent Pillows,,0.2,0.24,268.78,564.8,3.53,0.0,-1.0,-3.53,False,False
32,22,1452,Loloi Rugs,Alex Melius,CBIS1257,Accent Pillows,0.39409999999999995,0.0735,0.12359999999999999,306.67,505.66,3.53,22.44,5.353300000000001,18.91,True,True
32,23,41493,HUI Resource,Supplier Service Desk,PBHM2779,Accent Pillows,0.5,0.4,0.5,255.15,695.41,3.52,0.0,-1.0,-3.52,False,False
32,24,55893,WonderfulCo,lance Zhou,WNTX1144,Bedding Sets,0.5,0.1,,221.85,53.69,3.5,0.0,-1.0,-3.5,False,False
32,25,12684,Bargain Online Shops LLC,Jaiden Lawlor,SSFL1459,Bedding Sets,0.2248,0.1,,2401.6,4595.07,3.5,0.0,-1.0,-3.5,False,False
32,26,43431,ocean home fashion inc,Asia Supplier Service Desk,MRCL1185,Bedding Sets,0.2,0.11,0.12,207.1,322.8,3.49,0.0,-1.0,-3.49,False,False
32,27,1748,Revman International,Missy Paragamian,VRWG2211,Blankets And Throws,0.312,0.2144,,1749.07,2853.16,3.48,0.0,-1.0,-3.48,False,False
32,28,1987,JLA Home,Missy Paragamian,JLZL1001,Accent Pillows,0.49939999999999996,0.12,0.5,3998.79,7743.47,3.47,0.0,-1.0,-3.47,False,False
32,29,76195,Ulli Home,Jaiden Lawlor,ULIH2813,Accent Pillows,,0.04,0.09,282.58,532.22,3.47,0.0,-1.0,-3.47,False,False
32,30,76195,Ulli Home,Jaiden Lawlor,ULIH2838,Accent Pillows,,0.04,0.09,213.6,381.84,3.47,0.0,-1.0,-3.47,False,False
32,31,1452,Loloi Rugs,Alex Melius,IGNO1152,Accent Pillows,0.40880000000000005,0.01,0.06,250.6,470.13,3.46,0.0,-1.0,-3.46,False,False
32,32,72878,WW Sheets,Jaiden Lawlor,WSHE1007,Blankets And Throws,0.34729999999999994,0.25,0.26,1001.87,2135.88,3.46,0.0,-1.0,-3.46,False,False
32,33,120032,Oveesha L.L.C.,Supplier Service Desk,KILD4827,Accent Pillows,0.4672,0.2,,889.81,1788.24,3.45,0.0,-1.0,-3.45,False,False
32,34,30347,Lifestyle Group Distribution Inc,Waverly Winterer,UNOR2904,Accent Pillows,0.5,0.2,0.24,1482.52,2421.41,3.45,0.0,-1.0,-3.45,False,False
32,35,30347,Lifestyle Group Distribution Inc,Waverly Winterer,UNOR3008,Accent Pillows,0.5,0.2,0.24,362.82,666.35,3.45,0.0,-1.0,-3.45,False,False
32,36,30347,Lifestyle Group Distribution Inc,Waverly Winterer,BGRS3874,Blankets And Throws,,0.2,0.24,96.29,166.48,3.45,0.0,-1.0,-3.45,False,False
32,37,76232,Kindred Home,Supplier Service Desk,BNDR1030,Accent Pillows,,0.1518,,16.11,62.96,3.45,0.0,-1.0,-3.45,False,False
32,38,1748,Revman International,Missy Paragamian,QO10486,Bedding Sets,0.3134,0.22,,1615.05,3345.57,3.45,0.0,-1.0,-3.45,False,False
32,39,14580,Amrapur Overseas Inc.,Jaiden Lawlor,MDER1161,Sheets & Pillowcases,0.3901,0.1,0.15,500.78,876.48,3.45,0.0,-1.0,-3.45,False,False
32,40,43431,ocean home fashion inc,Asia Supplier Service Desk,MRCL1072,Bedding Sets,0.34369999999999995,0.11,0.12,436.23,705.19,3.44,0.0,-1.0,-3.44,False,False
32,41,63138,"Changshu Youthsky Import Export Co.,Ltd",Jessica Gu,SEPL1157,Accent Pillows,,0.05,0.05,244.6,409.39,3.43,66.88,18.4872,63.449999999999996,True,True
32,42,23665,"Cozy Line Home Fashions, Inc.",Jaiden Lawlor,CLHF1075,Bedding Sets,0.3143,0.05,0.1,348.29,553.38,3.43,0.0,-1.0,-3.43,False,False
32,43,12684,Bargain Online Shops LLC,Jaiden Lawlor,SSFL1351,Bedding Sets,0.5,0.1,,297.6,573.3,3.43,0.0,-1.0,-3.43,False,False
32,44,1748,Revman International,Missy Paragamian,KCN10185,Blankets And Throws,0.2688,0.27,,3391.45,7087.39,3.41,0.0,-1.0,-3.41,False,False
32,45,1987,JLA Home,Missy Paragamian,JLZL1375,Bedding Sets,0.3862,0.15,0.441,700.0,1219.16,3.4,62.99,17.553800000000003,59.59,True,True
32,46,1987,JLA Home,Missy Paragamian,JLZL1376,Bedding Sets,0.3862,0.12,0.441,429.8,825.51,3.4,0.0,-1.0,-3.4,False,False
32,47,41493,HUI Resource,Supplier Service Desk,PBHM3606,Accent Pillows,,0.3,0.4,75.6,138.98,3.39,0.0,-1.0,-3.39,False,False
32,48,107502,QKXB INC,Asia Supplier Service Desk,JHAA1283,Accent Pillows,,0.2857,0.1,104.4,245.94,3.38,0.0,-1.0,-3.38,False,False
32,49,107502,QKXB INC,Asia Supplier Service Desk,TINX1360,Accent Pillows,0.4901,0.25,0.1,48.0,137.54,3.38,0.0,-1.0,-3.38,False,False
32,50,2554,Pem America,Benjamin Hannigan,SFDF1094,Sheets & Pillowcases,,0.15,0.201,207.23,317.34,3.38,0.0,-1.0,-3.38,False,False
32,51,2554,Pem America,Benjamin Hannigan,GYTD1009,Bedding Sets,0.25370000000000004,0.25,0.295,630.66,1057.14,3.37,0.0,-1.0,-3.37,False,False
32,52,2554,Pem America,Benjamin Hannigan,CANN1133,Bedding Sets,0.2788,0.25,0.295,625.0,1138.92,3.37,0.0,-1.0,-3.37,False,False
32,53,2554,Pem America,Benjamin Hannigan,SDCM1306,Bedding Sets,0.25370000000000004,0.15,0.201,92.4,130.58,3.37,0.0,-1.0,-3.37,False,False
32,54,76195,Ulli Home,Jaiden Lawlor,ULIH2830,Accent Pillows,0.2,0.04,0.09,216.6,679.9,3.37,0.0,-1.0,-3.37,False,False
32,55,23665,"Cozy Line Home Fashions, Inc.",Jaiden Lawlor,CLHF1200,Bedding Sets,0.2945,0.05,0.1,817.29,1272.69,3.37,0.0,-1.0,-3.37,False,False
32,56,63138,"Changshu Youthsky Import Export Co.,Ltd",Jessica Gu,SEPL1142,Accent Pillows,,0.05,0.05,148.8,268.95,3.36,0.0,-1.0,-3.36,False,False
32,57,1748,Revman International,Missy Paragamian,WRG10066,Blankets And Throws,0.3757,0.22,,711.7,1139.64,3.35,0.0,-1.0,-3.35,False,False
32,58,1748,Revman International,Missy Paragamian,BCTS1360,Accent Pillows,,0.22,,681.56,1311.06,3.35,0.0,-1.0,-3.35,False,False
32,59,1748,Revman International,Missy Paragamian,QO10413,Bedding Sets,0.3084,0.1881,,345.6,560.79,3.35,0.0,-1.0,-3.35,False,False
32,60,1748,Revman International,Missy Paragamian,MBVB1286,Bed Skirts,0.4628,0.3593,,2195.71,3001.28,3.35,0.0,-1.0,-3.35,False,False
32,61,1748,Revman International,Missy Paragamian,WRG10127,Bedding Sets,,0.22,,308.0,548.9,3.35,0.0,-1.0,-3.35,False,False
32,62,41493,HUI Resource,Supplier Service Desk,PBHM3161,Accent Pillows,,0.4,0.45,110.25,217.96,3.35,0.0,-1.0,-3.35,False,False
32,63,23665,"Cozy Line Home Fashions, Inc.",Jaiden Lawlor,CLHF1446,Bed Skirts,0.4999,0.05,0.1,1266.02,2335.24,3.33,0.0,-1.0,-3.33,False,False
32,64,23665,"Cozy Line Home Fashions, Inc.",Jaiden Lawlor,CLHF1158,Bedding Sets,,0.05,0.1,239.75,460.99,3.33,0.0,-1.0,-3.33,False,False
33,1,24282,"Nanshing America, Inc.",Jaiden Lawlor,MBSR1388,Bedding Sets,0.5,0.12,0.13,1307.12,2156.01,3.33,0.0,-1.0,-3.33,False,False
33,2,41493,HUI Resource,Supplier Service Desk,PBHM3144,Accent Pillows,,0.4,0.5,101.75,188.67,3.33,0.0,-1.0,-3.33,False,False
33,3,23665,"Cozy Line Home Fashions, Inc.",Jaiden Lawlor,CLHF1432,Bedding Sets,0.4999,0.05,0.1,915.79,1372.39,3.32,0.0,-1.0,-3.32,False,False
33,4,12684,Bargain Online Shops LLC,Jaiden Lawlor,CHRH6230,Bedding Sets,0.2,0.1,,1185.8,2364.24,3.31,0.0,-1.0,-3.31,False,False
33,5,27315,CAN_Beco Industries,Paige Beattie,BKDS1000,Kids Bedding Sets,0.5,0.15,0.25,198.9,427.89,3.3,0.0,-1.0,-3.3,False,False
33,6,81366,Aholicdeals Inc,Supplier Service Desk,AOAI1255,Sheets & Pillowcases,,0.08,0.11,49.95,107.96,3.29,0.0,-1.0,-3.29,False,False
33,7,1987,JLA Home,Missy Paragamian,JLZL1318,Bedding Sets,0.3862,0.17,0.33020000000000005,438.93,706.04,3.28,0.0,-1.0,-3.28,False,False
33,8,44480,"Whole Linens, Inc.",Supplier Service Desk,MDWP1242,Accent Pillows,0.5,0.49,0.5,96.82,337.05,3.27,0.0,-1.0,-3.27,False,False
33,9,22695,ELEGANCE LINEN,Benjamin Hannigan,WNPR8091,Bedding Sets,0.5,0.25,0.3,91.2,147.95,3.26,0.0,-1.0,-3.26,False,False
33,10,348967,Nanyang Dingjiayue Shangmao Youxiansi,Jessica Gu,WAGS1017,Bedding Sets,,0.15,,332.5,456.9,3.26,0.0,-1.0,-3.26,False,False
33,11,348967,Nanyang Dingjiayue Shangmao Youxiansi,Jessica Gu,WAGS1154,Bedding Sets,,0.15,,96.9,188.96,3.26,0.0,-1.0,-3.26,False,False
33,12,348967,Nanyang Dingjiayue Shangmao Youxiansi,Jessica Gu,WAGS1016,Bedding Sets,,0.15,,68.0,96.98,3.26,0.0,-1.0,-3.26,False,False
33,13,1452,Loloi Rugs,Alex Melius,RPCL1275,Accent Pillows,,0.1487,0.19879999999999998,422.22,656.9,3.26,0.0,-1.0,-3.26,False,False
33,14,107502,QKXB INC,Asia Supplier Service Desk,JHAA1249,Accent Pillows,0.43579999999999997,0.3454,0.1,1220.61,2115.3,3.26,0.0,-1.0,-3.26,False,False
33,15,55893,WonderfulCo,lance Zhou,WNTX1053,Bedding Sets,0.2,0.1,,4760.67,7806.69,3.26,0.0,-1.0,-3.26,False,False
33,16,22695,ELEGANCE LINEN,Benjamin Hannigan,EEGA1809,Sheets & Pillowcases,0.2229,0.25,0.3,45.0,105.22,3.26,0.0,-1.0,-3.26,False,False
33,17,43431,ocean home fashion inc,Asia Supplier Service Desk,MRCL1194,Bedding Sets,0.3226,0.11,0.12,287.7,459.09,3.26,0.0,-1.0,-3.26,False,False
33,18,72667,"Jiangsu Meideni Textile CO.,LTD",lance Zhou,ABAE1383,Bedding Sets,0.3387,0.25,0.3,123.37,199.97,3.24,0.0,-1.0,-3.24,False,False
33,19,23665,"Cozy Line Home Fashions, Inc.",Jaiden Lawlor,CLHF1424,Bedding Sets,,0.05,0.1,335.7,503.92,3.24,0.0,-1.0,-3.24,False,False
33,20,2554,Pem America,Benjamin Hannigan,KBPN1058,Bedding Sets,0.28190000000000004,0.11,,3605.28,5944.91,3.24,28.94,7.9459,25.700000000000003,True,True
33,21,43431,ocean home fashion inc,Asia Supplier Service Desk,MRCL1180,Bedding Sets,0.2693,0.11,0.12,1907.88,3245.54,3.23,32.28,9.0,29.05,True,True
33,22,2554,Pem America,Benjamin Hannigan,SDCM1245,Bedding Sets,0.2,0.09,0.1446,633.5,1477.58,3.23,32.91,9.2047,29.679999999999996,True,True
33,23,1987,JLA Home,Missy Paragamian,MACK1101,Sheets & Pillowcases,0.5,0.12,0.2914,81.93,151.51,3.21,0.0,-1.0,-3.21,False,False
33,24,1748,Revman International,Missy Paragamian,SBD10098,Sheets & Pillowcases,,0.1991,,197.0,328.96,3.21,0.0,-1.0,-3.21,False,False
33,25,2554,Pem America,Benjamin Hannigan,KBPN1097,Bedding Sets,0.2502,0.2,0.248,1322.3,2164.27,3.21,0.0,-1.0,-3.21,False,False
33,26,14580,Amrapur Overseas Inc.,Jaiden Lawlor,LURR1322,Blankets And Throws,0.452,0.1,0.15,32.33,40.61,3.2,0.0,-1.0,-3.2,False,False
33,27,7344,Victoria Classics,Supplier Service Desk,AAUB1864,Bedding Sets,0.5,0.19010000000000002,0.2401,548.79,1043.64,3.2,24.5,6.665800000000001,21.3,True,True
33,28,348967,Nanyang Dingjiayue Shangmao Youxiansi,Jessica Gu,WAGS1169,Bedding Sets,,0.15,,367.2,563.82,3.19,57.12,16.8947,53.93,True,True
33,29,2554,Pem America,Benjamin Hannigan,FYEB1013,Blankets And Throws,0.2,0.25,0.295,216.43,361.56,3.19,0.0,-1.0,-3.19,False,False
33,30,73596,Fresh Linen Collection Inc,Supplier Service Desk,HSHD1454,Sheets & Pillowcases,0.2,0.02,0.021,296.02,498.76,3.18,0.0,-1.0,-3.18,False,False
33,31,27315,CAN_Beco Industries,Paige Beattie,BCHO1740,Kids Bedding Sets,0.5,0.15,0.25,486.98,973.73,3.18,0.0,-1.0,-3.18,False,False
33,32,43431,ocean home fashion inc,Asia Supplier Service Desk,MRCL1087,Bedding Sets,0.2,0.11,0.12,990.76,1786.9,3.16,28.13,7.896,24.97,True,True
33,33,76232,Kindred Home,Supplier Service Desk,BNDR1055,Bedding Sets,,0.2857,,57.6,101.27,3.16,0.0,-1.0,-3.16,False,False
33,34,80197,CENTRADE INC.,Jessica Gu,WWMA1428,Accent Pillows,0.2,0.04,0.09,194.0,385.95,3.15,0.0,-1.0,-3.15,False,False
33,35,1987,JLA Home,Missy Paragamian,JLZL1319,Bedding Sets,0.5,0.17,0.5,2545.96,4025.19,3.15,0.0,-1.0,-3.15,False,False
33,36,1748,Revman International,Missy Paragamian,MBVB1700,Bedding Sets,0.3144,0.27,,2202.71,2984.39,3.13,0.0,-1.0,-3.13,False,False
33,37,1748,Revman International,Missy Paragamian,SBD10025,Sheets & Pillowcases,0.2,0.12890000000000001,,430.37,555.77,3.11,0.0,-1.0,-3.11,False,False
33,38,348967,Nanyang Dingjiayue Shangmao Youxiansi,Jessica Gu,WAGS1002,Bedding Sets,,0.15,,100.3,143.97,3.1,0.0,-1.0,-3.1,False,False
33,39,348967,Nanyang Dingjiayue Shangmao Youxiansi,Jessica Gu,WAGS1064,Bedding Sets,,0.15,,287.3,389.86,3.1,27.74,7.945499999999999,24.639999999999997,True,True
33,40,348967,Nanyang Dingjiayue Shangmao Youxiansi,Jessica Gu,WAGS1136,Bedding Sets,,0.15,,127.5,176.96,3.1,0.0,-1.0,-3.1,False,False
33,41,348967,Nanyang Dingjiayue Shangmao Youxiansi,Jessica Gu,WAGS1159,Bedding Sets,,0.15,,89.25,122.97,3.1,0.0,-1.0,-3.1,False,False
33,42,348967,Nanyang Dingjiayue Shangmao Youxiansi,Jessica Gu,WAGS1226,Bedding Sets,,0.15,,32.3,44.99,3.1,0.0,-1.0,-3.1,False,False
33,43,348967,Nanyang Dingjiayue Shangmao Youxiansi,Jessica Gu,WAGS1014,Bedding Sets,,0.15,,190.4,263.64,3.1,0.0,-1.0,-3.1,False,False
33,44,214227,"Caluha Company, LLC",Supplier Service Desk,UBAD1108,Accent Pillows,0.27940000000000004,0.1,,892.51,1630.4,3.08,0.0,-1.0,-3.08,False,False
33,45,27315,CAN_Beco Industries,Paige Beattie,HVNW1008,Bedding Sets,,0.15,0.25,128.2,257.96,3.08,0.0,-1.0,-3.08,False,False
33,46,1748,Revman International,Missy Paragamian,SBD10034,Bedding Sets,0.2,0.27,,1146.84,1474.01,3.07,0.0,-1.0,-3.07,False,False
33,47,119490,Bes Home Corp.,Benjamin Hannigan,LLIJ1449,Accent Pillows,0.3385,0.16,,257.89,421.69,3.07,0.0,-1.0,-3.07,False,False
33,48,17102,Trade-Linker,Jaiden Lawlor,AAHX1016,Sheets & Pillowcases,0.2938,0.2,,636.92,1408.33,3.07,13.19,3.2936,10.12,True,True
33,49,25843,"Bedshe International Co.,LTD",Rainbow Wu,BDUR1368,Sheets & Pillowcases,0.40549999999999997,0.15,0.17,102.93,136.02,3.07,16.74,4.4599,13.669999999999998,True,True
33,50,14913,"EVERREST US, LLC",Rikki Sartor,DBHM3251,Sheets & Pillowcases,0.5,0.76,0.81,754.4,1245.76,3.07,0.0,-1.0,-3.07,False,False
33,51,1748,Revman International,Missy Paragamian,MBVB1939,Blankets And Throws,,0.4424,,543.0,927.33,3.06,0.0,-1.0,-3.06,False,False
33,52,55893,WonderfulCo,lance Zhou,LATG2348,Bedding Sets,0.4366,0.1,,696.72,1398.52,3.05,0.0,-1.0,-3.05,False,False
33,53,12684,Bargain Online Shops LLC,Jaiden Lawlor,SSFL1339,Bedding Sets,0.2248,0.1,,1869.0,3536.38,3.04,0.0,-1.0,-3.04,False,False
33,54,12684,Bargain Online Shops LLC,Jaiden Lawlor,ALTL5817,Bedding Sets,0.2248,0.1,,947.2,1556.34,3.04,27.34,7.9938,24.3,True,True
33,55,12684,Bargain Online Shops LLC,Jaiden Lawlor,SSFL1726,Bedding Sets,0.2,0.1,,238.5,289.23,3.04,0.0,-1.0,-3.04,False,False
33,56,2554,Pem America,Benjamin Hannigan,CANN1123,Blankets And Throws,0.4355,0.2,0.248,185.74,447.78,3.04,0.0,-1.0,-3.04,False,False
33,57,2554,Pem America,Benjamin Hannigan,SDCM1114,Bedding Sets,0.25370000000000004,0.2,0.248,668.27,1434.49,3.03,0.0,-1.0,-3.03,False,False
33,58,1452,Loloi Rugs,Alex Melius,ARXL1027,Accent Pillows,,0.0527,,51.0,73.98,3.03,0.0,-1.0,-3.03,False,False
33,59,1987,JLA Home,Missy Paragamian,CHLH5831,Sheets & Pillowcases,0.5,0.17,0.5,893.63,1374.27,3.02,19.54,5.474500000000001,16.52,True,True
33,60,80197,CENTRADE INC.,Jessica Gu,WWMA1058,Accent Pillows,0.5,0.17,0.22,1220.24,1829.31,3.01,0.0,-1.0,-3.01,False,False
33,61,20128,"SLNY Home INC, DBA Spirit Linen",Supplier Service Desk,WNPR5250,Sheets & Pillowcases,0.226,0.17,0.17,244.53,536.37,3.01,14.32,3.7638,11.31,True,True
33,62,17102,Trade-Linker,Jaiden Lawlor,BBHO1053,Sheets & Pillowcases,0.2562,0.12,,197.49,487.51,3.0,0.0,-1.0,-3.0,False,False
33,63,1452,Loloi Rugs,Alex Melius,ARXL1022,Accent Pillows,0.486,0.0259,,1580.45,2662.95,3.0,0.0,-1.0,-3.0,False,False
33,64,43431,ocean home fashion inc,Asia Supplier Service Desk,MRCL1005,Bedding Sets,0.2,0.11,0.12,396.36,640.88,2.98,0.0,-1.0,-2.98,False,False
34,1,1987,JLA Home,Missy Paragamian,RCLF2248,Sheets & Pillowcases,0.47350000000000003,0.12,0.5,308.26,514.03,2.98,0.0,-1.0,-2.98,False,False
34,2,17102,Trade-Linker,Jaiden Lawlor,LBHX5296,Bedding Sets,0.23620000000000002,0.15,,227.6,432.95,2.97,0.0,-1.0,-2.97,False,False
34,3,25843,"Bedshe International Co.,LTD",Rainbow Wu,BDUR3292,Blankets And Throws,,0.15,0.16,328.79,755.45,2.97,0.0,-1.0,-2.97,False,False
34,4,27315,CAN_Beco Industries,Paige Beattie,HVNW1007,Bedding Sets,0.5,0.15,0.25,83.25,155.98,2.96,0.0,-1.0,-2.96,False,False
34,5,1987,JLA Home,Missy Paragamian,ZMIE7678,Kids Bedding Sets,0.4428,0.12,0.5,1089.26,1667.16,2.96,0.0,-1.0,-2.96,False,False
34,6,25843,"Bedshe International Co.,LTD",Rainbow Wu,BDUR3567,Bedding Sets,0.3951,0.2,0.23,130.22,137.92,2.96,0.0,-1.0,-2.96,False,False
34,7,2554,Pem America,Benjamin Hannigan,MXO10085,Sheets & Pillowcases,0.39299999999999996,0.25,0.295,2991.86,4623.26,2.95,0.0,-1.0,-2.95,False,False
34,8,2554,Pem America,Benjamin Hannigan,KBPN1053,Bedding Sets,,0.25,0.295,926.05,1514.19,2.95,0.0,-1.0,-2.95,False,False
34,9,2554,Pem America,Benjamin Hannigan,SDCM1117,Bedding Sets,,0.15,0.201,298.85,629.22,2.95,0.0,-1.0,-2.95,False,False
34,10,1748,Revman International,Missy Paragamian,MBVB1914,Accent Pillows,,0.27,,390.54,720.57,2.95,0.0,-1.0,-2.95,False,False
34,11,22695,ELEGANCE LINEN,Benjamin Hannigan,EEGA1178,Sheets & Pillowcases,0.2,0.25,0.3,150.35,208.71,2.95,0.0,-1.0,-2.95,False,False
34,12,80197,CENTRADE INC.,Jessica Gu,WWMA1105,Accent Pillows,0.5,0.17,0.22,1565.33,2640.88,2.94,0.0,-1.0,-2.94,False,False
34,13,214227,"Caluha Company, LLC",Supplier Service Desk,UBAD1012,Accent Pillows,0.5,0.1,,6733.27,13424.16,2.94,29.35,9.0,26.41,True,True
34,14,44480,"Whole Linens, Inc.",Supplier Service Desk,MDWP1100,Bedding Sets,0.5,0.49,0.5,1015.41,1592.86,2.93,0.0,-1.0,-2.93,False,False
34,15,63138,"Changshu Youthsky Import Export Co.,Ltd",Jessica Gu,SEPL1072,Sheets & Pillowcases,0.2184,0.05,0.05,1614.55,1905.41,2.93,29.25,9.0,26.32,True,True
34,16,20128,"SLNY Home INC, DBA Spirit Linen",Supplier Service Desk,TCTZ1996,Bedding Sets,0.2481,0.15,0.15,804.18,1466.22,2.92,28.77,8.8687,25.85,True,True
34,17,43431,ocean home fashion inc,Asia Supplier Service Desk,MRCL1062,Bedding Sets,0.5,0.11,0.12,1052.03,2543.61,2.9,9.04,2.1162,6.139999999999999,True,True
34,18,2554,Pem America,Benjamin Hannigan,VVRO5883,Kids Bedding Sets,0.3319,0.2,0.248,312.9,655.01,2.9,0.0,-1.0,-2.9,False,False
34,19,1987,JLA Home,Missy Paragamian,CKSC1013,Accent Pillows,,0.12,,462.59,923.85,2.88,0.0,-1.0,-2.88,False,False
34,20,24282,"Nanshing America, Inc.",Jaiden Lawlor,MBSR1231,Bedding Sets,0.5,0.12,0.13,650.93,1230.47,2.88,0.0,-1.0,-2.88,False,False
34,21,1748,Revman International,Missy Paragamian,MSTT6706,Blankets And Throws,,0.22,,474.67,597.77,2.87,34.68,11.0668,31.81,True,True
34,22,1748,Revman International,Missy Paragamian,BCTS1366,Bedding Sets,,0.22,,98.7,154.97,2.87,0.0,-1.0,-2.87,False,False
34,23,23665,"Cozy Line Home Fashions, Inc.",Jaiden Lawlor,CLHF1110,Accent Pillows,,0.05,0.1,391.11,860.23,2.86,0.0,-1.0,-2.86,False,False
34,24,1987,JLA Home,Missy Paragamian,NDHA1008,Kids Bedding Sets,0.4661,0.12,0.5,1162.95,1929.28,2.86,0.0,-1.0,-2.86,False,False
34,25,291074,Xing Hua Shi Nuo Te Fan Kua Jin,gJ Desiasnic aS hGaung You Xian,JSST1323,Sheets & Pillowcases,,0.15,,29.74,42.99,2.86,0.0,-1.0,-2.86,False,False
34,26,12684,Bargain Online Shops LLC,Jaiden Lawlor,SSFL1475,Bedding Sets,0.2,0.1,,1248.0,2114.66,2.85,0.0,-1.0,-2.85,False,False
34,27,12684,Bargain Online Shops LLC,Jaiden Lawlor,SSFL1725,Bedding Sets,0.2,0.1,,907.2,1699.91,2.85,0.0,-1.0,-2.85,False,False
34,28,12684,Bargain Online Shops LLC,Jaiden Lawlor,SSFL1595,Bedding Sets,0.2248,0.1,,1912.8,3801.45,2.85,0.0,-1.0,-2.85,False,False
34,29,12684,Bargain Online Shops LLC,Jaiden Lawlor,SSFL1505,Bedding Sets,0.2,0.1,,534.4,1037.15,2.85,25.65,8.0,22.799999999999997,True,True
34,30,27315,CAN_Beco Industries,Paige Beattie,BKDS1006,Kids Bedding Sets,0.5,0.15,0.25,309.6,632.93,2.85,0.0,-1.0,-2.85,False,False
34,31,25843,"Bedshe International Co.,LTD",Rainbow Wu,BDUR3311,Bedding Sets,,0.18,0.21,555.92,666.85,2.83,56.27,18.918599999999998,53.440000000000005,True,True
34,32,81366,Aholicdeals Inc,Supplier Service Desk,AOAI1400,Sheets & Pillowcases,0.2452,0.08,0.11,48.48,112.96,2.81,0.0,-1.0,-2.81,False,False
34,33,67551,"Suzhou lanqinglv Trading co,. ltd",lance Zhou,OELA1346,Bedding Sets,0.5,0.32,,868.75,1489.66,2.81,0.0,-1.0,-2.81,False,False
34,34,17102,Trade-Linker,Jaiden Lawlor,LBHX5306,Sheets & Pillowcases,,0.15,,61.2,150.37,2.8,0.0,-1.0,-2.8,False,False
34,35,55893,WonderfulCo,lance Zhou,WNTX1137,Bedding Sets,0.5,0.1,,263.96,556.99,2.8,0.0,-1.0,-2.8,False,False
34,36,1987,JLA Home,Missy Paragamian,NCWA2599,Bedding Sets,,0.2,0.4968,84.34,167.35,2.79,0.0,-1.0,-2.79,False,False
34,37,1987,JLA Home,Missy Paragamian,GOLV5231,Bedding Sets,0.47159999999999996,0.12,0.5,874.7,1278.33,2.79,0.0,-1.0,-2.79,False,False
34,38,1748,Revman International,Missy Paragamian,XRT10031,Bedding Sets,0.3144,0.1606,,1025.85,1473.24,2.79,0.0,-1.0,-2.79,False,False
34,39,20128,"SLNY Home INC, DBA Spirit Linen",Supplier Service Desk,TCTZ1946,Bedding Sets,0.2323,0.15,0.15,1013.95,1693.76,2.77,0.0,-1.0,-2.77,False,False
34,40,81366,Aholicdeals Inc,Supplier Service Desk,AOAI1397,Sheets & Pillowcases,0.3125,0.08,0.11,45.6,104.96,2.77,0.0,-1.0,-2.77,False,False
34,41,120032,Oveesha L.L.C.,Supplier Service Desk,OEES1509,Accent Pillows,0.44329999999999997,0.2,,104.45,356.9,2.76,0.0,-1.0,-2.76,False,False
34,42,120032,Oveesha L.L.C.,Supplier Service Desk,OEES1000,Accent Pillows,0.46549999999999997,0.2,,409.45,1103.39,2.76,0.0,-1.0,-2.76,False,False
34,43,231496,"TEEMODERN, LLC dba Ethan Taylor",Alex Sarkisian,EHAA7066,Accent Pillows,,0.25,,29.25,53.99,2.75,0.0,-1.0,-2.75,False,False
34,44,231496,"TEEMODERN, LLC dba Ethan Taylor",Alex Sarkisian,EHAH2773,Accent Pillows,,0.25,,29.25,51.51,2.75,0.0,-1.0,-2.75,False,False
34,45,67551,"Suzhou lanqinglv Trading co,. ltd",lance Zhou,OELA1684,Bedding Sets,,0.4,,229.92,405.92,2.75,0.0,-1.0,-2.75,False,False
34,46,1748,Revman International,Missy Paragamian,KBFC2119,Bed Skirts,0.2942,0.22,,1973.24,3025.79,2.74,78.37,27.6232,75.63000000000001,True,True
34,47,27315,CAN_Beco Industries,Paige Beattie,HVNW1002,Bedding Sets,0.5,0.15,0.25,51.0,107.98,2.73,0.0,-1.0,-2.73,False,False
34,48,27315,CAN_Beco Industries,Paige Beattie,ERB10024,Accent Pillows,,0.15,0.25,2737.4,4342.94,2.73,0.0,-1.0,-2.73,False,False
34,49,25351,Beco Industries,Jaiden Lawlor,BCHO1620,Bedding Sets,0.5,0.1,0.2,324.0,1257.15,2.71,0.0,-1.0,-2.71,False,False
34,50,27315,CAN_Beco Industries,Paige Beattie,ERB10684,Kids Bedding Sets,0.5,0.15,0.25,159.88,251.07,2.69,0.0,-1.0,-2.69,False,False
34,51,1987,JLA Home,Missy Paragamian,INDK1004,Kids Bedding Sets,,0.12,,73.15,135.97,2.67,0.0,-1.0,-2.67,False,False
34,52,1748,Revman International,Missy Paragamian,SBD10078,Sheets & Pillowcases,0.2,0.12890000000000001,,866.62,1198.88,2.64,0.0,-1.0,-2.64,False,False
34,53,1987,JLA Home,Missy Paragamian,SAI10132,Blankets And Throws,,0.17,,207.02,326.54,2.64,0.0,-1.0,-2.64,False,False
34,54,41493,HUI Resource,Supplier Service Desk,PBHM3159,Accent Pillows,0.5,0.3,0.35,1338.0,2596.71,2.61,0.0,-1.0,-2.61,False,False
34,55,214227,"Caluha Company, LLC",Supplier Service Desk,UBAD1062,Accent Pillows,0.4201,0.1,,1405.37,2748.67,2.61,0.0,-1.0,-2.61,False,False
34,56,41493,HUI Resource,Supplier Service Desk,PBHM3163,Accent Pillows,0.5,0.3,0.35,892.0,1468.39,2.6,0.0,-1.0,-2.6,False,False
34,57,12684,Bargain Online Shops LLC,Jaiden Lawlor,CHRH6236,Sheets & Pillowcases,0.5,0.5,,218.4,473.02,2.59,0.0,-1.0,-2.59,False,False
34,58,72878,WW Sheets,Jaiden Lawlor,WSHE1053,Blankets And Throws,0.2913,0.2,0.21,234.0,468.48,2.59,0.0,-1.0,-2.59,False,False
34,59,44480,"Whole Linens, Inc.",Supplier Service Desk,MDWP1023,Bedding Sets,0.5,0.49,0.5,55.0,121.41,2.58,0.0,-1.0,-2.58,False,False
34,60,25351,Beco Industries,Jaiden Lawlor,BCHO1736,Bedding Sets,0.244,0.1,0.2,1298.28,2795.35,2.58,45.47,16.6104,42.89,True,True
34,61,23665,"Cozy Line Home Fashions, Inc.",Jaiden Lawlor,CLHF1309,Bedding Sets,0.4999,0.05,0.1,474.32,734.87,2.58,0.0,-1.0,-2.58,False,False
34,62,20128,"SLNY Home INC, DBA Spirit Linen",Supplier Service Desk,TCTZ1787,Sheets & Pillowcases,0.36,0.17,0.17,204.78,396.07,2.58,0.0,-1.0,-2.58,False,False
34,63,406213,Kensington Homeware US LLC,Supplier Service Desk,KGSI1011,Bedding Sets,0.2,0.1,,60.18,178.53,2.57,0.0,-1.0,-2.57,False,False
34,64,12684,Bargain Online Shops LLC,Jaiden Lawlor,SSFL1480,Bedding Sets,0.2,0.1,,598.4,1095.43,2.57,0.0,-1.0,-2.57,False,False
35,1,67551,"Suzhou lanqinglv Trading co,. ltd",lance Zhou,OELA1667,Bedding Sets,0.3887,0.28,,455.51,746.86,2.57,26.39,9.2885,23.82,True,True
35,2,7344,Victoria Classics,Supplier Service Desk,AAUB4359,Bedding Sets,0.5,0.1837,0.23370000000000002,103.34,189.66,2.57,0.0,-1.0,-2.57,False,False
35,3,12684,Bargain Online Shops LLC,Jaiden Lawlor,SSFL1635,Bedding Sets,,0.1,,92.8,179.97,2.57,0.0,-1.0,-2.57,False,False
35,4,41493,HUI Resource,Supplier Service Desk,PBHM3328,Accent Pillows,0.5,0.4,0.5,146.25,340.94,2.55,0.0,-1.0,-2.55,False,False
35,5,7344,Victoria Classics,Supplier Service Desk,ROHE2747,Bedding Sets,0.428,0.2322,0.2822,3421.01,5417.15,2.54,0.0,-1.0,-2.54,False,False
35,6,27315,CAN_Beco Industries,Paige Beattie,HVNW1001,Bedding Sets,0.5,0.15,0.25,88.2,191.03,2.53,0.0,-1.0,-2.53,False,False
35,7,1748,Revman International,Missy Paragamian,ERB10920,Blankets And Throws,0.38689999999999997,0.22,,699.55,975.19,2.53,0.0,-1.0,-2.53,False,False
35,8,14580,Amrapur Overseas Inc.,Jaiden Lawlor,BNJV2684,Blankets And Throws,0.303,0.1,0.15,534.1,889.51,2.52,0.0,-1.0,-2.52,False,False
35,9,63138,"Changshu Youthsky Import Export Co.,Ltd",Jessica Gu,SEPL1071,Sheets & Pillowcases,0.2,0.05,0.05,983.7,1245.55,2.51,0.0,-1.0,-2.51,False,False
35,10,63138,"Changshu Youthsky Import Export Co.,Ltd",Jessica Gu,SEPL1121,Sheets & Pillowcases,,0.05,0.05,85.5,113.97,2.51,0.0,-1.0,-2.51,False,False
35,11,231496,"TEEMODERN, LLC dba Ethan Taylor",Alex Sarkisian,EHAJ9973,Accent Pillows,,0.25,,29.25,53.99,2.51,0.0,-1.0,-2.51,False,False
35,12,231496,"TEEMODERN, LLC dba Ethan Taylor",Alex Sarkisian,EHAA4219,Accent Pillows,,0.23,,26.65,14.32,2.51,0.0,-1.0,-2.51,False,False
35,13,231496,"TEEMODERN, LLC dba Ethan Taylor",Alex Sarkisian,EHAA9820,Accent Pillows,,0.23,,26.65,50.99,2.5,0.0,-1.0,-2.5,False,False
35,14,231496,"TEEMODERN, LLC dba Ethan Taylor",Alex Sarkisian,EHAO1807,Accent Pillows,,0.23,,26.65,43.33,2.5,0.0,-1.0,-2.5,False,False
35,15,40013,Phantoscope,Jessica Gu,PHSC1876,Accent Pillows,,0.11,0.13,278.84,851.61,2.5,10.56,3.2173000000000003,8.06,True,True
35,16,120032,Oveesha L.L.C.,Supplier Service Desk,OEES1050,Accent Pillows,0.44329999999999997,0.4,,372.35,780.48,2.5,0.0,-1.0,-2.5,False,False
35,17,241365,"CGK HOLDINGS, INC.",Jaiden Lawlor,CKAI1044,Sheets & Pillowcases,,0.22,,63.88,159.94,2.48,94.8,37.2229,92.32,True,True
35,18,1748,Revman International,Missy Paragamian,TBL10443,Bed Skirts,0.2,0.22,,923.78,1449.61,2.48,0.0,-1.0,-2.48,False,False
35,19,107502,QKXB INC,Asia Supplier Service Desk,JHAA1037,Accent Pillows,0.2205,0.1331,0.1,482.59,1070.69,2.48,0.0,-1.0,-2.48,False,False
35,20,1987,JLA Home,Missy Paragamian,XBYB1077,Sheets & Pillowcases,0.5,0.12,0.5,288.63,528.88,2.48,0.0,-1.0,-2.48,False,False
35,21,1987,JLA Home,Missy Paragamian,WLR1339,Accent Pillows,0.4439,0.17,0.49939999999999996,1868.31,4664.02,2.46,0.0,-1.0,-2.46,False,False
35,22,1987,JLA Home,Missy Paragamian,JLZL1349,Bedding Sets,0.46340000000000003,0.15,0.5,491.34,853.16,2.46,0.0,-1.0,-2.46,False,False
35,23,41493,HUI Resource,Supplier Service Desk,PBHM2368,Accent Pillows,,0.45,0.55,105.84,219.96,2.46,0.0,-1.0,-2.46,False,False
35,24,214227,"Caluha Company, LLC",Supplier Service Desk,UBAD1131,Accent Pillows,0.27940000000000004,0.1,,220.24,321.7,2.44,0.0,-1.0,-2.44,False,False
35,25,67551,"Suzhou lanqinglv Trading co,. ltd",lance Zhou,OELA1381,Kids Bedding Sets,0.5,0.3,,1577.74,2846.97,2.43,0.0,-1.0,-2.43,False,False
35,26,41493,HUI Resource,Supplier Service Desk,PBHM3434,Accent Pillows,0.5,0.3,0.4,306.0,802.11,2.43,0.0,-1.0,-2.43,False,False
35,27,41493,HUI Resource,Supplier Service Desk,PBHM3691,Accent Pillows,0.5,0.5,0.6,458.0,966.8,2.42,0.0,-1.0,-2.42,False,False
35,28,27315,CAN_Beco Industries,Paige Beattie,HVNW1012,Bedding Sets,0.5,0.15,0.25,107.39,210.96,2.42,0.0,-1.0,-2.42,False,False
35,29,37327,Instyle Products Corp,Rikki Sartor,KBST1003,Sheets & Pillowcases,0.5,0.27,,105.64,256.28,2.41,0.0,-1.0,-2.41,False,False
35,30,7344,Victoria Classics,Supplier Service Desk,AAUB4448,Bedding Sets,0.47729999999999995,0.1884,0.2384,100.95,181.62,2.4,0.0,-1.0,-2.4,False,False
35,31,107502,QKXB INC,Asia Supplier Service Desk,JHAA1180,Accent Pillows,0.5,0.5,0.1,256.0,793.54,2.4,0.0,-1.0,-2.4,False,False
35,32,1748,Revman International,Missy Paragamian,BCTS1358,Accent Pillows,,0.22,,236.0,592.64,2.4,9.63,3.0192,7.23,True,True
35,33,2554,Pem America,Benjamin Hannigan,CNHM1002,Bedding Sets,0.3472,0.2,0.248,782.18,1401.3,2.4,0.0,-1.0,-2.4,False,False
35,34,1748,Revman International,Missy Paragamian,TBL11095,Blankets And Throws,0.49920000000000003,0.3868,,306.26,531.75,2.4,0.0,-1.0,-2.4,False,False
35,35,214227,"Caluha Company, LLC",Supplier Service Desk,UBAD1025,Accent Pillows,0.4434,0.1,,1645.58,2825.78,2.38,47.4,18.9495,45.019999999999996,True,True
35,36,22695,ELEGANCE LINEN,Benjamin Hannigan,WNPR8094,Sheets & Pillowcases,0.2,0.25,0.3,61.12,111.96,2.36,0.0,-1.0,-2.36,False,False
35,37,1987,JLA Home,Missy Paragamian,WLR1284,Blankets And Throws,,0.12,0.3632,2752.34,4561.37,2.35,0.0,-1.0,-2.35,False,False
35,38,7344,Victoria Classics,Supplier Service Desk,AAUB4447,Bedding Sets,0.428,0.1856,0.23559999999999998,557.7,1002.77,2.34,0.0,-1.0,-2.34,False,False
35,39,63138,"Changshu Youthsky Import Export Co.,Ltd",Jessica Gu,SEPL1128,Blankets And Throws,,0.05,0.05,267.12,303.67,2.34,0.0,-1.0,-2.34,False,False
35,40,43431,ocean home fashion inc,Asia Supplier Service Desk,MRCL1169,Kids Bedding Sets,0.2,0.11,0.12,889.25,1508.2,2.32,0.0,-1.0,-2.32,False,False
35,41,2554,Pem America,Benjamin Hannigan,SDCM1272,Sheets & Pillowcases,0.2582,0.1875,,264.34,520.08,2.32,0.0,-1.0,-2.32,False,False
35,42,22695,ELEGANCE LINEN,Benjamin Hannigan,ANDV4729,Bedding Sets,0.3248,0.25,0.3,171.43,282.68,2.3,110.43,46.927600000000005,108.13000000000001,True,True
35,43,2554,Pem America,Benjamin Hannigan,JYO10007,Kids Bedding Sets,0.2,0.15,,568.79,1080.51,2.3,0.0,-1.0,-2.3,False,False
35,44,7344,Victoria Classics,Supplier Service Desk,AAUB4565,Bedding Sets,0.33880000000000005,0.17350000000000002,0.2235,261.66,594.39,2.3,0.0,-1.0,-2.3,False,False
35,45,12684,Bargain Online Shops LLC,Jaiden Lawlor,SSFL1579,Bedding Sets,0.3093,0.5,,182.85,423.51,2.3,0.0,-1.0,-2.3,False,False
35,46,22695,ELEGANCE LINEN,Benjamin Hannigan,EEGA1054,Blankets And Throws,0.2,0.25,0.3,292.7,532.14,2.29,0.0,-1.0,-2.29,False,False
35,47,40013,Phantoscope,Jessica Gu,PHSC1373,Accent Pillows,,0.28,0.3,101.77,190.76,2.28,0.0,-1.0,-2.28,False,False
35,48,228805,IMPERIAL HOMEWARE LONDO,NS LuIpMpIlTieEr DService Desk,IPCR1016,Bedding Sets,0.5,0.1,,3643.7,9811.21,2.28,0.0,-1.0,-2.28,False,False
35,49,22695,ELEGANCE LINEN,Benjamin Hannigan,EEGA1511,Bed Skirts,0.5,0.25,0.3,206.51,428.02,2.27,0.0,-1.0,-2.27,False,False
35,50,20128,"SLNY Home INC, DBA Spirit Linen",Supplier Service Desk,TCTZ1869,Blankets And Throws,0.5,0.15,0.15,639.35,1368.08,2.26,0.0,-1.0,-2.26,False,False
35,51,7344,Victoria Classics,Supplier Service Desk,AAUB4367,Accent Pillows,0.3019,0.0524,,811.06,2296.33,2.26,0.0,-1.0,-2.26,False,False
35,52,25843,"Bedshe International Co.,LTD",Rainbow Wu,BDUR2387,Bedding Sets,,0.32,0.35,546.92,853.35,2.25,0.0,-1.0,-2.25,False,False
35,53,22695,ELEGANCE LINEN,Benjamin Hannigan,EEGA1483,Sheets & Pillowcases,0.5,0.25,0.3,119.7,205.59,2.24,0.0,-1.0,-2.24,False,False
35,54,43431,ocean home fashion inc,Asia Supplier Service Desk,MRCL1114,Bedding Accessories,0.2,0.11,0.12,772.13,1323.33,2.24,0.0,-1.0,-2.24,False,False
35,55,17102,Trade-Linker,Jaiden Lawlor,LBHX5174,Sheets & Pillowcases,,0.15,,159.3,299.08,2.23,0.0,-1.0,-2.23,False,False
35,56,13106,Plutus Partners LLC,Supplier Service Desk,PPTS7328,Blankets And Throws,,0.22,0.25,98.28,171.02,2.21,0.0,-1.0,-2.21,False,False
35,57,24696,Daniel Linen/Home Sweet Home Dreams Inc.,Supplier Service Desk,HSHD1481,Sheets & Pillowcases,0.2,0.02,0.021,90.16,179.88,2.21,0.0,-1.0,-2.21,False,False
35,58,1987,JLA Home,Missy Paragamian,WLR1283,Blankets And Throws,0.442,0.12,0.21850000000000003,2916.34,4770.69,2.2,20.81,8.4634,18.61,True,True
35,59,7344,Victoria Classics,Supplier Service Desk,AAUB4437,Bedding Sets,0.341,0.15810000000000002,0.20809999999999998,1137.38,1957.42,2.19,0.0,-1.0,-2.19,False,False
35,60,25843,"Bedshe International Co.,LTD",Rainbow Wu,BDUR2287,Bedding Sets,0.2,0.2,0.21,353.52,454.28,2.17,0.0,-1.0,-2.17,False,False
35,61,27315,CAN_Beco Industries,Paige Beattie,BCHO1735,Bedding Sets,0.5,0.15,0.25,246.07,256.09,2.17,0.0,-1.0,-2.17,False,False
35,62,1987,JLA Home,Missy Paragamian,ANDV4795,Bedding Sets,0.4414,0.03,0.2968,731.3,1153.81,2.16,25.12,10.6081,22.96,True,True
35,63,22695,ELEGANCE LINEN,Benjamin Hannigan,EEGA1608,Bedding Sets,0.5,0.25,0.3,192.5,917.25,2.16,0.0,-1.0,-2.16,False,False
35,64,2554,Pem America,Benjamin Hannigan,SDCM1151,Bedding Sets,0.2,0.15,0.201,487.8,1199.26,2.16,0.0,-1.0,-2.16,False,False
36,1,214227,"Caluha Company, LLC",Supplier Service Desk,UBAD1039,Accent Pillows,0.41840000000000005,0.1,,995.09,2065.42,2.16,18.06,7.3611,15.899999999999999,True,True
36,2,7344,Victoria Classics,Supplier Service Desk,THRE4445,Blankets And Throws,0.5,0.11320000000000001,,853.12,1466.77,2.16,0.0,-1.0,-2.16,False,False
36,3,1748,Revman International,Missy Paragamian,TMBH1245,Accent Pillows,,0.22,,113.1,341.1,2.16,0.0,-1.0,-2.16,False,False
36,4,1748,Revman International,Missy Paragamian,NAL1871,Accent Pillows,0.5,0.42579999999999996,,3064.14,5064.86,2.16,0.0,-1.0,-2.16,False,False
36,5,1748,Revman International,Missy Paragamian,TMBH1218,Bedding Accessories,0.38380000000000003,0.27,,583.67,1299.53,2.16,0.0,-1.0,-2.16,False,False
36,6,1748,Revman International,Missy Paragamian,ERB10911,Blankets And Throws,0.4905,0.1537,,560.19,712.43,2.16,0.0,-1.0,-2.16,False,False
36,7,1748,Revman International,Missy Paragamian,BCTS1278,Sheets & Pillowcases,0.3127,0.22,,311.2,578.13,2.16,0.0,-1.0,-2.16,False,False
36,8,1748,Revman International,Missy Paragamian,QO10404,Sheets & Pillowcases,0.4096,0.1436,,56.4,103.31,2.16,0.0,-1.0,-2.16,False,False
36,9,40013,Phantoscope,Jessica Gu,PHSC1096,Accent Pillows,0.5,0.12,0.14,85.47,220.52,2.14,0.0,-1.0,-2.14,False,False
36,10,1452,Loloi Rugs,Alex Melius,JHBL1000,Accent Pillows,0.2,0.040999999999999995,0.091,124.2,251.24,2.14,0.0,-1.0,-2.14,False,False
36,11,1987,JLA Home,Missy Paragamian,EBRD5174,Blankets And Throws,0.45130000000000003,0.15,0.5,572.7,703.34,2.14,0.0,-1.0,-2.14,False,False
36,12,2554,Pem America,Benjamin Hannigan,CANN1305,Bedding Sets,,0.15,0.201,22.0,41.79,2.13,0.0,-1.0,-2.13,False,False
36,13,41493,HUI Resource,Supplier Service Desk,PBHM3135,Accent Pillows,0.5,0.4,0.45,312.5,615.48,2.13,0.0,-1.0,-2.13,False,False
36,14,2554,Pem America,Benjamin Hannigan,FYEB1021,Bedding Sets,0.2,0.25,0.295,1321.35,1996.15,2.12,0.0,-1.0,-2.12,False,False
36,15,2554,Pem America,Benjamin Hannigan,SDCM1236,Bedding Sets,,0.15,0.201,136.36,178.14,2.12,0.0,-1.0,-2.12,False,False
36,16,72878,WW Sheets,Jaiden Lawlor,QCRE1005,Bedding Accessories,,0.2,0.21,55.0,147.61,2.11,0.0,-1.0,-2.11,False,False
36,17,67551,"Suzhou lanqinglv Trading co,. ltd",lance Zhou,OELA1464,Bedding Sets,0.5,0.35,,495.72,899.78,2.11,0.0,-1.0,-2.11,False,False
36,18,1748,Revman International,Missy Paragamian,BCTS1282,Bedding Sets,0.3898,0.22,,1514.0,2474.05,2.11,0.0,-1.0,-2.11,False,False
36,19,22695,ELEGANCE LINEN,Benjamin Hannigan,EEGA1090,Sheets & Pillowcases,0.5,0.25,0.3,60.85,117.99,2.1,0.0,-1.0,-2.1,False,False
36,20,12684,Bargain Online Shops LLC,Jaiden Lawlor,SSFL1696,Bedding Sets,0.2,0.1,,171.6,368.08,2.09,0.0,-1.0,-2.09,False,False
36,21,23665,"Cozy Line Home Fashions, Inc.",Jaiden Lawlor,CLHF1124,Accent Pillows,,0.05,0.1,323.15,700.96,2.08,0.0,-1.0,-2.08,False,False
36,22,41493,HUI Resource,Supplier Service Desk,PBHM2206,Accent Pillows,0.5,0.45,0.55,287.92,647.82,2.07,13.74,5.6236,11.67,True,True
36,23,214227,"Caluha Company, LLC",Supplier Service Desk,GCEO5129,Accent Pillows,0.3625,0.1,,204.75,430.84,2.07,0.0,-1.0,-2.07,False,False
36,24,231496,"TEEMODERN, LLC dba Ethan Taylor",Alex Sarkisian,EHAA6182,Accent Pillows,0.3718,0.27,,2046.93,3296.88,2.05,0.0,-1.0,-2.05,False,False
36,25,231496,"TEEMODERN, LLC dba Ethan Taylor",Alex Sarkisian,EHAA4131,Accent Pillows,,0.27,,574.22,860.3,2.05,0.0,-1.0,-2.05,False,False
36,26,231496,"TEEMODERN, LLC dba Ethan Taylor",Alex Sarkisian,EHAA6339,Accent Pillows,,0.25,,175.5,298.74,2.05,0.0,-1.0,-2.05,False,False
36,27,231496,"TEEMODERN, LLC dba Ethan Taylor",Alex Sarkisian,EHAA4832,Accent Pillows,,0.23,,159.9,305.94,2.05,0.0,-1.0,-2.05,False,False
36,28,231496,"TEEMODERN, LLC dba Ethan Taylor",Alex Sarkisian,EHAA1941,Accent Pillows,,0.23,,133.25,203.95,2.05,0.0,-1.0,-2.05,False,False
36,29,231496,"TEEMODERN, LLC dba Ethan Taylor",Alex Sarkisian,EHAJ9488,Accent Pillows,,0.27,,21.78,45.99,2.05,0.0,-1.0,-2.05,False,False
36,30,231496,"TEEMODERN, LLC dba Ethan Taylor",Alex Sarkisian,EHAO1385,Accent Pillows,,0.27,,21.78,43.99,2.05,0.0,-1.0,-2.05,False,False
36,31,43431,ocean home fashion inc,Asia Supplier Service Desk,MRCL1239,Bedding Sets,,0.11,0.12,22.0,41.99,2.05,0.0,-1.0,-2.05,False,False
36,32,2554,Pem America,Benjamin Hannigan,KBPN1081,Sheets & Pillowcases,,0.15,0.201,0.0,0.0,2.04,0.0,-1.0,-2.04,False,False
36,33,40013,Phantoscope,Jessica Gu,PHSC1190,Accent Pillows,0.5,0.25,0.27,190.04,410.94,2.03,0.0,-1.0,-2.03,False,False
36,34,22695,ELEGANCE LINEN,Benjamin Hannigan,EEGA1517,Bedding Sets,0.5,0.25,0.3,171.0,235.02,2.02,0.0,-1.0,-2.02,False,False
36,35,22695,ELEGANCE LINEN,Benjamin Hannigan,LATT5961,Bed Skirts,0.4129,0.25,0.3,114.85,324.92,2.02,10.44,4.1761,8.42,True,True
36,36,1748,Revman International,Missy Paragamian,BCTS1340,Sheets & Pillowcases,0.4092,0.2648,,135.0,269.36,2.01,0.0,-1.0,-2.01,False,False
36,37,41493,HUI Resource,Supplier Service Desk,PBHM3194,Accent Pillows,,0.4,0.5,46.8,124.95,2.01,0.0,-1.0,-2.01,False,False
36,38,231496,"TEEMODERN, LLC dba Ethan Taylor",Alex Sarkisian,EHAA2651,Accent Pillows,,0.23,,79.95,117.57,2.01,0.0,-1.0,-2.01,False,False
36,39,41493,HUI Resource,Supplier Service Desk,LOPK1503,Accent Pillows,0.5,0.4,0.5,290.18,713.07,1.97,12.96,5.583600000000001,10.99,True,True
36,40,406213,Kensington Homeware US LLC,Supplier Service Desk,KGSI1001,Bedding Sets,0.24539999999999998,0.2,,49.32,164.96,1.96,0.0,-1.0,-1.96,False,False
36,41,107502,QKXB INC,Asia Supplier Service Desk,JHAA1100,Accent Pillows,0.5,0.0545,0.1,310.9,526.84,1.96,0.0,-1.0,-1.96,False,False
36,42,2554,Pem America,Benjamin Hannigan,UCXE1060,Sheets & Pillowcases,0.2807,0.15,0.201,546.4,806.23,1.94,0.0,-1.0,-1.94,False,False
36,43,1987,JLA Home,Missy Paragamian,JLZL1328,Bedding Sets,0.3862,0.12,0.2,64.38,107.97,1.94,0.0,-1.0,-1.94,False,False
36,44,32808,CAN_Cathay Home Inc.,Paige Beattie,DRVU1285,Bedding Sets,0.5,0.3,0.33,0.0,0.0,1.94,0.0,-1.0,-1.94,False,False
36,45,27315,CAN_Beco Industries,Paige Beattie,BCTS1224,Bedding Sets,0.5,0.15,0.25,1413.58,1717.39,1.94,0.0,-1.0,-1.94,False,False
36,46,120032,Oveesha L.L.C.,Supplier Service Desk,OEES1305,Accent Pillows,,0.2,,19.99,45.99,1.92,0.0,-1.0,-1.92,False,False
36,47,1748,Revman International,Missy Paragamian,BCTS1263,Sheets & Pillowcases,0.3982,0.22,,561.28,1120.44,1.92,7.71,3.0239999999999996,5.79,True,True
36,48,41493,HUI Resource,Supplier Service Desk,PBHM2722,Accent Pillows,,0.4,0.5,468.83,909.71,1.9,17.51,8.2401,15.610000000000001,True,True
36,49,2554,Pem America,Benjamin Hannigan,SDCM1116,Bedding Sets,0.337,0.15,0.201,297.91,671.44,1.89,0.0,-1.0,-1.89,False,False
36,50,2554,Pem America,Benjamin Hannigan,TRNT2112,Bedding Sets,0.2,0.1875,,215.25,562.13,1.89,0.0,-1.0,-1.89,False,False
36,51,81366,Aholicdeals Inc,Supplier Service Desk,AOAI1178,Sheets & Pillowcases,0.22399999999999998,0.09,0.11,890.91,1591.15,1.88,0.0,-1.0,-1.88,False,False
36,52,41493,HUI Resource,Supplier Service Desk,PBHM3199,Accent Pillows,0.5,0.4,0.45,24.5,78.99,1.88,0.0,-1.0,-1.88,False,False
36,53,1452,Loloi Rugs,Alex Melius,UNRS7354,Accent Pillows,0.39020000000000005,0.0217,,96.6,299.99,1.88,0.0,-1.0,-1.88,False,False
36,54,12684,Bargain Online Shops LLC,Jaiden Lawlor,SSFL1375,Bedding Sets,0.4496,0.1,,710.0,1456.82,1.86,0.0,-1.0,-1.86,False,False
36,55,12684,Bargain Online Shops LLC,Jaiden Lawlor,SSFL1607,Bedding Sets,0.5,0.3,,5004.5,7705.66,1.86,18.62,9.0,16.76,True,True
36,56,23665,"Cozy Line Home Fashions, Inc.",Jaiden Lawlor,CLHF1336,Kids Bedding Sets,0.49579999999999996,0.05,0.1,320.42,730.24,1.86,0.0,-1.0,-1.86,False,False
36,57,2554,Pem America,Benjamin Hannigan,CANN1235,Bedding Sets,,0.15,0.201,54.18,124.76,1.86,0.0,-1.0,-1.86,False,False
36,58,30347,Lifestyle Group Distribution Inc,Waverly Winterer,KBSU1058,Accent Pillows,,0.2,0.24,259.72,581.7,1.84,0.0,-1.0,-1.84,False,False
36,59,30347,Lifestyle Group Distribution Inc,Waverly Winterer,EVYN3441,Accent Pillows,,0.2,0.24,156.18,341.64,1.84,0.0,-1.0,-1.84,False,False
36,60,30347,Lifestyle Group Distribution Inc,Waverly Winterer,BLMA3639,Accent Pillows,0.5,0.2,0.24,69.46,147.7,1.84,0.0,-1.0,-1.84,False,False
36,61,81366,Aholicdeals Inc,Supplier Service Desk,AOAI1258,Sheets & Pillowcases,0.5,0.09,0.11,240.5,535.81,1.83,16.32,7.9034,14.49,True,True
36,62,27315,CAN_Beco Industries,Paige Beattie,BCHO1741,Kids Bedding Sets,0.5,0.15,0.25,306.0,636.82,1.83,0.0,-1.0,-1.83,False,False
36,63,41493,HUI Resource,Supplier Service Desk,PBHM3140,Accent Pillows,,0.3,0.4,61.6,131.97,1.82,0.0,-1.0,-1.82,False,False
36,64,40013,Phantoscope,Jessica Gu,PHSC1047,Accent Pillows,0.4595,0.06,0.08,526.84,1888.78,1.82,21.07,10.5897,19.25,True,True
37,1,1987,JLA Home,Missy Paragamian,MITN5067,Bedding Sets,0.5,0.2,0.4703,868.14,1274.23,1.81,0.0,-1.0,-1.81,False,False
37,2,25843,"Bedshe International Co.,LTD",Rainbow Wu,BDUR1558,Blankets And Throws,0.5,0.33,0.34,2008.82,3926.29,1.81,0.0,-1.0,-1.81,False,False
37,3,1987,JLA Home,Missy Paragamian,THRE8265,Blankets And Throws,,0.17,,508.28,638.19,1.8,0.0,-1.0,-1.8,False,False
37,4,55893,WonderfulCo,lance Zhou,WNTX1153,Bedding Sets,0.5,0.1,,327.19,741.37,1.79,0.0,-1.0,-1.79,False,False
37,5,325542,Thermeez,Supplier Service Desk,ICKO1001,Sheets & Pillowcases,,0.02,,362.3,770.21,1.79,0.0,-1.0,-1.79,False,False
37,6,41493,HUI Resource,Supplier Service Desk,PBHM3792,Accent Pillows,,0.4,0.5,76.8,163.96,1.79,0.0,-1.0,-1.79,False,False
37,7,2554,Pem America,Benjamin Hannigan,SDCM1181,Bedding Sets,0.2,0.225,,275.2,440.51,1.78,16.94,8.5008,15.160000000000002,True,True
37,8,32808,CAN_Cathay Home Inc.,Paige Beattie,CLMN1010,Blankets And Throws,0.5,0.4,0.43,0.0,0.0,1.78,0.0,-1.0,-1.78,False,False
37,9,76232,Kindred Home,Supplier Service Desk,BNDR1180,Accent Pillows,0.2804,0.33039999999999997,,121.5,203.43,1.78,0.0,-1.0,-1.78,False,False
37,10,231496,"TEEMODERN, LLC dba Ethan Taylor",Alex Sarkisian,EHAA2028,Accent Pillows,0.3699,0.27,,239.53,485.73,1.78,0.0,-1.0,-1.78,False,False
37,11,17102,Trade-Linker,Jaiden Lawlor,BBHO1074,Bedding Sets,0.23620000000000002,0.15,,506.28,1045.98,1.77,0.0,-1.0,-1.77,False,False
37,12,107502,QKXB INC,Asia Supplier Service Desk,JHAA1130,Accent Pillows,,0.2167,0.1,112.8,261.94,1.77,0.0,-1.0,-1.77,False,False
37,13,12684,Bargain Online Shops LLC,Jaiden Lawlor,SSFL1627,Bedding Sets,0.5,0.2,,117.45,301.94,1.76,0.0,-1.0,-1.76,False,False
37,14,22695,ELEGANCE LINEN,Benjamin Hannigan,EEGA1607,Sheets & Pillowcases,0.5,0.25,0.3,79.2,185.41,1.76,0.0,-1.0,-1.76,False,False
37,15,27315,CAN_Beco Industries,Paige Beattie,BCHO1694,Bedding Sets,0.5,0.15,0.25,91.8,345.96,1.75,0.0,-1.0,-1.75,False,False
37,16,17102,Trade-Linker,Jaiden Lawlor,BBHO1041,Bedding Sets,0.23620000000000002,0.15,,1048.81,2589.5,1.75,0.0,-1.0,-1.75,False,False
37,17,7344,Victoria Classics,Supplier Service Desk,CRHM9937,Bedding Sets,0.3747,0.17059999999999997,0.2206,289.91,587.76,1.73,0.0,-1.0,-1.73,False,False
37,18,25843,"Bedshe International Co.,LTD",Rainbow Wu,BDUR1364,Sheets & Pillowcases,0.40549999999999997,0.2,0.21,892.61,1049.14,1.73,20.11,10.630999999999998,18.38,True,True
37,19,41493,HUI Resource,Supplier Service Desk,LNPE3305,Accent Pillows,,0.45,0.55,270.39,593.84,1.72,0.0,-1.0,-1.72,False,False
37,20,22695,ELEGANCE LINEN,Benjamin Hannigan,EEGA1630,Sheets & Pillowcases,0.5,0.25,0.3,136.34,259.28,1.72,0.0,-1.0,-1.72,False,False
37,21,41493,HUI Resource,Supplier Service Desk,PBHM3435,Accent Pillows,0.5,0.3,0.4,577.5,1162.26,1.72,22.78,12.2673,21.060000000000002,True,True
37,22,2554,Pem America,Benjamin Hannigan,SDCM1142,Sheets & Pillowcases,0.2183,0.15,0.201,131.33,232.32,1.69,13.82,7.187200000000001,12.13,True,True
37,23,1748,Revman International,Missy Paragamian,ERB1765,Accent Pillows,0.5,0.41859999999999997,,571.57,1013.36,1.69,0.0,-1.0,-1.69,False,False
37,24,27315,CAN_Beco Industries,Paige Beattie,WRG10065,Blankets And Throws,,0.15,0.25,3779.13,6186.99,1.68,0.0,-1.0,-1.68,False,False
37,25,1748,Revman International,Missy Paragamian,WRG10099,Blankets And Throws,0.3789,0.22,,344.66,629.08,1.68,0.0,-1.0,-1.68,False,False
37,26,1748,Revman International,Missy Paragamian,BCTS1359,Accent Pillows,,0.22,,114.12,247.35,1.68,0.0,-1.0,-1.68,False,False
37,27,43431,ocean home fashion inc,Asia Supplier Service Desk,MRCL1035,Bedding Sets,0.2,0.11,0.12,973.82,1967.97,1.67,0.0,-1.0,-1.67,False,False
37,28,23665,"Cozy Line Home Fashions, Inc.",Jaiden Lawlor,CLHF1204,Blankets And Throws,0.2,0.05,0.1,889.98,1851.75,1.67,0.0,-1.0,-1.67,False,False
37,29,43431,ocean home fashion inc,Asia Supplier Service Desk,MRCL1017,Kids Bedding Sets,0.2,0.11,0.12,958.4,1742.78,1.66,0.0,-1.0,-1.66,False,False
37,30,1748,Revman International,Missy Paragamian,TBL11166,Bedding Sets,0.3144,0.1364,,1862.22,3175.06,1.65,0.0,-1.0,-1.65,False,False
37,31,27315,CAN_Beco Industries,Paige Beattie,BCHO1691,Bedding Sets,0.5,0.15,0.25,37.5,100.22,1.65,0.0,-1.0,-1.65,False,False
37,32,7344,Victoria Classics,Supplier Service Desk,OPHL9424,Bedding Sets,0.428,0.1691,0.2191,91.95,186.18,1.63,0.0,-1.0,-1.63,False,False
37,33,81366,Aholicdeals Inc,Supplier Service Desk,AOAI1415,Sheets & Pillowcases,0.2675,0.09,0.11,88.16,183.95,1.63,0.0,-1.0,-1.63,False,False
37,34,14580,Amrapur Overseas Inc.,Jaiden Lawlor,ANDV4731,Bedding Sets,0.3651,0.1,0.15,75.0,172.08,1.62,0.0,-1.0,-1.62,False,False
37,35,37327,Instyle Products Corp,Rikki Sartor,CHRL8246,Bed Skirts,0.5,0.32,,562.88,1454.79,1.62,29.3,17.108800000000002,27.68,True,True
37,36,7344,Victoria Classics,Supplier Service Desk,MCRW5915,Bedding Sets,0.4804,0.1261,0.1761,1745.83,3410.89,1.61,56.03,33.715,54.42,True,True
37,37,76232,Kindred Home,Supplier Service Desk,BNDR1204,Bedding Sets,0.2,0.1518,,66.53,209.88,1.61,0.0,-1.0,-1.61,False,False
37,38,352358,"Shenzhen Eden Grove Decoration Co., LTD",Asia Supplier Service Desk,EENK1001,Accent Pillows,0.4999,0.12,0.15,389.89,667.4,1.61,0.0,-1.0,-1.61,False,False
37,39,81366,Aholicdeals Inc,Supplier Service Desk,AOAI1267,Sheets & Pillowcases,0.5,0.08,0.11,124.27,251.92,1.6,0.0,-1.0,-1.6,False,False
37,40,44480,"Whole Linens, Inc.",Supplier Service Desk,MDWP1331,Bedding Sets,0.5,0.49,0.5,341.82,615.99,1.59,0.0,-1.0,-1.59,False,False
37,41,23665,"Cozy Line Home Fashions, Inc.",Jaiden Lawlor,CLHF1206,Blankets And Throws,0.2803,0.05,0.1,714.64,1463.61,1.59,0.0,-1.0,-1.59,False,False
37,42,1987,JLA Home,Missy Paragamian,THRE9286,Sheets & Pillowcases,,0.2,0.4561,274.09,324.7,1.59,0.0,-1.0,-1.59,False,False
37,43,7344,Victoria Classics,Supplier Service Desk,BGLS6893,Bedding Sets,0.2,0.09140000000000001,,653.59,1198.89,1.58,0.0,-1.0,-1.58,False,False
37,44,32808,CAN_Cathay Home Inc.,Paige Beattie,DRVU1352,Blankets And Throws,0.5,0.4,0.43,57.82,126.54,1.58,0.0,-1.0,-1.58,False,False
37,45,22695,ELEGANCE LINEN,Benjamin Hannigan,EEGA1803,Sheets & Pillowcases,,0.25,0.3,81.72,291.3,1.57,0.0,-1.0,-1.57,False,False
37,46,231496,"TEEMODERN, LLC dba Ethan Taylor",Alex Sarkisian,EHAA2570,Accent Pillows,,0.27,,239.53,380.61,1.55,0.0,-1.0,-1.55,False,False
37,47,231496,"TEEMODERN, LLC dba Ethan Taylor",Alex Sarkisian,EHAJ9664,Accent Pillows,,0.23,,79.95,155.97,1.55,0.0,-1.0,-1.55,False,False
37,48,120032,Oveesha L.L.C.,Supplier Service Desk,OEES1376,Accent Pillows,,0.2,,15.99,38.99,1.54,0.0,-1.0,-1.54,False,False
37,49,41493,HUI Resource,Supplier Service Desk,PBHM3500,Accent Pillows,,0.45,0.55,195.0,437.89,1.53,0.0,-1.0,-1.53,False,False
37,50,41493,HUI Resource,Supplier Service Desk,PBHM3654,Accent Pillows,0.5,0.5,0.6,82.5,136.95,1.53,0.0,-1.0,-1.53,False,False
37,51,41493,HUI Resource,Supplier Service Desk,BYIL2856,Accent Pillows,,0.5,0.6,34.48,119.35,1.53,0.0,-1.0,-1.53,False,False
37,52,41493,HUI Resource,Supplier Service Desk,ACOT7604,Accent Pillows,,0.5,0.6,36.21,108.9,1.53,0.0,-1.0,-1.53,False,False
37,53,27315,CAN_Beco Industries,Paige Beattie,BCHO1717,Bedding Sets,0.5,0.15,0.25,358.9,1094.37,1.53,0.0,-1.0,-1.53,False,False
37,54,24696,Daniel Linen/Home Sweet Home Dreams Inc.,Supplier Service Desk,HSHD1429,Sheets & Pillowcases,0.2,0.03,0.031,91.2,180.96,1.53,0.0,-1.0,-1.53,False,False
37,55,81366,Aholicdeals Inc,Supplier Service Desk,AOAI1505,Sheets & Pillowcases,0.33899999999999997,0.1,0.11,574.56,1183.86,1.52,0.0,-1.0,-1.52,False,False
37,56,41493,HUI Resource,Supplier Service Desk,PBHM3440,Accent Pillows,,0.4,0.45,62.5,145.96,1.51,0.0,-1.0,-1.51,False,False
37,57,41493,HUI Resource,Supplier Service Desk,PBHM3180,Accent Pillows,0.5,0.4,0.45,192.5,394.21,1.51,0.0,-1.0,-1.51,False,False
37,58,17102,Trade-Linker,Jaiden Lawlor,AAHX1010,Bedding Sets,0.2024,0.12,,83.7,187.3,1.5,0.0,-1.0,-1.5,False,False
37,59,41493,HUI Resource,Supplier Service Desk,PBHM2081,Accent Pillows,,0.45,0.55,24.99,25.99,1.5,0.0,-1.0,-1.5,False,False
37,60,81366,Aholicdeals Inc,Supplier Service Desk,AOAI1511,Sheets & Pillowcases,,0.09,0.11,53.63,109.18,1.5,0.0,-1.0,-1.5,False,False
37,61,44480,"Whole Linens, Inc.",Supplier Service Desk,MDWP1328,Bedding Sets,0.5,0.44049999999999995,0.4905,523.99,807.25,1.49,0.0,-1.0,-1.49,False,False
37,62,1748,Revman International,Missy Paragamian,TBL11085,Blankets And Throws,0.27940000000000004,0.27,,644.85,1017.44,1.48,0.0,-1.0,-1.48,False,False
37,63,107502,QKXB INC,Asia Supplier Service Desk,JHAA1201,Accent Pillows,,0.1316,0.1,81.55,155.94,1.46,0.0,-1.0,-1.46,False,False
37,64,23665,"Cozy Line Home Fashions, Inc.",Jaiden Lawlor,CLHF1120,Accent Pillows,,0.05,0.1,29.76,58.57,1.46,0.0,-1.0,-1.46,False,False
38,1,1452,Loloi Rugs,Alex Melius,ABEH1213,Accent Pillows,0.3889,0.0412,0.09119999999999999,445.15,824.16,1.46,0.0,-1.0,-1.46,False,False
38,2,81366,Aholicdeals Inc,Supplier Service Desk,AOAI1326,Sheets & Pillowcases,0.5,0.08,0.11,244.9,566.81,1.46,0.0,-1.0,-1.46,False,False
38,3,1452,Loloi Rugs,Alex Melius,KBPK4727,Accent Pillows,,0.0661,0.1162,94.82,274.4,1.45,0.0,-1.0,-1.45,False,False
38,4,1748,Revman International,Missy Paragamian,WRG10018,Blankets And Throws,0.48219999999999996,0.27,,103.87,226.04,1.44,0.0,-1.0,-1.44,False,False
38,5,1748,Revman International,Missy Paragamian,KCN10157,Blankets And Throws,0.40659999999999996,0.4826,,378.62,760.21,1.44,0.0,-1.0,-1.44,False,False
38,6,1748,Revman International,Missy Paragamian,BCTS1332,Blankets And Throws,0.312,0.1509,,75.0,125.72,1.44,0.0,-1.0,-1.44,False,False
38,7,20128,"SLNY Home INC, DBA Spirit Linen",Supplier Service Desk,SPLI1030,Sheets & Pillowcases,0.3583,0.15,0.15,462.91,966.73,1.43,14.71,9.2723,13.280000000000001,True,True
38,8,23665,"Cozy Line Home Fashions, Inc.",Jaiden Lawlor,CLHF1231,Accent Pillows,,0.05,0.1,102.12,205.89,1.43,0.0,-1.0,-1.43,False,False
38,9,228805,IMPERIAL HOMEWARE LONDO,NS LuIpMpIlTieEr DService Desk,IPCR1000,Bedding Sets,,0.1,,13.5,41.99,1.43,0.0,-1.0,-1.43,False,False
38,10,12684,Bargain Online Shops LLC,Jaiden Lawlor,SSFL1467,Bedding Sets,0.2248,0.1,,259.6,530.53,1.43,0.0,-1.0,-1.43,False,False
38,11,23665,"Cozy Line Home Fashions, Inc.",Jaiden Lawlor,CLHF1354,Accent Pillows,,0.05,0.1,28.58,59.05,1.4,0.0,-1.0,-1.4,False,False
38,12,20128,"SLNY Home INC, DBA Spirit Linen",Supplier Service Desk,SPLI1033,Sheets & Pillowcases,0.37060000000000004,0.17,0.17,292.72,574.37,1.4,0.0,-1.0,-1.4,False,False
38,13,1987,JLA Home,Missy Paragamian,NCWA2774,Bedding Sets,0.47159999999999996,0.12,0.5,3614.69,6137.59,1.4,57.37,40.0666,55.97,True,True
38,14,41493,HUI Resource,Supplier Service Desk,PBHM3055,Accent Pillows,0.5,0.4,0.45,355.25,677.35,1.4,0.0,-1.0,-1.4,False,False
38,15,231496,"TEEMODERN, LLC dba Ethan Taylor",Alex Sarkisian,EHAJ9641,Accent Pillows,,0.25,,58.5,223.96,1.37,0.0,-1.0,-1.37,False,False
38,16,81366,Aholicdeals Inc,Supplier Service Desk,AOAI1185,Sheets & Pillowcases,0.5,0.09,0.11,103.2,243.92,1.37,0.0,-1.0,-1.37,False,False
38,17,41493,HUI Resource,Supplier Service Desk,PBHM2476,Accent Pillows,0.5,0.4,0.45,260.68,390.9,1.37,0.0,-1.0,-1.37,False,False
38,18,17102,Trade-Linker,Jaiden Lawlor,BMCM1003,Sheets & Pillowcases,0.2594,0.12,,843.87,2308.62,1.37,0.0,-1.0,-1.37,False,False
38,19,20128,"SLNY Home INC, DBA Spirit Linen",Supplier Service Desk,SPLI1218,Sheets & Pillowcases,0.3583,0.15,0.15,92.38,220.94,1.36,0.0,-1.0,-1.36,False,False
38,20,23665,"Cozy Line Home Fashions, Inc.",Jaiden Lawlor,CLHF1125,Accent Pillows,,0.05,0.1,218.83,515.82,1.35,0.0,-1.0,-1.35,False,False
38,21,27315,CAN_Beco Industries,Paige Beattie,BCHO1672,Bedding Sets,0.5,0.15,0.25,459.54,1368.38,1.35,0.0,-1.0,-1.35,False,False
38,22,22695,ELEGANCE LINEN,Benjamin Hannigan,WRLO6619,Sheets & Pillowcases,0.5,0.25,0.3,160.8,425.54,1.35,0.0,-1.0,-1.35,False,False
38,23,107502,QKXB INC,Asia Supplier Service Desk,JHAA1118,Accent Pillows,0.4905,0.35,0.1,410.3,745.29,1.34,26.88,19.0,25.54,True,True
38,24,32808,CAN_Cathay Home Inc.,Paige Beattie,DRVU1355,Blankets And Throws,0.5,0.4,0.43,769.73,1426.92,1.34,0.0,-1.0,-1.34,False,False
38,25,32808,CAN_Cathay Home Inc.,Paige Beattie,DRVU1267,Bedding Sets,0.5,0.4,0.43,29.04,76.32,1.34,0.0,-1.0,-1.34,False,False
38,26,41493,HUI Resource,Supplier Service Desk,PBHM3113,Accent Pillows,,0.35,0.45,161.7,468.64,1.33,0.0,-1.0,-1.33,False,False
38,27,24696,Daniel Linen/Home Sweet Home Dreams Inc.,Supplier Service Desk,HSHD1306,Sheets & Pillowcases,0.20190000000000002,0.03,0.031,79.8,155.28,1.3,0.0,-1.0,-1.3,False,False
38,28,1748,Revman International,Missy Paragamian,DRQH2117,Bedding Sets,,0.2843,,302.97,766.97,1.29,0.0,-1.0,-1.29,False,False
38,29,55893,WonderfulCo,lance Zhou,WNTX1060,Bedding Sets,0.5,0.1,,61.93,178.42,1.29,0.0,-1.0,-1.29,False,False
38,30,55893,WonderfulCo,lance Zhou,WNTX1034,Bedding Sets,0.5,0.1,,78.21,209.77,1.28,0.0,-1.0,-1.28,False,False
38,31,1987,JLA Home,Missy Paragamian,RBSE3564,Sheets & Pillowcases,0.5,0.15,0.3972,290.65,587.47,1.28,0.0,-1.0,-1.28,False,False
38,32,23665,"Cozy Line Home Fashions, Inc.",Jaiden Lawlor,CLHF1187,Accent Pillows,,0.05,0.1,397.86,911.4,1.26,0.0,-1.0,-1.26,False,False
38,33,41493,HUI Resource,Supplier Service Desk,PBHM3177,Accent Pillows,0.5,0.3,0.4,267.8,547.48,1.24,0.0,-1.0,-1.24,False,False
38,34,1987,JLA Home,Missy Paragamian,BADI1211,Sheets & Pillowcases,0.4509,0.17,0.5,101.94,204.34,1.22,0.0,-1.0,-1.22,False,False
38,35,37327,Instyle Products Corp,Rikki Sartor,KBST1261,Sheets & Pillowcases,,0.36,,42.6,103.96,1.21,0.0,-1.0,-1.21,False,False
38,36,1452,Loloi Rugs,Alex Melius,KBPK4866,Accent Pillows,,0.0233,0.0733,123.8,205.2,1.21,0.0,-1.0,-1.21,False,False
38,37,24696,Daniel Linen/Home Sweet Home Dreams Inc.,Supplier Service Desk,HSHD1394,Sheets & Pillowcases,0.2,0.03,0.031,21.86,64.97,1.21,0.0,-1.0,-1.21,False,False
38,38,43431,ocean home fashion inc,Asia Supplier Service Desk,MRCL1098,Accent Pillows,,0.11,0.12,59.28,127.93,1.21,0.0,-1.0,-1.21,False,False
38,39,41493,HUI Resource,Supplier Service Desk,LOPK1504,Accent Pillows,,0.3,0.4,82.21,171.21,1.2,0.0,-1.0,-1.2,False,False
38,40,1748,Revman International,Missy Paragamian,KCN10047,Accent Pillows,0.49,0.204,,520.49,1158.61,1.2,0.0,-1.0,-1.2,False,False
38,41,41493,HUI Resource,Supplier Service Desk,PBHM2093,Accent Pillows,0.5,0.45,0.55,174.44,343.23,1.19,0.0,-1.0,-1.19,False,False
38,42,25351,Beco Industries,Jaiden Lawlor,BCHO1621,Bedding Sets,0.5,0.1,0.2,40.56,163.71,1.18,0.0,-1.0,-1.18,False,False
38,43,228805,IMPERIAL HOMEWARE LONDO,NS LuIpMpIlTieEr DService Desk,IPCR1017,Sheets & Pillowcases,0.5,0.1,,54.02,141.54,1.16,0.0,-1.0,-1.16,False,False
38,44,72878,WW Sheets,Jaiden Lawlor,QCRE1009,Bedding Accessories,,0.2,0.21,229.8,478.94,1.15,0.0,-1.0,-1.15,False,False
38,45,348967,Nanyang Dingjiayue Shangmao Youxiansi,Jessica Gu,WAGS1051,Bedding Sets,,0.15,,144.0,200.97,1.15,0.0,-1.0,-1.15,False,False
38,46,23665,"Cozy Line Home Fashions, Inc.",Jaiden Lawlor,CLHF1050,Accent Pillows,0.2,0.05,0.1,946.38,2022.49,1.15,0.0,-1.0,-1.15,False,False
38,47,1748,Revman International,Missy Paragamian,KBFC2882,Blankets And Throws,,0.1245,,150.6,190.0,1.15,10.38,8.0261,9.23,True,True
38,48,1748,Revman International,Missy Paragamian,QO10474,Bedding Sets,,0.21660000000000001,,237.6,364.17,1.14,0.0,-1.0,-1.14,False,False
38,49,120487,Zainitex Inc,Supplier Service Desk,RVAN1180,Sheets & Pillowcases,0.5,0.15,0.5,114.15,445.1,1.12,0.0,-1.0,-1.12,False,False
38,50,63138,"Changshu Youthsky Import Export Co.,Ltd",Jessica Gu,SEPL1101,Kids Bedding Sets,,0.05,0.05,388.5,500.68,1.11,0.0,-1.0,-1.11,False,False
38,51,2554,Pem America,Benjamin Hannigan,SDCM1265,Bedding Sets,,0.35,0.389,82.21,132.98,1.11,0.0,-1.0,-1.11,False,False
38,52,41493,HUI Resource,Supplier Service Desk,PBHM2035,Accent Pillows,0.5,0.5,0.6,48.51,131.95,1.1,0.0,-1.0,-1.1,False,False
38,53,228805,IMPERIAL HOMEWARE LONDO,NS LuIpMpIlTieEr DService Desk,IPCR1116,Bedding Sets,,0.1,,39.68,111.96,1.1,0.0,-1.0,-1.1,False,False
38,54,22695,ELEGANCE LINEN,Benjamin Hannigan,EEGA1619,Sheets & Pillowcases,0.5,0.25,0.3,85.5,201.54,1.09,17.01,14.543199999999999,15.920000000000002,True,True
38,55,228805,IMPERIAL HOMEWARE LONDO,NS LuIpMpIlTieEr DService Desk,IPCR1114,Bedding Sets,,0.1,,80.64,195.7,1.09,17.56,15.1249,16.47,True,True
38,56,14913,"EVERREST US, LLC",Rikki Sartor,BKSI1506,Sheets & Pillowcases,0.5,0.8038,0.8538,162.78,267.95,1.07,0.0,-1.0,-1.07,False,False
38,57,25843,"Bedshe International Co.,LTD",Rainbow Wu,BDUR2362,Bedding Sets,0.47409999999999997,0.04,0.07,1684.79,1785.24,1.07,0.0,-1.0,-1.07,False,False
38,58,228805,IMPERIAL HOMEWARE LONDO,NS LuIpMpIlTieEr DService Desk,IPCR1050,Bedding Sets,0.43329999999999996,0.1,,51.36,185.45,1.06,0.0,-1.0,-1.06,False,False
38,59,1987,JLA Home,Missy Paragamian,MECY2525,Bedding Sets,0.47159999999999996,0.15,0.34840000000000004,3146.68,4690.09,1.06,0.0,-1.0,-1.06,False,False
38,60,2554,Pem America,Benjamin Hannigan,SDCM1148,Blankets And Throws,0.258,0.25,0.295,447.88,839.87,1.04,30.31,28.1723,29.27,True,True
38,61,22695,ELEGANCE LINEN,Benjamin Hannigan,EEGA1802,Bedding Sets,0.2,0.25,0.3,49.03,99.35,1.04,0.0,-1.0,-1.04,False,False
38,62,32808,CAN_Cathay Home Inc.,Paige Beattie,DRVU1382,Sheets & Pillowcases,0.4806,0.4,0.43,110.39,272.06,1.02,0.0,-1.0,-1.02,False,False
38,63,22695,ELEGANCE LINEN,Benjamin Hannigan,ANDV3021,Bedding Sets,,0.25,0.3,63.0,107.44,1.02,0.0,-1.0,-1.02,False,False
38,64,22695,ELEGANCE LINEN,Benjamin Hannigan,EEGA1508,Bed Skirts,0.496,0.25,0.3,38.5,90.96,1.01,0.0,-1.0,-1.01,False,False
39,1,120032,Oveesha L.L.C.,Supplier Service Desk,OEES1510,Accent Pillows,,0.2,,173.3,480.8,1.0,0.0,-1.0,-1.0,False,False
39,2,43431,ocean home fashion inc,Asia Supplier Service Desk,MRCL1085,Bedding Sets,0.5,0.11,0.12,31.5,73.96,0.98,0.0,-1.0,-0.98,False,False
39,3,41493,HUI Resource,Supplier Service Desk,PBHM3703,Accent Pillows,0.5,0.4,0.5,48.8,150.13,0.97,0.0,-1.0,-0.97,False,False
39,4,1748,Revman International,Missy Paragamian,TMBH1224,Accent Pillows,,0.2492,,177.16,466.78,0.96,0.0,-1.0,-0.96,False,False
39,5,406213,Kensington Homeware US LLC,Supplier Service Desk,KGSI1003,Bedding Sets,0.24539999999999998,0.1,,21.42,86.72,0.96,0.0,-1.0,-0.96,False,False
39,6,22695,ELEGANCE LINEN,Benjamin Hannigan,EEGA1672,Sheets & Pillowcases,0.20199999999999999,0.25,0.3,292.5,515.68,0.94,0.0,-1.0,-0.94,False,False
39,7,1452,Loloi Rugs,Alex Melius,KBPK4726,Accent Pillows,,0.01,0.06,13.0,20.99,0.93,0.0,-1.0,-0.93,False,False
39,8,22695,ELEGANCE LINEN,Benjamin Hannigan,CLLI1003,Sheets & Pillowcases,0.3187,0.25,0.3,233.6,419.92,0.93,0.0,-1.0,-0.93,False,False
39,9,1748,Revman International,Missy Paragamian,KCN10134,Blankets And Throws,0.4914,0.1192,,123.34,219.72,0.92,0.0,-1.0,-0.92,False,False
39,10,40013,Phantoscope,Jessica Gu,PHSC2317,Accent Pillows,,0.18,0.2,104.54,262.9,0.91,0.0,-1.0,-0.91,False,False
39,11,22695,ELEGANCE LINEN,Benjamin Hannigan,EEGA1539,Bedding Sets,,0.25,0.3,72.38,97.96,0.91,0.0,-1.0,-0.91,False,False
39,12,41493,HUI Resource,Supplier Service Desk,THLY4186,Accent Pillows,,0.45,0.55,9.7,27.99,0.9,0.0,-1.0,-0.9,False,False
39,13,1987,JLA Home,Missy Paragamian,OPHL2713,Bedding Sets,0.5,0.12,0.3109,3347.69,4080.13,0.89,0.0,-1.0,-0.89,False,False
39,14,22695,ELEGANCE LINEN,Benjamin Hannigan,EEGA1816,Bedding Sets,,0.25,0.3,67.2,160.94,0.88,0.0,-1.0,-0.88,False,False
39,15,22695,ELEGANCE LINEN,Benjamin Hannigan,CLLI1012,Bedding Sets,0.493,0.25,0.3,22.4,55.98,0.88,0.0,-1.0,-0.88,False,False
39,16,1748,Revman International,Missy Paragamian,TRPT6288,Bedding Sets,0.2,0.22,,1341.97,1707.74,0.87,46.21,51.9412,45.34,True,True
39,17,228805,IMPERIAL HOMEWARE LONDO,NS LuIpMpIlTieEr DService Desk,IPCR1057,Bedding Sets,0.38909999999999995,0.1,,251.08,625.56,0.87,0.0,-1.0,-0.87,False,False
39,18,22695,ELEGANCE LINEN,Benjamin Hannigan,EEGA1531,Sheets & Pillowcases,,0.25,0.3,48.0,111.96,0.86,0.0,-1.0,-0.86,False,False
39,19,1748,Revman International,Missy Paragamian,ERB10918,Blankets And Throws,0.5,0.35710000000000003,,8497.34,16530.31,0.86,0.0,-1.0,-0.86,False,False
39,20,348967,Nanyang Dingjiayue Shangmao Youxiansi,Jessica Gu,WAGS1121,Bedding Sets,,0.15,,220.0,339.62,0.85,0.0,-1.0,-0.85,False,False
39,21,76232,Kindred Home,Supplier Service Desk,BNDR1202,Bedding Sets,,0.1518,,51.35,158.11,0.85,0.0,-1.0,-0.85,False,False
39,22,41493,HUI Resource,Supplier Service Desk,WLDM8195,Accent Pillows,,0.3,0.4,53.9,158.24,0.84,0.0,-1.0,-0.84,False,False
39,23,1748,Revman International,Missy Paragamian,TMBH1213,Bedding Sets,0.2643,0.24719999999999998,,1203.65,1906.92,0.83,0.0,-1.0,-0.83,False,False
39,24,40013,Phantoscope,Jessica Gu,PHSC1330,Accent Pillows,0.42310000000000003,0.2,0.22,599.2,1532.45,0.8,0.0,-1.0,-0.8,False,False
39,25,12684,Bargain Online Shops LLC,Jaiden Lawlor,SSFL1248,Sheets & Pillowcases,,0.1,,53.6,96.84,0.76,0.0,-1.0,-0.76,False,False
39,26,22695,ELEGANCE LINEN,Benjamin Hannigan,EEGA1628,Bed Skirts,0.44060000000000005,0.25,0.3,190.79,506.09,0.75,4.72,5.2599,3.9699999999999998,True,True
39,27,22695,ELEGANCE LINEN,Benjamin Hannigan,EEGA1647,Bed Skirts,0.5,0.25,0.3,78.75,239.2,0.75,0.0,-1.0,-0.75,False,False
39,28,1748,Revman International,Missy Paragamian,KCN10151,Bedding Sets,0.2225,0.22,,806.16,1227.43,0.72,0.0,-1.0,-0.72,False,False
39,29,43431,ocean home fashion inc,Asia Supplier Service Desk,MRCL1081,Accent Pillows,0.3321,0.11,0.12,169.4,426.53,0.72,0.0,-1.0,-0.72,False,False
39,30,41493,HUI Resource,Supplier Service Desk,PBHM3509,Accent Pillows,,0.45,0.55,59.4,107.8,0.71,0.0,-1.0,-0.71,False,False
39,31,27315,CAN_Beco Industries,Paige Beattie,BCHO1638,Bedding Sets,0.5,0.15,0.25,144.48,444.86,0.71,0.0,-1.0,-0.71,False,False
39,32,22695,ELEGANCE LINEN,Benjamin Hannigan,EEGA1806,Sheets & Pillowcases,,0.25,0.3,35.25,63.6,0.7,0.0,-1.0,-0.7,False,False
39,33,231496,"TEEMODERN, LLC dba Ethan Taylor",Alex Sarkisian,EHAJ7255,Accent Pillows,,0.27,,217.76,370.17,0.69,0.0,-1.0,-0.69,False,False
39,34,25843,"Bedshe International Co.,LTD",Rainbow Wu,BDUR1638,Sheets & Pillowcases,0.5,0.2,0.21,383.26,550.0,0.68,0.0,-1.0,-0.68,False,False
39,35,22695,ELEGANCE LINEN,Benjamin Hannigan,BANJ4431,Bed Skirts,0.2,0.25,0.3,88.69,306.13,0.67,0.0,-1.0,-0.67,False,False
39,36,41493,HUI Resource,Supplier Service Desk,PBHM1999,Accent Pillows,,0.4,0.45,71.74,156.57,0.66,0.0,-1.0,-0.66,False,False
39,37,231496,"TEEMODERN, LLC dba Ethan Taylor",Alex Sarkisian,EHAA7151,Accent Pillows,0.3906,0.27,,342.74,518.85,0.64,0.0,-1.0,-0.64,False,False
39,38,231496,"TEEMODERN, LLC dba Ethan Taylor",Alex Sarkisian,EHAJ7521,Accent Pillows,,0.23,,26.65,51.99,0.64,0.0,-1.0,-0.64,False,False
39,39,22695,ELEGANCE LINEN,Benjamin Hannigan,ZPCD4171,Bedding Sets,,0.25,0.3,137.28,278.4,0.63,0.0,-1.0,-0.63,False,False
39,40,120032,Oveesha L.L.C.,Supplier Service Desk,OEES1508,Accent Pillows,,0.35,,12.0,49.98,0.62,0.0,-1.0,-0.62,False,False
39,41,1748,Revman International,Missy Paragamian,KCN10150,Bedding Sets,0.3353,0.22,,492.61,671.52,0.62,0.0,-1.0,-0.62,False,False
39,42,27315,CAN_Beco Industries,Paige Beattie,BCHO1604,Bedding Sets,0.5,0.15,0.25,28.35,224.51,0.62,0.0,-1.0,-0.62,False,False
39,43,1987,JLA Home,Missy Paragamian,NCWA2591,Bedding Sets,0.3862,0.25,0.48710000000000003,461.48,748.27,0.61,0.0,-1.0,-0.61,False,False
39,44,22695,ELEGANCE LINEN,Benjamin Hannigan,EEGA1109,Sheets & Pillowcases,,0.25,0.3,42.0,72.54,0.58,0.0,-1.0,-0.58,False,False
39,45,2554,Pem America,Benjamin Hannigan,FEFA1018,Sheets & Pillowcases,0.2582,0.15,0.201,74.94,174.98,0.57,0.0,-1.0,-0.57,False,False
39,46,41493,HUI Resource,Supplier Service Desk,PBHM3136,Accent Pillows,0.5,0.3,0.35,313.0,749.28,0.57,0.0,-1.0,-0.57,False,False
39,47,2554,Pem America,Benjamin Hannigan,SDCM1370,Sheets & Pillowcases,,0.225,,91.69,228.84,0.57,0.0,-1.0,-0.57,False,False
39,48,1748,Revman International,Missy Paragamian,NAL1844,Bedding Sets,0.5,0.0839,,780.15,1020.49,0.55,0.0,-1.0,-0.55,False,False
39,49,1987,JLA Home,Missy Paragamian,BDIS1506,Bedding Sets,0.47159999999999996,0.12,0.5,11635.97,14571.79,0.55,0.0,-1.0,-0.55,False,False
39,50,22695,ELEGANCE LINEN,Benjamin Hannigan,EEGA1366,Bedding Sets,,0.25,0.3,27.37,52.94,0.5,0.0,-1.0,-0.5,False,False
39,51,1748,Revman International,Missy Paragamian,KCN10124,Blankets And Throws,0.3651,0.22,,723.68,1044.67,0.47,0.0,-1.0,-0.47,False,False
39,52,25351,Beco Industries,Jaiden Lawlor,BCHO1661,Bedding Sets,0.5,0.1,0.2,111.0,593.0,0.44,0.0,-1.0,-0.44,False,False
39,53,1987,JLA Home,Missy Paragamian,NGIN1169,Bedding Sets,0.4965,0.17,0.309,535.29,811.77,0.43,0.0,-1.0,-0.43,False,False
39,54,1748,Revman International,Missy Paragamian,MBVB1973,Bedding Sets,,0.22,,136.0,235.96,0.4,0.0,-1.0,-0.4,False,False
39,55,14913,"EVERREST US, LLC",Rikki Sartor,ANEW3789,Sheets & Pillowcases,0.5,0.9139,0.9639,0.95,16.99,0.4,0.0,-1.0,-0.4,False,False
39,56,1987,JLA Home,Missy Paragamian,HUH1801,Accent Pillows,0.4661,0.15,0.389,3174.04,5878.22,0.34,0.0,-1.0,-0.34,False,False
39,57,41493,HUI Resource,Supplier Service Desk,PBHM3778,Accent Pillows,,0.4,0.5,144.0,319.72,0.33,0.0,-1.0,-0.33,False,False
39,58,30347,Lifestyle Group Distribution Inc,Waverly Winterer,UNOR2421,Accent Pillows,0.5,0.2,0.24,357.76,754.57,0.32,0.0,-1.0,-0.32,False,False
39,59,1748,Revman International,Missy Paragamian,MSTT6713,Bedding Accessories,,0.11449999999999999,,122.64,222.95,0.31,0.0,-1.0,-0.31,False,False
39,60,30347,Lifestyle Group Distribution Inc,Waverly Winterer,BGLS1070,Blankets And Throws,0.5,0.25,0.28,616.79,922.53,0.3,0.0,-1.0,-0.3,False,False
39,61,30347,Lifestyle Group Distribution Inc,Waverly Winterer,STSS4971,Accent Pillows,,0.2,0.24,252.28,363.99,0.3,0.0,-1.0,-0.3,False,False
39,62,1748,Revman International,Missy Paragamian,KCN10126,Blankets And Throws,0.5,0.5292,,120.87,227.87,0.3,0.0,-1.0,-0.3,False,False
39,63,25843,"Bedshe International Co.,LTD",Rainbow Wu,BDUR2601,Bedding Sets,0.5,0.25,0.28,755.62,916.31,0.27,0.0,-1.0,-0.27,False,False
39,64,30347,Lifestyle Group Distribution Inc,Waverly Winterer,NTRL2748,Accent Pillows,0.5,0.2,0.24,1913.79,3125.78,0.27,58.27,217.2397,58.0,True,True
40,1,12684,Bargain Online Shops LLC,Jaiden Lawlor,SSFL1700,Bedding Sets,0.2,0.1,,327.8,658.41,0.21,0.0,-1.0,-0.21,False,False
40,2,41493,HUI Resource,Supplier Service Desk,PBHM3418,Accent Pillows,0.5,0.3,0.4,528.0,1397.34,0.2,9.76,49.0513,9.56,True,True
40,3,30347,Lifestyle Group Distribution Inc,Waverly Winterer,BLMK2181,Blankets And Throws,,0.2,0.24,222.61,340.78,0.18,0.0,-1.0,-0.18,False,False
40,4,2554,Pem America,Benjamin Hannigan,BDOK1094,Blankets And Throws,0.33649999999999997,0.25,0.295,214.12,540.79,0.17,0.0,-1.0,-0.17,False,False
40,5,30347,Lifestyle Group Distribution Inc,Waverly Winterer,CRLM5539,Blankets And Throws,0.5,0.25,0.28,351.56,594.09,0.13,0.0,-1.0,-0.13,False,False
40,6,12684,Bargain Online Shops LLC,Jaiden Lawlor,SSFL1741,Bedding Sets,0.5,0.1,,3448.0,6504.17,0.04,0.0,-1.0,-0.04,False,False
40,7,1748,Revman International,Missy Paragamian,TBL10417,Bedding Sets,0.3144,0.22,,2412.02,3483.08,0.0,0.0,-1.0,0.0,False,False
40,8,1748,Revman International,Missy Paragamian,KBFC2833,Bedding Sets,0.2643,0.2571,,1745.97,2992.05,0.0,146.03,146029.0,146.03,True,True
40,9,30347,Lifestyle Group Distribution Inc,Waverly Winterer,BBZE6681,Blankets And Throws,0.5,0.25,0.28,630.32,1248.76,0.0,0.0,-1.0,0.0,False,False
40,10,30347,Lifestyle Group Distribution Inc,Waverly Winterer,HMRT3000,Accent Pillows,0.5,0.2,0.24,264.98,480.44,0.0,0.0,-1.0,0.0,False,False
40,11,1748,Revman International,Missy Paragamian,TMBH1247,Bedding Sets,,0.22,,148.5,259.78,0.0,0.0,-1.0,0.0,False,False
